"ERHJAHR";"PUBJAHR";"RELI";"E_KOORD";"N_KOORD";"GMDE";"HIST_GMDE";"BBTOT";"BB11";"BB12";"BB13";"BB14";"BB15";"BB16";"BB21";"BB22";"BB23";"BB24";"BB25";"BB26";"BB27";"BB28";"BB29";"BB30";"BBMTOT";"BBM01";"BBM02";"BBM03";"BBM04";"BBM05";"BBM06";"BBM07";"BBM08";"BBM09";"BBM10";"BBM11";"BBM12";"BBM13";"BBM14";"BBM15";"BBM16";"BBM17";"BBM18";"BBM19";"BBWTOT";"BBW01";"BBW02";"BBW03";"BBW04";"BBW05";"BBW06";"BBW07";"BBW08";"BBW09";"BBW10";"BBW11";"BBW12";"BBW13";"BBW14";"BBW15";"BBW16";"BBW17";"BBW18";"BBW19";"BB41";"BB42";"BB43";"BB44";"BB45";"BB46";"BB51";"BB52";"BB53";"BB54";"BB55";"BB56";"HPTOT";"HP01";"HP02";"HP03";"HP04";"HP05";"HP06";"HPI"
2024;2025;67932357;2679300;1235700;1;13256;12;10;3;3;0;0;0;11;3;6;4;0;3;3;0;0;0;6;0;0;0;0;0;3;0;0;0;0;3;3;3;0;3;0;0;3;0;6;0;0;0;0;0;0;0;0;0;3;0;0;3;0;0;3;0;3;3;0;3;3;7;3;0;12;0;0;0;0;0;0;0;0;0;0;0;0;
2024;2025;67682368;2676800;1236800;2;11742;53;35;18;13;3;4;0;34;7;18;9;0;19;9;3;7;0;27;3;0;0;0;3;3;6;3;4;4;3;3;3;3;0;0;0;0;0;26;0;0;0;3;3;3;0;3;3;0;3;0;4;3;3;3;3;0;3;0;6;9;34;4;0;53;0;0;0;0;0;0;0;0;0;0;0;0;
2024;2025;67782410;2677800;1241000;3;11801;26;21;5;3;0;3;0;20;3;7;11;0;6;3;0;3;0;10;0;0;0;0;0;0;3;3;0;0;3;3;3;3;0;0;3;3;3;16;0;0;3;0;0;0;3;0;3;0;0;3;0;0;0;3;3;3;5;0;3;5;18;3;0;26;0;0;0;0;0;0;0;0;0;0;0;0;
2024;2025;68292331;2682900;1233100;4;11992;24;21;3;3;0;3;0;20;0;11;9;0;4;3;0;3;0;6;0;0;0;0;0;3;0;0;0;3;3;3;0;3;0;3;0;0;0;18;0;0;0;0;0;0;0;3;0;3;3;3;3;3;3;0;0;4;7;3;4;3;14;3;0;23;3;0;0;0;0;0;0;0;0;0;0;0;
2024;2025;67642390;2676400;1239000;5;12249;37;17;20;20;0;0;0;15;0;10;5;0;22;20;0;3;3;28;0;0;0;3;0;3;3;4;6;3;3;3;3;3;0;3;3;0;3;9;0;0;0;0;0;0;3;0;0;0;0;0;0;3;0;3;3;3;3;4;15;4;13;3;0;33;3;0;3;0;0;0;0;0;0;0;0;0;
2024;2025;68242313;2682400;1231300;6;12671;10;10;0;0;0;0;0;6;3;3;3;0;4;4;0;0;0;4;0;3;0;0;0;0;0;0;3;0;0;0;0;0;0;0;0;0;3;6;0;3;3;0;0;0;0;0;3;0;0;0;3;0;0;3;3;0;0;0;4;3;5;0;0;10;0;0;0;0;0;0;0;0;0;0;0;0;
2024;2025;67752309;2677500;1230900;7;12674;10;10;0;0;0;0;0;10;0;5;5;0;0;0;0;0;0;3;0;0;0;0;0;3;3;0;0;0;0;0;0;0;0;3;0;0;0;7;0;0;0;0;0;0;0;0;0;0;0;0;0;3;0;0;3;3;4;0;3;3;8;0;0;10;0;0;0;0;0;0;0;0;0;0;0;0;
2024;2025;67482320;2674800;1232000;8;12738;3;3;0;0;0;0;0;3;0;3;0;0;0;0;0;0;0;3;0;0;0;0;0;0;0;0;0;0;0;0;0;0;0;0;0;3;0;3;0;0;0;0;0;0;0;0;0;0;0;0;0;0;0;0;3;3;0;0;0;0;3;3;0;3;0;0;0;0;0;0;0;0;0;0;0;0;
2024;2025;67762330;2677600;1233000;9;12433;27;27;0;0;0;0;0;23;0;15;8;0;4;3;0;3;0;11;0;0;0;0;0;3;3;0;0;3;3;3;3;0;3;3;3;3;0;16;0;0;0;0;0;0;0;3;3;0;3;3;0;3;3;3;3;3;3;0;3;5;16;3;0;27;0;0;0;0;0;3;0;3;0;0;0;0;1
2024;2025;67512353;2675100;1235300;10;12497;29;26;3;3;0;3;0;25;5;15;5;0;4;3;0;3;0;15;0;0;0;0;3;3;0;3;0;0;3;3;3;0;0;3;0;3;3;14;0;0;0;0;3;0;3;0;0;3;0;0;0;3;0;0;3;3;6;0;4;3;16;6;0;29;0;0;0;0;0;0;0;0;0;0;0;0;
2024;2025;67302372;2673000;1237200;11;13124;13;11;3;3;0;0;0;11;0;9;3;0;3;3;0;0;0;7;0;0;0;0;0;0;0;0;3;0;0;0;0;3;3;0;3;0;3;6;0;0;0;0;0;0;0;3;0;0;0;0;0;0;3;3;3;0;3;3;0;3;9;3;0;12;3;0;0;0;0;0;0;0;0;0;0;0;
2024;2025;68012328;2680100;1232800;12;12891;5;3;3;3;0;3;0;3;0;3;0;0;3;3;0;3;0;3;0;0;0;0;0;0;0;0;0;3;0;0;0;0;0;0;0;0;0;4;0;0;0;0;0;0;3;0;0;0;0;0;0;0;0;0;0;0;3;0;3;3;3;3;0;5;0;0;0;0;0;0;0;0;0;0;0;0;
2024;2025;67952421;2679500;1242100;13;10575;10;9;3;0;3;0;0;8;0;3;5;0;3;3;3;0;0;3;0;0;0;0;0;0;0;3;0;0;0;0;3;0;0;0;3;0;0;7;0;0;0;0;0;0;0;0;0;0;0;0;0;0;0;3;3;3;3;0;3;3;8;0;0;10;0;0;0;0;0;0;0;0;0;0;0;0;
2024;2025;67822437;2678200;1243700;14;13255;35;30;5;3;0;4;0;28;0;18;10;0;7;5;0;3;0;13;0;3;3;3;0;0;3;0;3;0;3;0;0;0;0;3;0;3;3;22;0;0;0;3;0;0;3;0;3;0;0;3;0;3;0;3;3;6;5;0;3;3;25;5;0;35;0;0;0;0;0;0;0;0;0;0;0;0;
2024;2025;69132788;2691300;1278800;22;11862;4;4;0;0;0;0;0;4;3;3;3;0;0;0;0;0;0;3;0;0;0;0;0;0;0;0;0;0;0;0;3;0;0;0;0;3;0;3;0;0;0;0;0;0;0;0;0;0;0;0;0;0;0;0;3;0;3;0;0;0;3;3;0;4;0;0;0;0;0;0;0;0;0;0;0;0;
2024;2025;68722694;2687200;1269400;23;11855;3;3;0;0;0;0;0;3;0;3;0;0;0;0;0;0;0;0;0;0;0;0;0;0;0;0;0;0;0;0;0;0;0;0;0;0;0;3;0;0;0;0;0;0;0;0;0;0;0;0;0;0;0;3;3;3;0;0;3;0;3;3;0;3;0;0;0;0;0;0;0;0;0;0;0;0;
2024;2025;68912670;2689100;1267000;24;15513;5;5;0;0;0;0;0;5;0;3;3;0;0;0;0;0;0;3;0;0;0;0;0;0;0;0;0;0;0;0;0;0;0;3;3;0;0;3;0;0;0;0;0;0;0;0;0;0;0;0;0;3;0;0;3;0;0;0;0;0;4;3;0;5;0;0;0;0;0;0;0;0;0;0;0;0;
2024;2025;68862800;2688600;1280000;25;11573;16;16;0;0;0;0;0;12;3;4;6;0;4;3;0;3;0;6;0;0;0;0;0;0;0;0;0;0;0;0;0;3;3;0;0;3;3;10;0;0;0;0;0;0;0;0;0;0;0;0;0;0;0;0;3;3;5;0;0;3;14;0;0;16;0;0;0;0;0;0;0;0;0;0;0;0;
2024;2025;69102698;2691000;1269800;26;12182;3;3;0;0;0;0;0;0;0;0;0;0;3;3;0;0;0;0;0;0;0;0;0;0;0;0;0;0;0;0;0;0;0;0;0;0;0;3;0;0;0;0;0;0;0;0;0;0;0;3;0;0;0;0;0;0;0;0;0;0;3;0;0;3;0;0;0;0;0;0;0;0;0;0;0;0;
2024;2025;69042830;2690400;1283000;27;11973;19;17;3;3;0;0;0;16;0;4;11;3;3;3;0;0;0;7;0;0;0;0;0;0;0;0;0;3;3;3;0;0;3;3;0;0;0;12;0;0;0;0;3;0;0;3;3;0;0;0;0;0;0;3;3;3;3;3;3;3;14;3;0;18;0;0;3;0;0;0;0;0;0;0;0;0;
2024;2025;68802701;2688000;1270100;28;11997;4;4;0;0;0;0;0;4;3;3;3;0;0;0;0;0;0;3;0;0;0;0;0;0;0;0;0;0;3;0;0;0;0;0;0;0;3;3;0;0;0;0;0;0;0;0;0;0;0;0;0;0;0;0;0;3;0;0;0;3;3;0;0;4;0;0;0;0;0;0;0;0;0;0;0;0;
2024;2025;68942820;2689400;1282000;29;11935;21;18;3;3;0;0;0;17;0;8;9;0;4;4;0;0;0;8;0;0;0;0;0;0;0;0;0;0;0;3;0;0;0;3;3;3;3;13;0;0;0;0;0;0;0;0;0;0;3;0;0;0;0;0;6;4;3;0;0;0;21;0;0;21;0;0;0;0;0;0;0;0;0;0;0;0;
2024;2025;69362687;2693600;1268700;31;12240;18;18;0;0;0;0;0;16;0;11;5;0;3;3;0;3;0;4;0;0;0;0;0;0;0;0;0;0;0;0;0;0;0;3;3;3;3;14;0;0;0;0;0;0;3;0;0;0;0;3;3;0;3;3;3;3;3;0;0;3;15;3;0;18;0;0;0;0;0;0;0;0;0;0;0;0;
2024;2025;69362728;2693600;1272800;33;12699;14;14;0;0;0;0;0;10;0;7;3;0;4;3;3;3;0;4;0;0;0;0;0;0;0;0;0;0;0;3;3;3;0;0;3;0;0;10;0;0;0;0;0;0;0;0;0;0;3;3;3;0;0;3;3;3;3;0;3;3;10;3;0;14;0;0;0;0;0;0;0;0;0;0;0;0;
2024;2025;68982806;2689800;1280600;34;12635;13;13;0;0;0;0;0;11;0;7;4;0;3;3;0;0;0;7;0;0;0;0;0;0;0;0;3;0;3;0;0;0;3;0;3;0;3;6;0;0;0;0;3;0;0;0;0;0;3;0;0;0;0;0;3;3;3;0;3;0;11;3;0;13;0;0;0;0;0;0;0;0;0;0;0;0;
2024;2025;69092757;2690900;1275700;35;12742;4;4;0;0;0;0;0;4;3;3;3;0;0;0;0;0;0;4;0;0;0;0;0;0;3;3;0;0;0;0;3;0;0;0;0;0;0;0;0;0;0;0;0;0;0;0;0;0;0;0;0;0;0;0;0;0;0;0;3;0;3;0;0;4;0;0;0;0;0;0;0;0;0;0;0;0;
2024;2025;69682742;2696800;1274200;37;13128;11;11;0;0;0;0;0;9;0;6;3;0;3;3;0;0;0;6;0;0;0;0;0;0;0;0;0;0;0;3;0;0;0;0;3;3;3;5;0;0;0;0;0;0;0;0;3;0;0;0;0;0;0;0;3;3;3;0;3;3;7;3;0;11;0;0;0;0;0;0;0;0;0;0;0;0;
2024;2025;68772777;2687700;1277700;38;12912;13;12;3;3;0;0;0;13;3;7;4;0;0;0;0;0;0;3;0;0;0;3;0;0;0;0;0;3;0;0;0;0;0;0;0;0;0;11;0;0;0;0;0;0;0;0;0;0;0;0;3;0;0;0;4;4;3;0;3;0;10;3;0;13;0;0;0;0;0;0;0;0;0;0;0;0;
2024;2025;69902706;2699000;1270600;39;10563;3;3;0;0;0;0;0;3;0;3;0;0;3;3;0;0;0;3;0;0;0;0;0;0;0;0;0;0;0;3;0;0;0;0;0;0;0;3;0;0;0;0;0;0;0;0;0;0;0;0;3;0;0;0;0;3;0;0;0;0;3;3;0;3;0;0;0;0;0;0;0;0;0;0;0;0;
2024;2025;69432771;2694300;1277100;40;10898;13;12;3;3;0;0;0;9;0;4;4;3;4;3;0;3;0;4;0;3;0;0;0;0;0;0;3;0;0;0;0;3;0;0;0;0;0;9;0;0;0;0;0;0;0;0;3;0;0;3;0;3;0;3;3;3;3;3;3;0;9;0;0;12;3;0;0;0;0;0;0;0;0;0;0;0;
2024;2025;69682762;2696800;1276200;41;10899;3;3;0;0;0;0;0;3;0;3;0;0;0;0;0;0;0;3;0;0;0;0;0;0;0;0;0;0;3;0;0;0;0;0;0;0;0;0;0;0;0;0;0;0;0;0;0;0;0;0;0;0;0;0;0;0;0;0;0;0;0;3;0;3;0;0;0;0;0;0;0;0;0;0;0;0;
2024;2025;68932700;2689300;1270000;43;10365;3;3;0;0;0;0;0;3;0;3;0;0;0;0;0;0;0;0;0;0;0;0;0;0;0;0;0;0;0;0;0;0;0;0;0;0;0;3;0;0;0;0;0;0;0;0;0;0;3;0;0;0;0;0;0;0;0;0;0;0;0;3;0;3;0;0;0;0;0;0;0;0;0;0;0;0;
2024;2025;68362620;2683600;1262000;51;11683;29;24;5;3;3;3;0;20;3;12;7;0;9;6;3;3;0;12;0;0;0;0;0;3;0;0;3;3;3;3;0;3;0;3;3;3;3;17;0;0;0;0;0;0;0;0;0;3;3;0;0;0;3;3;4;3;6;0;3;6;22;0;0;29;0;0;0;0;0;0;0;0;0;0;0;0;
2024;2025;68982555;2689800;1255500;52;11685;29;24;5;3;3;3;0;24;0;19;5;0;5;3;3;3;0;16;0;0;0;0;5;0;0;0;3;3;3;3;3;0;0;0;0;0;3;13;0;0;0;0;0;0;0;3;0;0;3;0;3;0;3;3;3;3;3;0;6;3;17;3;0;29;0;0;0;0;0;0;0;0;0;0;0;0;
2024;2025;68302637;2683000;1263700;53;11461;110;83;27;17;3;8;0;86;28;30;28;0;24;9;4;11;0;50;0;3;3;3;3;0;3;3;5;5;4;3;5;4;3;3;5;3;4;60;3;3;0;3;3;0;3;4;0;0;3;6;5;6;3;6;4;3;12;5;14;6;74;11;0;105;3;3;0;0;0;0;0;0;0;0;0;0;
2024;2025;68902534;2689000;1253400;54;11563;17;14;3;3;3;0;0;12;0;7;5;0;5;3;3;0;0;8;0;0;0;0;3;0;3;3;0;3;3;0;0;3;3;0;0;0;0;9;0;0;0;3;0;3;0;3;0;0;0;3;0;3;0;0;0;0;3;0;3;5;11;0;0;17;0;0;0;0;0;0;0;0;0;0;0;0;
2024;2025;68712620;2687100;1262000;56;12292;28;18;10;3;4;3;0;19;3;15;3;0;9;3;3;4;0;19;0;3;3;0;3;3;0;3;3;3;3;3;3;3;3;0;0;0;0;9;0;0;0;0;0;3;0;3;0;3;3;0;0;3;0;0;0;3;0;3;3;3;20;3;0;27;3;0;0;0;0;0;0;0;0;0;0;0;
2024;2025;68632651;2686300;1265100;57;11960;17;13;4;3;3;0;0;12;3;7;3;0;5;3;3;0;0;9;0;0;0;0;3;0;3;0;3;0;0;3;3;0;3;0;3;0;0;8;0;0;0;0;0;0;0;0;0;0;0;3;0;0;0;3;3;3;3;0;3;3;10;3;0;17;0;0;0;0;0;0;0;0;0;0;0;0;
2024;2025;68002680;2680000;1268000;58;12056;35;30;5;4;0;3;0;29;3;19;8;0;6;5;0;3;0;16;3;0;0;0;3;0;0;3;3;3;3;3;0;3;3;3;0;3;0;19;0;0;0;3;0;0;3;0;3;3;3;0;3;3;3;3;0;3;3;0;8;6;19;3;0;35;0;0;0;0;0;0;0;0;0;0;0;0;
2024;2025;68122641;2681200;1264100;59;12166;6;6;0;0;0;0;0;6;0;3;3;0;0;0;0;0;0;3;0;0;0;0;0;0;0;0;0;0;0;0;0;3;0;0;0;0;3;4;0;0;0;0;0;0;0;0;0;0;0;0;0;0;0;3;3;0;0;0;0;3;5;0;0;6;0;0;0;0;0;0;0;0;0;0;0;0;
2024;2025;68062624;2680600;1262400;60;12220;21;17;4;3;3;3;0;16;3;12;3;0;5;3;3;3;0;12;0;0;0;0;3;3;0;0;3;3;0;3;3;3;0;0;0;3;3;9;0;0;0;0;0;0;0;0;0;0;0;0;0;3;0;0;3;3;4;3;3;3;13;3;0;19;3;0;0;0;3;0;0;0;0;0;0;0;
2024;2025;67922722;2679200;1272200;61;12178;5;5;0;0;0;0;0;5;3;4;0;0;0;0;0;0;0;3;0;0;0;0;0;0;0;0;0;0;0;0;0;3;0;0;0;0;3;3;0;0;0;0;0;0;0;0;0;0;0;0;3;0;0;3;0;0;3;0;0;3;3;3;0;5;0;0;0;0;0;3;3;0;0;0;0;0;1
2024;2025;68632563;2686300;1256300;62;16656;116;84;32;14;7;11;0;66;3;42;23;0;50;19;9;21;3;68;0;0;0;3;3;7;4;10;3;5;3;7;5;5;3;3;3;0;5;48;0;0;3;4;3;3;0;3;4;3;3;3;7;3;3;4;4;3;7;6;19;16;60;10;5;109;3;3;3;0;0;0;0;0;0;0;0;0;
2024;2025;68722605;2687200;1260500;63;12720;12;6;6;5;3;0;0;5;3;3;3;0;7;4;3;0;0;7;0;0;0;0;0;0;3;0;0;3;0;3;3;0;0;3;3;0;0;5;0;0;0;0;0;0;0;0;0;0;0;3;0;0;0;0;4;0;0;3;6;0;4;0;0;10;3;0;3;0;0;0;0;0;0;0;0;0;
2024;2025;69132558;2691300;1255800;64;16657;29;25;4;3;0;3;0;24;0;14;10;0;5;3;0;4;0;12;0;0;0;3;0;0;0;0;3;3;0;3;3;0;3;3;0;0;3;17;0;0;0;0;3;0;3;0;0;0;0;0;0;0;3;3;3;3;8;0;4;4;20;3;0;29;0;0;0;0;0;0;0;0;0;0;0;0;
2024;2025;68892603;2688900;1260300;65;12524;9;9;0;0;0;0;0;8;3;7;0;0;3;3;0;0;0;3;0;0;0;0;0;0;0;0;0;0;3;0;0;0;0;0;0;0;0;8;0;0;0;0;3;0;0;0;0;0;3;3;0;0;0;0;3;0;3;0;0;0;5;4;0;9;0;0;0;0;0;3;3;0;0;0;0;0;1
2024;2025;68592541;2685900;1254100;66;12483;87;63;24;9;5;10;0;53;3;32;18;0;34;9;8;14;3;53;0;0;0;3;7;4;3;5;9;4;3;3;6;3;4;0;3;3;0;34;0;0;0;0;3;0;0;3;5;3;3;5;5;3;5;5;3;3;0;3;15;16;46;7;3;85;0;0;3;0;3;0;0;0;0;0;0;0;
2024;2025;68262741;2682600;1274100;67;13090;12;11;3;0;0;3;0;9;0;5;4;0;3;3;0;3;0;5;0;0;0;0;0;0;0;0;0;0;0;3;3;0;0;0;3;3;3;7;0;0;0;0;0;3;0;3;0;0;0;0;0;0;0;0;0;3;3;3;0;0;11;0;0;12;0;0;0;0;0;0;0;0;0;0;0;0;
2024;2025;68572648;2685700;1264800;68;12919;16;15;3;0;0;3;0;13;0;7;6;0;3;3;0;3;0;7;0;0;0;0;0;0;0;0;3;0;0;0;3;0;3;0;0;0;3;9;0;0;0;3;0;0;3;0;0;0;0;0;0;0;0;0;3;4;3;0;3;0;12;3;0;16;0;0;0;0;0;3;3;0;0;0;0;0;1
2024;2025;68722522;2687200;1252200;69;10451;76;60;16;8;3;6;0;52;0;35;17;0;24;12;3;8;3;32;3;0;3;3;0;3;3;4;4;3;0;0;3;3;4;0;3;3;4;44;0;0;0;0;3;3;0;0;3;0;3;4;3;5;3;4;5;4;10;3;13;7;52;3;0;75;3;0;0;0;0;0;0;0;0;0;0;0;
2024;2025;67782716;2677800;1271600;70;10443;5;5;0;0;0;0;0;5;0;4;3;0;0;0;0;0;0;4;3;3;0;0;0;0;0;0;3;0;0;0;0;0;0;0;0;0;0;3;0;0;0;0;0;0;0;0;3;0;0;0;0;0;0;0;0;0;0;0;0;0;3;3;0;5;0;0;0;0;0;3;0;0;0;0;3;0;1
2024;2025;68042733;2680400;1273300;71;10268;11;11;0;0;0;0;0;10;3;5;3;0;3;3;0;0;0;9;0;0;0;0;0;0;0;0;0;0;0;0;0;3;3;3;3;3;3;3;0;0;0;0;0;0;0;0;0;0;0;0;0;0;0;3;0;3;0;0;0;3;4;4;0;11;0;0;0;0;0;0;0;0;0;0;0;0;
2024;2025;68422608;2684200;1260800;72;10331;33;30;3;3;0;3;0;29;3;15;12;0;4;3;0;3;0;13;0;0;0;0;0;0;3;3;3;0;3;0;3;3;3;0;0;3;3;20;0;0;0;0;0;0;3;3;0;0;0;0;3;3;0;3;3;4;7;3;3;3;26;3;0;32;0;3;0;0;0;0;0;0;0;0;0;0;
2024;2025;67542643;2675400;1264300;81;11704;3;3;0;0;0;0;0;3;0;3;0;0;0;0;0;0;0;0;0;0;0;0;0;0;0;0;0;0;0;0;0;0;0;0;0;0;0;3;0;0;0;0;0;0;0;0;0;0;0;0;0;0;0;0;0;0;3;0;0;0;3;0;0;3;0;0;0;0;0;0;0;0;0;0;0;0;
2024;2025;67262582;2672600;1258200;82;11786;8;8;0;0;0;0;0;8;3;5;3;0;0;0;0;0;0;5;0;0;0;3;3;0;0;0;3;0;0;3;0;0;0;0;3;0;0;3;0;0;0;0;0;0;0;0;0;0;3;0;0;0;0;3;0;0;3;0;3;0;3;3;0;8;0;0;0;0;0;3;3;0;0;0;0;0;1
2024;2025;67542568;2675400;1256800;83;11456;23;19;4;3;0;3;0;15;0;11;4;0;8;5;0;3;0;13;0;0;0;0;3;0;0;3;3;0;3;3;3;3;3;0;3;0;0;10;0;0;0;0;0;0;0;0;0;0;0;3;0;0;0;0;3;3;4;0;3;3;17;3;0;23;0;0;0;0;0;0;0;0;0;0;0;0;
2024;2025;67542548;2675400;1254800;84;11578;19;17;3;3;3;0;0;13;0;8;5;0;6;4;3;3;0;6;0;0;0;0;0;0;0;0;0;0;3;0;3;0;0;3;0;3;3;13;0;0;0;0;0;0;0;0;0;0;0;0;0;0;3;5;4;0;3;0;0;3;17;0;0;19;0;0;0;0;0;0;0;0;0;0;0;0;
2024;2025;67292554;2672900;1255400;85;11581;8;8;0;0;0;0;0;7;0;6;3;0;3;0;3;0;0;4;0;0;0;0;0;0;0;3;0;0;0;0;0;0;3;0;3;0;3;4;0;0;0;0;0;0;0;0;3;0;0;0;0;0;0;0;0;3;3;0;0;3;7;0;0;8;0;0;0;0;0;0;0;0;0;0;0;0;
2024;2025;67652596;2676500;1259600;86;11567;42;29;13;9;3;3;0;29;5;19;5;0;13;11;3;0;0;25;0;0;3;3;3;3;3;0;4;3;3;0;3;0;0;4;3;4;0;17;0;0;0;3;0;0;0;3;0;0;0;0;0;0;0;0;3;5;7;3;6;3;32;3;0;41;3;0;0;0;0;0;0;0;0;0;0;0;
2024;2025;67152554;2671500;1255400;87;12181;5;4;3;3;0;0;0;3;3;3;0;0;3;3;0;0;0;3;0;0;0;0;0;0;0;0;0;0;0;0;0;0;0;0;3;0;3;3;0;0;0;0;0;0;0;0;0;0;3;0;0;0;0;0;3;0;3;0;3;0;3;3;0;5;0;0;0;0;0;0;0;0;0;0;0;0;
2024;2025;67802630;2678000;1263000;88;12537;12;10;3;3;3;0;0;10;0;5;5;0;3;0;3;0;0;6;0;0;0;0;0;0;0;0;3;0;3;0;0;0;3;3;0;3;3;6;0;0;0;0;0;0;0;0;0;0;0;3;3;0;0;0;0;0;4;0;3;3;9;3;0;12;0;0;0;0;0;0;0;0;0;0;0;0;
2024;2025;68032606;2680300;1260600;89;12534;31;16;15;3;9;4;0;12;0;10;3;0;19;5;9;5;0;21;0;0;0;0;7;3;3;3;0;0;3;0;0;3;3;0;0;3;3;10;0;0;0;0;3;0;0;0;0;3;3;0;3;0;0;0;3;3;3;3;11;3;9;5;3;27;3;0;3;0;0;0;0;0;0;0;0;0;
2024;2025;67892595;2678900;1259500;90;12560;61;46;15;9;3;3;0;41;4;25;12;0;20;14;3;3;0;27;0;3;0;0;0;4;3;3;3;3;3;3;3;3;3;3;0;3;3;34;0;0;3;0;0;0;4;0;3;3;0;0;0;3;4;3;3;9;9;0;5;4;45;7;0;61;0;0;0;0;0;3;0;3;0;0;0;0;1
2024;2025;67072620;2670700;1262000;91;12568;15;10;5;4;3;0;0;10;0;4;6;0;5;4;3;0;0;6;0;0;0;0;3;0;0;3;3;3;0;3;0;0;0;0;0;0;3;9;0;0;0;0;0;0;3;0;0;0;0;0;0;0;0;3;3;3;3;0;3;4;9;3;0;15;0;0;0;0;0;0;0;0;0;0;0;0;
2024;2025;68152590;2681500;1259000;92;12469;61;41;20;15;3;4;0;35;0;22;13;0;26;18;3;7;0;24;0;0;0;0;0;3;3;3;3;3;3;3;4;3;0;3;0;4;3;37;0;0;0;0;0;3;4;0;3;3;3;3;3;3;3;3;5;8;5;3;11;6;39;3;0;58;3;3;0;0;0;0;0;0;0;0;0;0;
2024;2025;67292617;2672900;1261700;93;12447;7;7;0;0;0;0;0;6;0;5;3;0;3;3;0;0;0;3;0;0;0;0;0;0;0;0;0;0;0;0;3;0;0;0;0;0;0;6;0;0;0;0;0;0;0;0;0;0;0;0;3;0;0;3;3;3;3;0;0;3;5;0;0;7;0;0;0;0;0;0;0;0;0;0;0;0;
2024;2025;67152572;2671500;1257200;94;13126;23;21;3;3;0;0;0;18;0;13;5;0;5;4;0;3;0;7;0;0;0;0;0;0;0;3;0;0;0;0;3;0;3;0;3;3;0;16;0;0;0;0;0;0;0;0;3;0;0;0;3;0;0;3;3;3;9;0;3;3;19;3;0;23;0;0;0;0;0;0;0;0;0;0;0;0;
2024;2025;67542596;2675400;1259600;95;13166;3;3;0;0;0;0;0;3;0;0;3;0;0;0;0;0;0;3;0;0;0;0;0;0;0;0;0;0;0;0;0;3;0;0;0;0;0;3;0;0;0;0;0;0;0;0;0;0;0;0;0;0;0;0;3;0;0;0;0;0;3;0;0;3;0;0;0;0;0;0;0;0;0;0;0;0;
2024;2025;67752538;2677500;1253800;96;13168;136;108;28;17;5;5;3;95;3;50;43;3;41;24;5;10;3;66;3;0;0;0;0;3;6;3;4;3;7;4;3;9;3;5;9;3;7;70;3;0;0;0;4;3;3;3;3;3;3;3;3;5;5;4;12;11;10;3;15;11;102;6;0;132;3;0;0;3;0;0;0;0;0;0;0;0;
2024;2025;68242562;2682400;1256200;97;12834;34;29;5;3;3;0;0;28;0;19;9;0;6;3;0;3;3;21;0;0;0;0;4;3;3;3;3;3;3;3;3;3;0;0;0;0;0;13;0;0;0;0;3;0;3;0;0;3;0;0;3;3;3;3;0;3;3;3;6;5;19;3;0;33;3;0;0;0;0;0;0;0;0;0;0;0;
2024;2025;67212612;2672100;1261200;98;13046;3;3;0;0;0;0;0;3;0;3;0;0;0;0;0;0;0;0;0;0;0;0;0;0;0;0;0;0;0;0;0;0;0;0;0;0;0;3;0;0;0;0;0;0;0;0;0;0;0;0;0;0;0;0;3;0;0;0;0;0;3;0;0;3;0;0;0;0;0;0;0;0;0;0;0;0;
2024;2025;67372615;2673700;1261500;99;13037;4;4;0;0;0;0;0;4;0;3;3;0;0;0;0;0;0;3;0;0;0;0;0;0;0;0;0;0;0;0;0;3;0;0;0;3;0;3;0;0;0;0;0;0;0;0;0;0;0;0;0;0;0;0;3;3;0;0;0;3;3;0;0;4;0;0;0;0;0;0;0;0;0;0;0;0;
2024;2025;67752647;2677500;1264700;100;10383;10;8;3;0;3;0;0;8;0;8;0;0;3;3;0;0;3;4;0;0;3;0;0;3;0;0;0;0;0;3;0;0;3;0;0;0;0;6;0;0;0;0;0;0;0;0;3;0;0;0;0;3;0;0;0;3;3;0;0;3;5;3;0;10;0;0;0;0;0;0;0;0;0;0;0;0;
2024;2025;67662615;2676600;1261500;101;10597;22;18;4;3;0;3;0;16;3;10;5;0;6;4;0;3;0;11;0;0;0;0;0;3;0;3;0;0;3;3;3;0;0;3;0;3;0;11;0;0;0;0;0;3;0;0;0;0;0;0;0;3;3;0;3;5;3;3;0;4;13;4;0;21;0;0;3;0;0;0;0;0;0;0;0;0;
2024;2025;67522678;2675200;1267800;102;10448;7;6;3;3;0;0;0;7;0;7;0;0;0;0;0;0;0;3;0;0;0;0;0;0;0;0;0;0;0;0;0;3;0;0;0;0;0;6;0;0;0;0;0;3;0;0;0;0;3;0;0;0;3;3;0;0;3;0;3;0;4;3;0;7;0;0;0;0;0;0;0;0;0;0;0;0;
2024;2025;70722438;2707200;1243800;111;11709;26;26;0;0;0;0;0;24;0;17;7;0;3;3;0;0;0;10;0;0;0;0;0;0;3;0;0;0;0;3;3;0;0;3;3;3;0;16;0;0;0;0;0;0;3;0;0;3;0;3;0;3;0;0;6;3;4;0;0;3;23;3;0;26;0;0;0;0;0;0;0;0;0;0;0;0;
2024;2025;70442363;2704400;1236300;112;11478;27;21;6;3;3;3;0;20;0;14;6;0;7;4;3;3;0;12;0;0;3;0;3;3;3;3;3;3;3;3;0;3;0;0;0;3;0;15;0;0;0;0;0;0;0;3;3;3;0;0;3;3;3;3;5;3;3;3;3;6;16;3;0;25;3;0;0;0;3;0;0;0;0;0;0;0;
2024;2025;70622372;2706200;1237200;113;12159;37;32;5;4;3;0;0;26;3;15;9;0;11;7;3;3;0;17;0;0;0;3;0;0;3;3;3;3;3;0;0;3;3;3;0;3;0;20;0;0;0;0;0;0;3;0;3;3;3;3;3;0;0;3;3;3;3;0;7;3;27;3;0;37;0;0;0;0;0;0;0;0;0;0;0;0;
2024;2025;71212434;2712100;1243400;114;12002;17;17;0;0;0;0;0;16;3;10;4;0;3;0;3;0;0;7;0;0;0;0;0;0;3;0;0;0;3;0;0;3;0;3;3;0;0;10;0;0;0;0;0;0;0;0;0;0;0;3;0;0;3;3;3;3;3;0;3;3;11;4;0;17;0;0;0;0;0;0;0;0;0;0;0;0;
2024;2025;69962404;2699600;1240400;115;12023;37;32;5;5;0;0;0;29;0;18;11;0;8;6;0;3;0;20;0;0;0;0;3;3;3;3;3;3;3;0;0;0;3;0;3;3;3;17;0;0;0;3;0;3;0;0;0;0;3;3;0;0;3;3;3;3;5;3;3;5;27;3;0;35;3;0;3;0;0;0;0;0;0;0;0;0;
2024;2025;70022379;2700200;1237900;116;11970;26;25;3;3;0;0;0;24;0;16;8;0;3;3;0;0;0;7;0;0;0;0;0;0;0;0;0;3;0;3;3;0;3;0;3;0;3;19;3;0;0;0;3;0;3;3;3;3;0;3;0;0;0;3;4;3;4;0;5;3;15;4;0;26;0;0;0;0;0;0;0;0;0;0;0;0;
2024;2025;70642398;2706400;1239800;117;12156;85;75;10;9;0;3;0;71;3;50;19;0;14;10;0;4;0;41;3;3;3;3;3;4;3;3;0;4;5;4;3;3;3;3;3;3;3;44;0;3;3;3;3;0;0;3;3;3;3;3;3;3;0;3;3;9;9;3;14;15;47;8;0;84;3;0;0;0;0;0;0;0;0;0;0;0;
2024;2025;70702353;2707000;1235300;118;12883;106;89;17;7;7;3;0;82;12;46;24;0;24;15;4;5;0;46;0;3;3;5;3;3;4;4;3;4;3;3;3;3;5;3;0;3;3;60;3;3;3;3;0;0;0;0;3;3;0;6;4;5;0;6;7;10;11;3;22;11;63;8;0;103;3;0;0;3;0;0;0;0;0;0;0;0;
2024;2025;70082443;2700800;1244300;119;12951;10;8;3;0;0;3;0;8;0;6;3;0;3;0;0;3;0;6;0;0;0;0;0;3;3;0;0;0;0;0;3;0;0;0;0;0;3;4;0;0;0;0;3;0;0;0;0;0;0;0;0;0;0;0;3;3;3;0;0;3;4;3;3;9;3;0;0;0;0;0;0;0;0;0;0;0;
2024;2025;71172372;2711700;1237200;120;10459;43;32;11;7;3;3;0;31;4;20;7;0;12;9;3;3;3;19;3;3;0;0;3;3;3;0;3;3;3;3;3;3;0;0;0;3;0;24;0;0;0;0;3;3;0;3;3;3;3;3;3;3;0;3;0;3;3;0;9;6;22;6;0;42;0;0;0;3;0;0;0;0;0;0;0;0;
2024;2025;70272421;2702700;1242100;121;10277;145;124;21;11;4;6;0;116;30;51;35;0;29;17;5;7;0;72;3;3;3;0;4;6;8;4;3;3;4;6;12;4;3;3;4;4;4;73;0;3;3;0;3;3;3;3;4;3;3;5;6;5;5;7;8;6;11;3;18;10;92;22;0;141;3;3;0;3;0;0;0;0;0;0;0;0;
2024;2025;68222407;2682200;1240700;131;11745;86;77;9;5;3;3;0;67;14;37;16;0;19;8;5;5;3;46;0;0;0;3;3;3;3;3;3;6;5;5;7;4;0;5;3;0;3;40;0;0;0;0;3;0;0;3;3;3;3;5;3;3;5;4;5;3;6;0;9;9;57;11;0;86;0;0;0;0;0;0;0;0;0;0;0;0;
2024;2025;68342413;2683400;1241300;135;12701;36;30;6;4;3;0;0;24;0;18;6;0;12;9;3;0;0;15;0;0;0;0;3;3;0;3;0;0;3;0;5;3;3;0;0;0;0;21;0;0;0;3;0;3;0;0;0;3;3;0;4;3;0;3;3;3;8;3;4;3;25;5;0;35;0;0;3;0;0;0;0;0;0;0;0;0;
2024;2025;68342381;2683400;1238100;136;12637;52;39;13;9;3;3;0;32;3;19;12;0;20;13;3;4;0;20;0;0;0;0;3;3;3;0;0;3;3;3;3;3;0;3;3;3;3;32;0;0;0;0;3;3;0;3;0;0;0;3;0;0;3;4;6;8;6;3;8;3;39;3;0;51;0;0;3;0;0;0;0;0;0;0;0;0;
2024;2025;68632368;2686300;1236800;137;12461;63;56;7;4;0;3;0;53;3;27;24;0;10;6;0;4;0;28;0;0;0;0;3;0;0;3;0;0;3;3;5;0;3;3;3;3;7;35;0;0;0;3;0;0;0;0;3;0;3;0;3;3;0;5;7;7;9;3;5;5;46;6;0;62;0;3;0;0;0;0;0;0;0;0;0;0;
2024;2025;69602293;2696000;1229300;138;12907;52;41;11;7;3;3;0;39;11;12;16;0;13;7;3;5;0;31;0;0;0;3;3;3;4;3;5;0;0;3;3;3;3;3;3;3;3;21;0;0;0;0;0;3;0;0;3;3;3;3;3;0;3;3;3;4;3;3;4;3;35;9;0;52;0;0;0;0;0;0;0;0;0;0;0;0;
2024;2025;68442404;2684400;1240400;139;12832;27;26;3;3;0;0;0;19;0;14;5;0;8;7;0;3;0;16;0;0;0;0;0;0;0;0;3;3;3;3;3;0;3;3;3;0;3;11;0;0;0;0;0;0;0;0;0;0;0;3;3;0;0;3;3;3;4;0;4;3;21;3;0;27;0;0;0;0;0;0;0;0;0;0;0;0;
2024;2025;68552383;2685500;1238300;141;10691;74;54;20;17;3;0;0;44;4;17;23;0;30;23;3;4;0;37;0;0;0;3;0;3;3;3;3;5;6;6;3;3;3;3;3;3;3;37;0;0;0;0;3;0;3;0;3;0;3;3;3;3;3;4;5;7;7;9;5;4;52;4;0;65;3;5;3;0;0;0;0;0;0;0;0;0;
2024;2025;68722398;2687200;1239800;151;12301;22;21;3;3;0;0;0;15;3;5;9;0;7;7;0;0;0;8;0;0;0;0;0;0;0;0;3;0;3;0;0;3;3;0;3;3;0;14;0;0;0;0;0;0;0;0;0;0;0;3;0;0;3;3;3;4;3;0;3;3;15;3;0;22;0;0;0;0;0;0;0;0;0;0;0;0;
2024;2025;68872377;2688700;1237700;152;12316;31;30;3;0;0;3;0;23;3;13;9;0;8;5;0;3;0;12;0;0;0;0;0;0;3;3;0;0;3;3;3;0;3;3;3;3;0;19;0;0;0;0;3;0;0;3;0;0;0;0;3;3;3;0;4;4;6;0;3;3;22;3;0;31;0;0;0;0;0;0;0;0;0;0;0;0;
2024;2025;70052343;2700500;1234300;153;12143;47;43;4;3;3;0;0;40;3;23;16;0;7;3;3;3;3;22;0;0;0;0;0;3;0;3;3;3;3;4;3;3;3;0;3;3;0;25;0;0;0;3;0;0;3;0;3;3;4;3;3;0;0;3;3;3;6;3;6;5;30;5;0;46;0;0;0;0;3;0;0;0;0;0;0;0;
2024;2025;68662413;2686600;1241300;154;12592;48;44;4;3;0;3;0;39;0;27;12;0;9;6;0;3;0;22;0;0;0;0;0;0;3;3;3;0;3;3;3;3;4;3;3;3;3;26;0;0;0;0;0;3;0;0;3;0;0;3;3;3;3;5;3;4;5;0;3;3;35;9;0;48;0;0;0;0;0;0;0;0;0;0;0;0;
2024;2025;69522344;2695200;1234400;155;12754;53;44;9;3;3;5;0;40;6;23;11;0;13;4;3;6;0;25;3;0;0;3;3;0;0;3;0;3;3;3;4;5;3;3;3;3;3;28;3;0;0;3;3;3;0;0;0;3;0;3;3;3;4;3;3;6;4;3;6;5;36;5;0;52;0;0;0;0;3;0;0;0;0;0;0;0;
2024;2025;69132361;2691300;1236100;156;12408;69;59;10;5;0;5;0;56;3;30;25;0;13;8;0;5;0;31;0;3;0;3;0;0;0;3;3;0;3;5;3;5;3;3;3;3;3;38;0;0;0;3;3;3;0;0;0;0;0;0;3;5;4;3;4;5;10;3;8;8;45;7;0;68;3;0;0;0;0;0;0;0;0;0;0;0;
2024;2025;69702363;2697000;1236300;157;12501;45;43;3;3;0;0;0;37;3;23;13;0;8;6;3;3;0;23;0;0;0;0;3;3;0;3;3;3;0;4;0;0;3;3;3;3;3;22;0;0;0;0;0;0;0;3;0;3;0;3;3;3;3;0;3;4;8;0;6;7;30;3;0;45;0;0;0;0;0;0;0;0;0;0;0;0;
2024;2025;69702330;2697000;1233000;158;10363;88;78;10;8;0;3;0;69;3;43;23;0;19;13;3;4;0;33;0;3;0;0;0;0;3;3;0;3;3;4;4;7;3;3;3;3;3;55;0;0;0;3;0;3;4;0;0;3;4;10;3;6;3;4;5;7;6;3;5;4;69;9;0;87;0;3;0;0;0;0;0;0;0;0;0;0;
2024;2025;69382354;2693800;1235400;159;13259;22;19;3;3;0;0;0;18;0;14;4;0;4;3;0;3;3;9;0;0;0;0;0;3;3;0;3;3;0;3;3;0;3;0;0;3;0;13;0;0;0;3;0;0;0;0;0;0;0;0;3;3;3;3;3;3;3;0;3;3;14;3;0;22;0;0;0;0;0;0;0;0;0;0;0;0;
2024;2025;68972429;2689700;1242900;160;10326;35;32;3;3;0;0;0;27;3;13;13;0;8;6;0;3;0;11;0;0;0;0;0;0;0;3;3;0;0;0;0;3;3;3;3;0;3;24;0;0;0;0;0;0;0;0;0;0;0;3;3;3;0;3;3;13;3;3;3;0;29;3;0;34;0;0;3;0;0;0;0;0;0;0;0;0;
2024;2025;68582438;2685800;1243800;161;13683;50;38;12;3;3;6;0;33;0;22;11;0;17;6;3;8;0;25;0;0;0;3;4;3;3;3;3;0;3;3;3;3;3;3;3;3;3;25;0;0;0;0;0;0;3;3;0;0;0;3;4;3;3;3;4;4;6;7;9;0;32;3;0;47;3;3;0;0;0;0;0;0;0;0;0;0;
2024;2025;69922494;2699200;1249400;172;11989;54;38;16;8;0;8;0;35;0;23;12;0;19;10;3;6;0;31;3;0;0;0;3;4;3;0;3;3;3;4;3;0;3;3;4;6;3;23;0;0;0;0;0;3;0;3;0;0;3;0;0;3;0;3;3;5;10;7;7;4;34;3;0;47;3;0;6;0;0;3;0;0;3;0;0;0;1
2024;2025;70482469;2704800;1246900;173;12161;17;15;3;3;0;0;0;16;3;13;3;0;3;3;0;0;0;8;0;0;0;0;0;0;3;0;0;3;3;3;3;0;0;3;3;0;0;9;0;0;0;0;3;0;0;0;0;0;3;3;3;0;0;3;3;3;3;0;0;3;12;3;0;17;0;0;0;0;0;0;0;0;0;0;0;0;
2024;2025;69302553;2693000;1255300;176;12821;31;29;3;3;0;0;0;27;0;19;8;0;4;4;0;0;0;20;0;0;3;0;0;0;3;3;3;3;3;0;3;3;3;3;3;0;4;11;0;0;0;0;0;0;0;0;0;0;0;3;0;0;3;3;0;3;6;0;4;3;21;4;0;31;0;0;0;0;0;0;0;0;0;0;0;0;
2024;2025;70172469;2701700;1246900;177;13137;72;53;19;7;4;8;0;48;9;26;13;0;24;10;5;9;0;37;0;3;0;0;0;3;3;4;3;3;6;3;3;7;4;3;3;0;0;35;0;0;0;3;3;0;3;3;3;3;3;5;3;0;3;3;4;3;4;3;14;11;37;7;0;69;3;3;0;0;0;0;0;0;0;0;0;0;
2024;2025;70102502;2701000;1250200;178;12831;15;14;3;0;0;3;0;11;0;9;3;0;4;3;0;3;0;7;0;0;0;0;0;0;3;3;3;0;0;0;3;0;3;0;3;0;0;8;0;0;0;0;0;0;3;0;0;3;0;0;0;0;0;0;3;0;3;0;3;3;6;4;0;15;0;0;0;0;0;0;0;0;0;0;0;0;
2024;2025;70002543;2700000;1254300;180;10389;7;7;0;0;0;0;0;7;3;5;0;0;0;0;0;0;0;3;0;0;0;0;0;0;0;0;0;0;0;0;0;0;3;0;0;0;3;5;0;0;0;0;0;0;0;0;0;0;0;0;0;0;0;3;3;0;3;0;0;0;6;3;0;7;0;0;0;0;0;0;0;0;0;0;0;0;
2024;2025;70622531;2706200;1253100;181;10242;17;15;3;0;0;3;0;15;0;11;4;0;3;0;0;3;0;8;0;0;3;0;0;0;0;3;0;0;0;3;3;3;0;0;0;3;3;9;0;0;0;0;0;0;3;0;0;0;3;0;3;3;0;0;3;0;3;0;3;3;11;3;0;17;0;0;0;0;0;0;0;0;0;0;0;0;
2024;2025;70402538;2704000;1253800;182;10334;3;3;0;0;0;0;0;3;3;3;0;0;3;3;0;0;0;3;0;0;0;0;0;0;0;0;0;0;0;0;0;0;0;0;3;0;0;3;0;0;0;0;0;0;0;0;0;0;0;0;0;0;0;0;3;3;0;0;0;0;3;3;0;3;0;0;0;0;0;0;0;0;0;0;0;0;
2024;2025;68932504;2689300;1250400;191;12205;138;113;25;12;7;6;0;103;0;77;26;0;35;16;6;11;3;76;0;0;0;3;3;9;3;3;15;3;6;12;10;3;3;3;3;3;3;62;0;3;3;3;3;0;4;3;4;3;3;7;3;3;3;0;7;6;15;3;13;14;89;18;3;134;3;3;3;0;3;3;0;3;0;0;0;0;1
2024;2025;69472396;2694700;1239600;192;12123;74;65;9;8;0;3;0;55;0;34;21;0;19;11;3;6;0;37;0;0;0;0;3;3;3;3;3;3;3;4;5;5;3;3;3;3;3;37;0;0;0;0;0;3;0;3;0;3;3;3;3;3;4;4;3;5;10;4;8;7;52;3;0;70;3;0;3;0;0;3;3;0;0;0;0;0;1
2024;2025;69072473;2690700;1247300;193;12248;33;23;10;3;3;5;0;23;0;17;6;0;10;3;3;5;0;13;0;3;0;3;0;0;3;3;3;3;0;3;3;3;3;0;0;0;0;20;0;3;3;3;0;3;3;0;0;0;3;3;3;3;3;3;0;3;3;0;8;0;21;4;0;33;0;0;0;0;0;0;0;0;0;0;0;0;
2024;2025;69362468;2693600;1246800;194;12073;22;20;3;3;0;0;0;18;0;11;7;0;4;4;0;0;0;8;0;0;0;0;0;0;3;3;0;0;3;0;0;0;0;0;3;3;0;14;0;0;0;0;0;3;0;0;0;0;0;0;0;3;0;3;3;3;4;0;3;3;15;3;0;22;0;0;0;0;0;0;0;0;0;0;0;0;
2024;2025;69302440;2693000;1244000;195;12620;30;27;3;3;3;3;0;25;3;19;5;0;5;3;3;3;0;14;0;0;0;0;0;3;0;0;3;0;0;0;3;3;3;0;3;3;3;16;0;0;0;0;0;0;0;0;0;3;0;3;3;0;0;3;0;3;7;3;3;0;24;3;0;29;0;3;0;0;0;0;0;0;0;0;0;0;
2024;2025;69702407;2697000;1240700;196;12427;35;31;4;4;0;0;0;28;0;19;9;0;7;6;3;0;0;10;0;0;0;0;3;0;0;0;0;0;0;3;0;3;3;3;3;3;0;25;0;0;0;0;0;0;0;3;3;3;3;3;0;3;3;3;3;4;4;0;3;3;28;3;0;35;0;0;0;0;0;0;0;0;0;0;0;0;
2024;2025;69222488;2692200;1248800;197;12956;12;11;3;3;0;0;0;11;0;8;3;0;3;3;0;0;0;7;0;0;0;0;3;0;3;0;3;0;0;0;3;3;0;3;0;0;0;5;0;0;0;0;0;0;0;0;0;0;0;3;3;3;0;0;3;0;3;0;3;0;11;0;0;12;0;0;0;0;0;0;0;0;0;0;0;0;
2024;2025;69672450;2696700;1245000;198;10940;163;113;50;28;15;7;0;109;28;50;30;3;54;22;15;16;3;94;0;3;3;4;5;4;11;7;9;9;10;8;8;3;3;4;4;3;0;69;3;3;3;0;4;3;3;5;3;8;4;5;9;5;3;3;6;3;5;9;33;24;78;19;0;155;3;3;3;0;3;0;0;0;0;0;0;0;
2024;2025;69482495;2694800;1249500;199;10368;83;62;21;13;5;3;0;58;0;44;14;0;25;15;3;6;3;56;0;3;0;3;3;6;3;3;4;3;4;11;3;3;3;3;4;3;3;27;0;0;0;0;3;3;3;0;3;3;3;3;3;0;0;3;4;3;5;0;8;7;59;9;0;83;0;0;0;0;0;0;0;0;0;0;0;0;
2024;2025;69112518;2691100;1251800;200;13250;55;38;17;6;3;8;0;34;0;26;8;0;21;11;3;7;0;24;3;0;0;3;3;0;0;4;3;3;0;3;3;3;0;0;3;3;3;31;3;0;3;0;0;3;3;3;0;0;3;0;3;3;0;0;7;5;7;3;5;9;36;4;0;53;3;0;0;3;0;0;0;0;0;0;0;0;
2024;2025;70102700;2701000;1270000;211;11777;6;6;0;0;0;0;0;6;0;3;3;0;0;0;0;0;0;0;0;0;0;0;0;0;0;0;0;0;0;0;0;0;0;0;0;0;0;6;0;0;0;0;0;0;0;0;0;3;0;3;0;0;0;3;0;0;3;0;0;3;4;3;0;6;0;0;0;0;0;0;0;0;0;0;0;0;
2024;2025;69312587;2693100;1258700;213;11467;7;6;3;3;0;0;0;3;0;3;3;0;4;3;3;0;0;3;0;0;0;0;0;0;0;0;0;0;0;0;0;0;3;0;3;0;0;5;0;0;0;0;0;0;0;0;0;0;0;0;0;0;0;0;3;3;3;0;0;3;6;0;0;7;0;0;0;0;0;0;0;0;0;0;0;0;
2024;2025;69662686;2696600;1268600;214;11574;5;5;0;0;0;0;0;5;3;3;3;0;0;0;0;0;0;3;0;0;0;0;0;0;0;0;0;0;0;0;3;0;0;0;0;0;3;3;0;0;0;0;0;0;0;0;0;0;0;0;0;0;0;0;0;3;3;0;0;0;3;3;0;5;0;0;0;0;0;0;0;0;0;0;0;0;
2024;2025;68932643;2689300;1264300;215;11583;5;5;0;0;0;0;0;4;3;3;3;0;3;3;0;0;0;3;0;0;0;0;0;0;0;0;0;0;0;0;0;0;0;0;0;3;0;4;0;0;0;0;0;0;0;0;0;0;0;0;3;0;0;0;3;0;3;0;0;3;0;3;0;5;0;0;0;0;0;0;0;0;0;0;0;0;
2024;2025;70002680;2700000;1268000;216;11565;4;4;0;0;0;0;0;4;0;3;3;0;0;0;0;0;0;3;0;0;0;0;0;0;0;0;0;0;0;0;0;0;3;0;0;0;0;3;0;0;0;0;0;0;0;0;0;0;0;0;0;0;0;0;0;3;3;0;0;0;3;3;0;4;0;0;0;0;0;0;0;0;0;0;0;0;
2024;2025;70432690;2704300;1269000;218;12144;3;3;0;0;0;0;0;3;0;3;3;0;0;0;0;0;0;0;0;0;0;0;0;0;0;0;0;0;0;0;0;0;0;0;0;0;0;3;0;0;0;0;0;0;0;0;0;0;0;0;0;0;0;0;0;3;3;0;0;0;3;0;0;3;0;0;0;0;0;0;0;0;0;0;0;0;
2024;2025;70272625;2702700;1262500;219;12294;21;20;3;0;3;0;0;17;3;14;3;0;4;3;3;3;0;11;0;0;0;0;3;0;0;0;0;3;0;3;3;3;3;0;0;3;3;10;0;0;0;0;0;3;0;0;3;3;0;0;0;3;0;0;3;0;4;0;4;0;15;3;0;21;0;0;0;0;0;0;0;0;0;0;0;0;
2024;2025;70922644;2709200;1264400;220;12001;9;8;3;0;0;3;0;8;0;7;3;0;3;0;0;3;0;6;0;0;0;0;3;3;3;3;0;0;0;0;0;0;0;0;3;3;0;3;0;0;0;0;0;0;0;3;0;0;0;0;0;0;3;0;0;0;3;3;0;0;7;3;0;8;0;0;0;0;3;0;0;0;0;0;0;0;
2024;2025;69552669;2695500;1266900;221;12283;23;20;3;3;0;0;0;19;0;10;9;0;4;4;0;0;0;7;0;0;0;0;0;0;0;0;0;0;0;3;3;3;3;0;0;0;3;16;0;0;0;0;0;0;3;0;0;0;0;3;0;3;3;0;0;3;8;0;3;0;21;3;0;23;0;0;0;0;0;0;0;0;0;0;0;0;
2024;2025;69252649;2692500;1264900;223;15514;28;27;3;0;3;0;0;22;3;12;8;0;6;4;3;3;0;5;0;0;0;0;0;0;0;0;3;0;0;3;0;0;0;0;0;3;3;23;0;0;0;0;0;0;0;3;3;0;0;3;0;3;3;0;5;6;6;0;3;4;20;3;0;28;0;0;0;0;0;0;0;0;0;0;0;0;
2024;2025;69052634;2690500;1263400;224;13145;16;14;3;0;3;3;0;13;3;9;3;0;3;3;3;3;0;9;0;0;0;0;0;0;3;0;0;0;0;3;3;3;3;0;3;3;3;7;0;0;0;0;0;3;0;0;0;0;0;3;0;0;0;3;0;3;3;0;3;3;10;3;0;16;0;0;0;0;0;0;0;0;0;0;0;0;
2024;2025;70222677;2702200;1267700;225;12889;14;13;3;0;0;3;0;11;0;5;6;0;3;3;0;3;0;5;0;0;0;0;0;0;0;3;0;3;0;0;0;0;0;0;0;3;3;9;0;0;0;0;0;0;0;0;0;0;0;0;3;0;0;3;0;4;3;0;3;0;13;0;0;14;0;0;0;0;0;0;0;0;0;0;0;0;
2024;2025;70472584;2704700;1258400;226;14120;3;3;0;0;0;0;0;3;0;3;0;0;0;0;0;0;0;3;0;0;0;0;0;0;0;0;0;0;0;0;0;0;0;3;0;0;0;0;0;0;0;0;0;0;0;0;0;0;0;0;0;0;0;0;0;0;0;0;0;0;0;3;0;3;0;0;0;0;0;0;0;0;0;0;0;0;
2024;2025;69742658;2697400;1265800;227;12977;18;16;3;3;0;0;0;15;0;9;6;0;3;3;0;0;0;8;0;0;0;0;0;0;0;0;0;3;0;0;0;0;3;0;0;3;3;10;0;0;0;0;0;0;0;0;0;0;0;0;3;0;0;0;3;3;6;0;0;0;17;3;0;18;0;0;0;0;0;0;0;0;0;0;0;0;
2024;2025;70612550;2706100;1255000;228;10857;22;21;3;0;3;0;0;21;3;12;8;0;3;0;0;3;0;10;0;0;0;0;0;3;3;0;3;0;0;3;0;3;3;3;0;0;0;12;0;0;0;0;0;0;0;3;3;0;0;0;0;3;3;3;3;3;3;0;3;3;16;3;0;22;0;0;0;0;0;0;0;0;0;0;0;0;
2024;2025;69722617;2697200;1261700;230;10347;500;391;109;54;24;31;0;361;147;94;120;0;139;57;32;49;3;284;3;3;3;7;17;20;24;26;26;17;16;35;20;23;14;13;4;5;10;216;3;3;3;6;4;12;12;14;13;14;7;20;11;8;16;13;13;23;24;13;72;45;303;66;3;485;4;4;3;3;4;3;0;0;3;0;0;0;1
2024;2025;70082570;2700800;1257000;231;10312;29;24;5;4;0;3;0;23;3;14;8;0;6;4;0;3;3;15;0;0;0;0;3;3;3;3;3;3;3;3;0;0;3;3;0;0;3;14;0;0;0;0;3;0;0;0;0;0;0;0;3;3;0;0;3;3;6;3;9;4;14;3;0;28;3;0;0;0;0;0;0;0;0;0;0;0;
2024;2025;67552433;2675500;1243300;241;14365;5;5;0;0;0;0;0;3;0;3;0;0;3;3;0;0;0;3;0;0;0;0;0;0;0;0;0;3;0;0;0;0;0;0;0;0;0;4;0;0;0;0;0;0;0;0;0;0;0;0;0;0;0;0;0;3;3;0;0;0;5;0;0;5;0;0;0;0;0;0;0;0;0;0;0;0;
2024;2025;67552454;2675500;1245400;242;13690;21;18;3;3;0;3;0;17;0;11;6;0;4;3;0;3;0;11;0;0;0;0;0;0;3;3;0;3;3;3;0;0;0;0;3;3;3;10;0;0;0;0;0;0;0;0;0;0;3;0;3;0;3;3;3;3;3;0;3;0;15;4;0;21;0;0;0;0;0;0;0;0;0;0;0;0;
2024;2025;67252510;2672500;1251000;243;13691;135;99;36;18;13;5;0;91;4;56;31;0;44;20;10;13;3;73;3;3;3;3;3;3;5;7;5;7;6;6;9;3;6;4;0;4;4;62;0;3;3;3;3;3;3;0;4;3;3;6;4;5;3;3;6;10;9;3;13;17;87;16;0;132;0;3;0;3;0;0;0;0;0;0;0;0;
2024;2025;67342526;2673400;1252600;244;13692;56;48;8;8;0;0;0;44;3;24;19;0;12;9;3;3;0;23;0;0;3;0;0;3;0;3;3;3;3;0;3;0;0;3;4;3;3;33;0;0;3;4;3;0;3;0;0;0;0;0;3;0;3;5;3;6;9;3;8;0;43;3;0;54;3;3;0;0;0;0;0;0;0;0;0;0;
2024;2025;67732514;2677300;1251400;245;13693;69;60;9;5;3;3;0;45;0;26;19;0;24;16;3;6;0;23;0;0;0;0;0;3;3;0;3;3;3;3;3;0;3;3;3;4;3;46;3;0;0;0;3;3;0;0;3;0;3;0;3;3;3;3;5;10;17;0;4;5;54;6;0;69;0;0;0;0;0;0;0;0;0;0;0;0;
2024;2025;67222535;2672200;1253500;246;13694;17;15;3;3;3;0;0;15;0;7;8;0;3;0;3;3;0;8;0;0;0;0;0;0;0;0;3;0;3;0;0;0;3;3;3;3;3;9;0;0;0;0;0;0;0;0;0;0;3;0;3;0;0;0;4;3;3;0;3;0;15;3;0;17;0;0;0;0;0;0;0;0;0;0;0;0;
2024;2025;67622500;2676200;1250000;247;13695;91;58;33;15;12;6;0;52;7;27;18;0;39;16;13;10;0;40;0;0;0;3;3;3;4;3;3;3;5;6;3;5;3;3;3;3;0;51;0;3;0;3;3;3;0;3;7;3;3;7;6;3;3;3;3;5;6;3;23;10;52;5;0;91;0;0;0;0;0;3;0;3;0;0;0;0;1
2024;2025;67662472;2676600;1247200;248;13696;25;23;3;3;0;0;0;21;0;9;12;0;4;4;0;0;0;10;0;0;0;0;3;0;3;3;0;0;0;0;3;0;3;0;3;0;3;15;0;0;0;0;3;0;0;0;0;0;0;3;3;3;3;3;3;0;6;0;3;0;22;3;0;25;0;0;0;0;0;3;0;0;0;3;0;0;1
2024;2025;67632516;2676300;1251600;249;13697;39;32;7;4;3;3;0;30;0;18;12;0;9;5;3;3;0;18;0;0;3;0;3;0;3;3;0;3;3;0;3;3;3;3;3;3;3;21;0;0;0;0;0;0;0;0;0;3;0;3;0;3;3;0;4;6;6;0;4;0;35;0;0;39;0;0;0;0;0;0;0;0;0;0;0;0;
2024;2025;67442484;2674400;1248400;250;13698;44;33;11;7;3;3;0;30;0;25;5;0;14;8;3;3;0;22;0;0;0;0;3;3;0;3;3;3;3;0;3;3;3;0;3;3;3;22;3;0;3;3;3;3;0;3;3;3;3;3;3;0;0;3;3;3;3;0;7;4;22;10;3;43;3;0;0;0;0;0;0;0;0;0;0;0;
2024;2025;67522526;2675200;1252600;251;13699;17;16;3;0;3;0;0;15;0;8;7;0;3;3;3;0;0;8;0;0;0;0;3;0;0;0;0;3;3;3;0;0;0;0;0;0;3;9;0;0;0;0;3;3;0;0;0;3;0;0;0;0;0;3;3;3;0;0;0;3;11;5;0;17;0;0;0;0;0;0;0;0;0;0;0;0;
2024;2025;68312471;2683100;1247100;261;13688;1449;1077;372;136;102;133;3;1000;597;125;277;3;449;144;84;181;40;802;11;14;15;33;42;42;59;55;73;56;64;81;64;74;35;37;20;11;16;647;10;6;23;46;20;12;20;27;30;33;40;46;51;48;37;51;39;48;60;11;147;123;815;314;39;1398;3;3;7;4;38;3;0;3;0;0;0;0;1
2024;2025;69332722;2693300;1272200;291;16621;19;19;0;0;0;0;0;18;3;8;8;0;3;3;0;0;0;4;0;0;0;0;0;3;0;0;0;0;0;3;0;0;0;0;3;0;3;15;0;0;0;0;0;0;0;0;0;0;0;0;0;0;0;3;3;0;11;0;3;3;16;3;0;19;0;0;0;0;0;0;0;0;0;0;0;0;
2024;2025;70242765;2702400;1276500;292;16122;14;14;0;0;0;0;0;14;0;8;6;0;0;0;0;0;0;4;0;0;0;0;0;0;3;3;0;0;0;3;3;0;0;0;0;0;0;10;0;0;0;0;3;0;3;0;0;0;0;0;0;3;3;3;3;0;3;0;5;3;5;3;0;14;0;0;0;0;0;0;0;0;0;0;0;0;
2024;2025;69342316;2693400;1231600;293;16123;144;116;28;17;5;6;0;104;19;56;29;0;40;20;3;17;0;78;3;0;3;3;3;6;4;4;3;8;10;4;10;7;4;3;5;4;3;66;3;3;0;0;3;3;3;0;5;3;3;0;3;4;5;6;4;10;16;0;15;17;98;14;0;144;0;0;0;0;0;0;0;0;0;0;0;0;
2024;2025;70772609;2707700;1260900;294;16081;21;16;5;3;0;3;0;13;0;10;3;0;8;3;3;3;0;10;0;0;0;0;0;3;0;3;3;3;3;3;3;0;0;3;0;0;0;11;0;0;0;0;3;0;0;3;0;3;0;0;0;3;3;3;0;3;3;4;4;3;10;3;0;17;3;3;0;0;0;0;0;0;0;0;0;0;
2024;2025;68782349;2687800;1234900;295;16080;102;81;21;12;7;3;0;80;17;44;19;0;22;13;5;3;3;54;3;3;0;3;4;0;3;4;6;3;5;7;6;4;4;3;3;3;3;48;0;0;0;0;3;3;3;0;4;3;4;3;4;3;5;3;3;7;5;3;10;6;67;18;0;101;3;0;0;0;0;0;0;0;0;0;0;0;
2024;2025;69422537;2694200;1253700;296;15671;71;60;11;3;3;6;0;60;3;44;13;0;11;3;3;7;0;43;0;3;3;3;3;3;3;4;3;0;3;4;4;3;3;5;3;3;3;28;0;0;3;0;0;3;3;3;3;0;3;0;3;4;3;0;0;5;5;3;7;7;43;13;0;70;3;0;0;0;0;0;0;0;0;0;0;0;
2024;2025;70872473;2708700;1247300;297;15653;26;24;3;3;0;3;0;21;3;13;6;0;5;3;0;4;0;11;3;0;0;0;3;0;0;0;0;3;3;0;3;3;3;3;0;0;3;15;0;0;0;0;0;3;3;0;0;0;3;0;0;3;0;0;3;3;3;0;4;3;16;4;0;26;0;0;0;0;0;0;0;0;0;0;0;0;
2024;2025;70172643;2701700;1264300;298;15631;39;38;3;3;0;0;0;30;3;20;9;0;9;7;0;3;0;16;0;3;0;3;0;0;3;0;0;0;0;3;3;0;0;3;4;3;3;23;0;3;0;0;0;0;0;0;3;0;0;0;3;0;3;3;3;6;8;3;3;4;26;4;0;37;3;0;0;0;0;0;0;0;0;0;0;0;
2024;2025;58782105;2587800;1210500;301;14995;48;47;3;0;3;0;0;44;9;25;10;0;4;4;0;0;0;13;0;0;0;0;3;3;3;3;0;3;0;0;0;3;3;3;3;3;0;35;0;0;3;0;0;0;0;0;0;3;3;3;3;3;3;0;7;9;12;3;4;7;32;4;0;47;3;0;0;0;0;0;0;0;0;0;0;0;
2024;2025;58662097;2586600;1209700;302;14996;11;11;0;0;0;0;0;10;3;4;4;0;3;3;0;0;0;7;0;0;0;0;0;0;0;0;0;0;0;0;0;3;3;0;3;3;3;4;0;0;0;0;0;0;0;0;0;0;0;0;0;0;0;0;0;0;4;0;0;3;7;3;0;11;0;0;0;0;0;0;0;0;0;0;0;0;
2024;2025;59412128;2594100;1212800;303;14997;42;41;3;3;0;0;0;41;9;25;7;0;3;3;0;0;0;21;0;0;0;0;0;0;3;3;3;0;3;3;0;0;0;3;7;3;4;21;0;0;0;3;0;0;0;0;0;3;3;0;0;0;3;4;3;4;6;0;3;3;33;6;0;42;0;0;0;0;0;0;0;0;0;0;0;0;
2024;2025;58462077;2584600;1207700;304;16124;28;27;3;3;0;0;0;25;10;14;3;0;3;3;0;0;0;9;0;3;0;0;0;0;0;0;0;3;0;0;0;0;3;3;3;0;3;19;0;0;0;0;0;0;0;3;0;0;0;3;0;3;3;3;3;3;8;0;4;3;16;7;0;28;0;0;0;0;0;0;0;0;0;0;0;0;
2024;2025;58702121;2587000;1212100;305;14999;9;9;0;0;0;0;0;8;3;7;0;0;3;3;0;0;0;3;0;0;0;0;3;0;0;0;0;0;0;0;0;0;0;0;0;3;3;6;0;0;0;0;0;0;0;0;0;0;0;0;0;0;0;3;3;3;3;0;3;0;8;0;0;9;0;0;0;0;0;0;0;0;0;0;0;0;
2024;2025;59002137;2590000;1213700;306;15474;132;123;9;3;4;3;0;116;3;86;27;0;16;8;4;4;0;62;0;0;0;3;4;4;0;3;3;3;3;5;7;4;5;7;3;7;4;70;3;0;0;0;3;3;3;3;0;3;3;4;3;3;6;9;9;18;10;3;11;13;95;12;0;131;3;0;0;0;0;3;0;3;0;0;0;0;1
2024;2025;59432065;2594300;1206500;307;15001;29;29;0;0;0;0;0;29;3;21;7;0;0;0;0;0;0;11;0;0;0;0;0;0;0;3;0;0;0;3;3;3;0;0;3;3;3;18;0;0;0;0;0;0;0;0;0;0;0;3;0;0;0;3;3;3;10;0;0;3;24;4;0;29;0;0;0;0;0;0;0;0;0;0;0;0;
2024;2025;58742078;2587400;1207800;309;15003;10;10;0;0;0;0;0;8;3;4;3;0;3;3;0;0;0;4;0;0;0;0;0;0;0;0;0;0;0;0;0;0;0;0;3;0;3;6;0;0;0;0;0;0;0;0;0;0;0;0;0;3;0;3;0;3;3;0;0;0;7;3;0;10;0;0;0;0;0;0;0;0;0;0;0;0;
2024;2025;59792125;2597900;1212500;310;15672;24;22;3;3;0;0;0;21;4;13;4;0;3;3;0;0;0;7;0;0;0;0;0;0;0;0;0;0;0;0;3;3;3;3;0;0;3;17;0;0;0;0;0;0;0;0;0;0;0;3;0;0;0;3;3;5;7;0;0;0;17;7;0;24;0;0;0;0;0;0;0;0;0;0;0;0;
2024;2025;59542097;2595400;1209700;311;15005;26;25;3;3;0;0;0;25;0;18;7;0;3;3;0;0;0;15;0;0;3;0;0;0;0;0;3;3;3;3;3;3;3;0;3;3;0;11;0;0;3;0;0;0;0;0;3;0;3;0;3;0;0;0;3;3;3;0;3;9;12;3;0;26;0;0;0;0;0;0;0;0;0;0;0;0;
2024;2025;59042094;2590400;1209400;312;15006;16;16;0;0;0;0;0;16;3;10;4;0;0;0;0;0;0;6;0;0;0;3;0;0;0;3;0;3;3;3;0;0;0;0;0;0;0;10;0;0;0;0;0;3;0;3;0;3;0;0;3;3;3;0;3;0;3;0;3;3;6;6;0;16;0;0;0;0;0;0;0;0;0;0;0;0;
2024;2025;62512322;2625100;1232200;321;15007;46;38;8;6;3;3;0;33;3;25;6;0;13;10;3;3;0;25;3;0;3;3;0;3;3;3;3;3;3;0;3;3;3;3;0;3;3;21;3;0;0;0;3;0;0;3;3;3;3;3;0;5;3;3;3;3;3;0;8;3;21;16;0;46;0;0;0;0;0;0;0;0;0;0;0;0;
2024;2025;63012205;2630100;1220500;322;15008;4;4;0;0;0;0;0;4;3;3;3;0;0;0;0;0;0;3;0;0;0;0;0;0;0;0;0;0;0;0;0;0;0;0;3;0;0;3;0;0;0;0;0;0;0;0;0;0;0;0;0;0;0;0;0;3;3;0;0;0;3;3;0;4;0;0;0;0;0;0;0;0;0;0;0;0;
2024;2025;62252318;2622500;1231800;323;15009;6;6;0;0;0;0;0;6;3;3;3;0;0;0;0;0;0;3;0;0;0;0;0;0;0;3;0;0;0;0;0;0;3;0;0;0;0;4;0;0;0;0;0;0;0;0;3;0;0;0;0;0;0;0;0;3;3;0;0;0;4;3;0;6;0;0;0;0;0;0;0;0;0;0;0;0;
2024;2025;62412260;2624100;1226000;324;15010;8;8;0;0;0;0;0;8;3;4;3;0;0;0;0;0;0;3;0;0;0;0;0;0;0;0;0;0;0;0;0;0;0;0;0;3;0;7;0;0;0;0;0;0;0;0;3;0;0;0;0;0;3;3;3;0;3;0;0;0;5;3;0;8;0;0;0;0;0;0;0;0;0;0;0;0;
2024;2025;62952261;2629500;1226100;325;15011;3;3;0;0;0;0;0;3;3;3;0;0;0;0;0;0;0;0;0;0;0;0;0;0;0;0;0;0;0;0;0;0;0;0;0;0;0;3;0;0;0;0;0;0;0;0;0;0;0;0;0;0;0;0;0;3;3;0;0;0;0;3;0;3;0;0;0;0;0;0;0;0;0;0;0;0;
2024;2025;63292218;2632900;1221800;326;15012;11;11;0;0;0;0;0;11;3;7;3;0;0;0;0;0;0;3;0;0;0;0;0;0;0;0;0;0;0;3;0;0;3;0;3;0;0;8;0;0;0;0;0;0;0;0;0;0;0;0;0;0;0;0;0;3;5;0;0;0;4;7;0;11;0;0;0;0;0;0;0;0;0;0;0;0;
2024;2025;62642291;2626400;1229100;329;16606;148;122;26;13;8;5;0;118;41;37;39;3;30;18;6;5;3;70;0;3;3;3;3;3;5;6;5;5;5;3;7;5;9;3;5;3;4;78;3;3;3;3;0;3;3;6;3;3;5;3;3;3;3;5;13;10;16;3;13;15;97;20;0;145;3;3;0;0;0;3;3;0;0;0;0;0;1
2024;2025;62672267;2626700;1226700;331;15015;17;15;3;3;0;3;0;16;3;7;8;0;3;0;0;3;0;10;0;0;0;0;0;0;3;0;0;3;0;3;3;0;3;3;3;3;3;7;0;0;0;0;0;0;0;0;0;0;3;0;0;3;0;3;3;3;0;0;6;3;8;3;0;17;0;0;0;0;0;0;0;0;0;0;0;0;
2024;2025;62732239;2627300;1223900;332;15475;42;42;0;0;0;0;0;40;7;25;8;0;3;3;0;3;0;17;0;0;0;3;0;0;3;0;3;0;3;0;3;3;0;0;0;5;3;25;0;0;3;0;0;0;3;3;3;0;0;0;3;0;3;0;4;6;9;0;4;5;17;16;0;42;0;0;0;0;0;0;0;0;0;0;0;0;
2024;2025;63132258;2631300;1225800;333;15017;10;8;3;3;0;3;0;9;0;7;3;0;3;0;0;3;0;6;0;0;3;0;0;3;0;0;0;3;0;3;3;0;0;0;0;0;0;4;0;0;0;0;0;0;0;3;0;0;0;0;0;0;3;0;0;3;0;0;4;0;6;0;0;10;0;0;0;0;0;0;0;0;0;0;0;0;
2024;2025;62342168;2623400;1216800;335;15019;5;5;0;0;0;0;0;4;3;3;0;0;3;0;0;3;0;3;0;0;0;0;0;0;0;0;0;0;3;0;0;0;0;0;0;3;0;3;0;0;0;0;0;0;0;0;0;0;0;0;0;0;0;0;0;3;3;0;3;0;3;3;0;5;0;0;0;0;0;0;0;0;0;0;0;0;
2024;2025;62902322;2629000;1232200;337;15021;35;34;3;0;3;0;0;32;3;19;11;0;3;3;0;3;0;18;0;0;0;0;3;3;3;0;0;3;3;0;4;3;3;3;3;0;0;17;3;0;0;3;3;3;0;0;0;0;3;0;3;0;3;0;3;3;6;3;9;3;19;5;0;34;0;0;0;0;3;0;0;0;0;0;0;0;
2024;2025;62862206;2628600;1220600;338;15022;16;15;3;0;3;0;0;15;3;6;6;0;3;0;3;0;0;3;0;0;0;0;0;0;0;0;0;3;0;0;3;0;0;0;0;0;3;13;0;0;3;0;0;0;3;0;0;0;0;0;0;0;3;3;3;3;4;0;3;3;8;4;0;16;0;0;0;0;0;0;0;0;0;0;0;0;
2024;2025;62722173;2627200;1217300;339;15023;5;5;0;0;0;0;0;5;3;3;0;0;0;0;0;0;0;3;0;0;0;0;0;0;0;0;0;0;0;0;0;0;3;0;0;0;3;3;0;0;0;0;0;0;0;0;0;0;0;0;0;0;3;0;0;3;0;0;0;0;3;3;0;5;0;0;0;0;0;0;0;0;0;0;0;0;
2024;2025;62552249;2625500;1224900;340;15024;14;14;0;0;0;0;0;13;3;8;3;0;3;0;0;3;0;6;3;0;0;0;0;0;0;3;0;0;0;3;0;3;0;0;0;0;3;8;3;0;0;0;0;0;3;0;0;0;0;0;0;0;0;0;3;3;3;0;3;0;6;5;0;13;0;0;0;3;0;0;0;0;0;0;0;0;
2024;2025;62492335;2624900;1233500;341;15025;5;5;0;0;0;0;0;5;0;5;0;0;0;0;0;0;0;3;0;0;0;0;0;0;0;0;0;0;3;3;0;3;0;0;0;0;0;3;0;0;0;0;0;0;0;0;0;0;0;0;0;3;0;0;0;3;0;0;0;0;3;3;0;5;0;0;0;0;0;0;0;0;0;0;0;0;
2024;2025;62322293;2623200;1229300;342;15026;39;38;3;3;0;0;0;38;6;26;6;0;3;3;0;0;0;15;0;0;0;0;0;3;0;3;0;0;3;0;3;3;0;3;3;3;3;24;0;0;0;0;0;0;3;0;0;0;0;3;3;0;0;3;4;6;8;0;3;3;32;4;0;39;0;0;0;0;0;0;0;0;0;0;0;0;
2024;2025;62532207;2625300;1220700;344;15027;11;11;0;0;0;0;0;10;3;7;3;0;3;3;0;0;0;3;0;0;0;0;0;0;0;0;0;0;0;0;0;3;0;0;3;0;3;8;0;0;0;0;0;0;0;0;0;3;0;3;0;0;0;0;3;3;3;3;0;0;4;6;0;10;3;0;0;0;0;0;0;0;0;0;0;0;
2024;2025;62872343;2628700;1234300;345;15028;25;23;3;3;3;0;0;23;3;11;9;0;3;3;3;0;0;12;0;0;0;0;0;3;0;0;0;3;3;0;0;3;0;0;3;3;3;13;0;0;0;0;0;0;0;0;0;0;3;3;0;3;3;3;3;3;4;3;3;3;13;7;0;24;0;3;0;0;0;0;0;0;0;0;0;0;
2024;2025;60011997;2600100;1199700;351;15029;758;580;178;48;49;79;3;550;284;140;122;4;208;62;49;90;7;381;11;12;4;14;13;14;20;33;29;23;30;35;32;27;29;12;19;9;15;377;7;5;9;10;10;14;22;12;12;9;16;28;25;20;24;25;29;44;56;8;98;54;427;122;49;714;4;3;3;8;29;10;3;3;3;3;3;0;1
2024;2025;60432026;2604300;1202600;352;15030;93;90;3;3;0;3;0;83;8;56;19;0;10;9;0;3;0;33;0;0;0;0;0;0;3;3;0;0;3;3;3;3;3;3;4;9;8;60;0;0;0;3;3;3;0;0;0;0;3;3;0;3;3;3;7;16;27;0;7;7;73;6;0;93;0;0;0;0;0;0;0;0;0;0;0;0;
2024;2025;60002031;2600000;1203100;353;15031;60;57;3;3;0;3;0;48;0;31;17;0;12;7;3;4;0;19;0;0;0;0;0;0;0;0;0;3;0;0;0;3;0;3;6;5;3;41;0;0;0;0;0;0;0;0;0;0;3;0;0;3;0;3;6;12;20;3;8;3;46;3;0;58;3;0;0;0;0;0;0;0;0;0;0;0;
2024;2025;59822055;2598200;1205500;354;15032;18;15;3;0;3;3;0;14;3;10;3;0;4;3;0;3;0;8;0;0;0;0;3;0;0;3;3;0;0;0;0;3;0;0;3;3;0;10;0;0;0;0;0;0;0;0;0;0;0;0;0;0;0;3;0;5;4;0;3;3;13;3;0;18;0;0;0;0;0;0;0;0;0;0;0;0;
2024;2025;59831972;2598300;1197200;355;15033;333;293;40;15;3;22;0;259;21;161;77;0;74;32;6;34;3;148;0;0;3;4;6;7;9;7;13;7;10;7;9;10;11;9;13;13;12;185;3;0;0;3;3;3;3;3;3;4;4;6;8;12;8;16;22;37;57;3;31;25;233;40;3;329;3;3;0;3;3;3;3;0;0;0;0;0;1
2024;2025;60371977;2603700;1197700;356;15034;124;104;20;8;3;9;3;96;4;58;33;3;28;16;3;10;0;55;3;0;0;0;0;3;3;3;3;4;6;8;4;4;3;4;7;3;3;69;3;3;3;0;3;3;3;3;3;0;4;3;5;3;4;10;3;12;15;5;22;15;78;4;0;118;4;0;3;3;0;0;0;0;0;0;0;0;
2024;2025;59741914;2597400;1191400;357;15035;15;15;0;0;0;0;0;15;5;7;3;0;0;0;0;0;0;6;0;0;0;0;0;0;0;0;0;0;0;3;0;0;0;0;3;3;3;9;0;0;0;0;0;0;0;0;0;0;0;0;0;0;3;3;3;4;3;0;0;0;7;8;0;15;0;0;0;0;0;0;0;0;0;0;0;0;
2024;2025;60652009;2606500;1200900;358;15036;16;14;3;3;0;3;0;10;0;6;4;0;6;4;3;3;0;5;0;0;0;0;3;0;0;0;0;0;0;0;3;3;0;0;3;0;0;11;0;0;0;0;0;0;0;0;0;0;3;3;3;0;3;3;3;3;0;3;3;3;11;0;0;15;0;0;3;0;0;0;0;0;0;0;0;0;
2024;2025;60931994;2609300;1199400;359;15037;42;42;0;0;0;0;0;40;3;32;6;0;3;0;0;3;0;23;0;3;0;0;0;3;3;4;5;3;3;3;3;3;0;0;3;3;3;19;0;0;0;0;0;3;0;0;0;3;3;3;3;3;4;3;3;3;3;3;6;4;25;6;0;41;3;0;0;0;0;0;0;0;0;0;0;0;
2024;2025;59392025;2593900;1202500;360;15038;59;53;6;3;3;3;3;47;3;26;18;0;12;3;3;7;0;33;0;0;0;0;3;3;4;3;3;3;3;0;4;0;3;3;3;3;4;26;0;0;0;0;0;3;3;3;3;3;0;0;3;3;3;0;3;5;6;0;14;5;37;3;0;59;0;0;0;0;0;0;0;0;0;0;0;0;
2024;2025;60122053;2601200;1205300;361;15039;124;69;55;3;33;18;3;67;3;40;25;0;57;8;30;19;0;56;3;3;3;7;4;3;0;4;4;4;0;4;4;3;3;3;5;4;3;68;4;4;3;3;0;0;0;5;3;3;3;3;0;3;3;5;11;11;10;9;20;4;65;8;18;105;3;3;0;3;15;7;0;3;3;3;3;0;1
2024;2025;60312027;2603100;1202700;362;15040;130;114;16;6;4;6;0;103;0;79;24;0;27;9;8;9;3;62;0;3;0;3;0;7;3;3;5;7;4;4;6;5;4;4;5;3;3;68;0;3;0;3;3;3;4;3;3;0;3;3;3;6;6;6;6;13;11;0;16;13;93;8;0;130;0;0;0;0;0;0;0;0;0;0;0;0;
2024;2025;60362006;2603600;1200600;363;15041;260;209;51;20;9;22;0;199;0;163;36;0;61;19;10;28;4;122;3;3;3;4;5;6;10;12;10;7;10;10;9;4;7;3;5;8;7;138;3;3;4;5;6;3;3;3;5;6;5;7;7;8;6;8;16;24;22;3;47;24;152;35;0;257;3;0;0;3;0;0;0;0;0;0;0;0;
2024;2025;58552212;2585500;1221200;371;15042;558;436;122;49;21;51;3;408;165;106;137;0;150;53;26;68;3;287;10;4;7;4;14;15;28;28;25;22;20;19;26;20;9;12;5;8;11;271;6;3;3;5;4;7;9;19;17;9;10;6;19;12;12;15;26;30;62;15;102;69;289;81;3;541;7;5;3;3;3;3;0;0;3;0;0;0;1
2024;2025;58502220;2585000;1222000;372;15043;24;23;3;3;0;0;0;22;0;15;7;0;3;3;0;0;0;12;3;0;0;0;0;0;0;3;0;0;3;3;3;0;3;0;0;3;3;12;0;0;0;0;0;0;3;0;3;0;3;3;0;0;0;0;0;5;3;0;5;3;13;3;0;24;0;0;0;0;0;3;0;0;0;3;0;0;1
2024;2025;59932239;2599300;1223900;381;15044;13;13;0;0;0;0;0;11;3;7;3;0;3;3;0;0;0;3;0;0;0;0;0;0;0;0;0;0;0;0;0;0;3;0;0;0;3;10;0;0;0;0;0;0;0;0;0;0;0;0;0;0;3;3;3;5;3;0;3;3;10;0;0;13;0;0;0;0;0;0;0;0;0;0;0;0;
2024;2025;59272172;2592700;1217200;382;15045;6;6;0;0;0;0;0;6;3;4;3;0;0;0;0;0;0;4;0;0;0;0;0;0;0;0;0;0;0;0;0;0;3;3;3;0;0;3;0;0;0;0;0;0;0;0;0;3;0;0;0;0;0;0;0;3;0;0;0;3;5;0;0;6;0;0;0;0;0;0;0;0;0;0;0;0;
2024;2025;59502209;2595000;1220900;383;15046;21;16;5;4;0;3;0;17;3;7;9;0;4;3;3;3;0;10;0;0;0;0;0;0;3;0;0;3;3;0;3;0;3;0;3;0;0;11;0;0;0;0;3;0;3;0;0;0;0;3;0;0;3;0;3;3;3;0;4;5;10;3;0;21;0;0;0;0;0;0;0;0;0;0;0;0;
2024;2025;59422175;2594200;1217500;385;15048;10;8;3;3;0;0;0;8;3;5;3;0;3;3;0;0;0;6;0;0;0;0;3;0;3;0;0;3;0;0;0;0;0;0;0;3;3;4;0;0;0;0;0;0;0;0;0;3;0;3;0;0;0;0;3;0;3;0;4;0;3;3;0;10;0;0;0;0;0;3;3;0;0;0;0;0;1
2024;2025;59262188;2592600;1218800;386;15049;4;4;0;0;0;0;0;4;3;3;3;0;0;0;0;0;0;3;0;0;0;0;0;0;3;0;0;0;0;0;0;0;0;0;3;0;0;3;0;0;0;0;0;0;0;0;0;0;0;0;0;0;0;3;0;0;3;0;0;0;3;3;0;4;0;0;0;0;0;0;0;0;0;0;0;0;
2024;2025;59452257;2594500;1225700;387;15050;45;36;9;3;3;4;0;33;4;19;10;0;12;6;3;5;0;18;0;0;0;0;0;3;3;3;0;3;0;3;3;3;3;0;3;3;3;27;0;0;0;0;3;3;3;0;0;0;3;0;3;0;3;5;4;5;6;4;7;6;21;7;0;41;3;0;0;0;3;0;0;0;0;0;0;0;
2024;2025;60142248;2601400;1224800;388;15051;5;5;0;0;0;0;0;5;3;3;3;0;0;0;0;0;0;3;0;0;0;0;0;0;0;0;0;0;0;0;0;0;0;0;0;0;3;4;0;0;0;0;0;0;0;0;0;0;0;0;0;0;0;3;0;0;3;0;0;0;3;4;0;5;0;0;0;0;0;0;0;0;0;0;0;0;
2024;2025;59322232;2593200;1223200;390;15053;21;20;3;3;0;0;0;19;3;12;5;0;3;3;0;0;0;7;0;0;0;0;0;0;0;0;3;0;3;0;0;0;0;0;0;4;3;14;0;0;0;0;0;0;0;0;0;0;0;3;3;3;3;0;3;0;6;0;0;3;14;4;0;21;0;0;0;0;0;0;0;0;0;0;0;0;
2024;2025;59752197;2597500;1219700;391;15054;7;7;0;0;0;0;0;7;3;3;3;0;0;0;0;0;0;3;0;0;0;0;0;3;0;0;0;0;0;0;0;0;0;3;3;0;0;4;0;0;0;0;0;0;0;0;0;0;0;0;0;3;0;0;3;3;3;0;3;0;3;3;0;7;0;0;0;0;0;0;0;0;0;0;0;0;
2024;2025;59232249;2592300;1224900;392;15055;20;13;7;3;3;3;0;13;3;5;6;0;7;3;3;4;0;13;0;0;0;0;3;0;3;0;0;3;3;0;3;3;3;3;3;0;0;7;0;0;0;0;3;0;0;0;0;0;3;0;3;0;0;0;3;3;3;0;4;3;9;4;0;20;0;0;0;0;0;0;0;0;0;0;0;0;
2024;2025;59752223;2597500;1222300;393;15056;14;11;3;0;3;0;0;13;3;4;7;0;3;0;3;0;0;8;3;0;0;0;3;0;3;0;0;0;0;0;3;0;3;0;3;3;0;6;0;0;0;0;0;0;0;3;0;0;3;0;0;0;0;0;0;3;3;0;3;3;6;6;0;14;0;0;0;0;0;0;0;0;0;0;0;0;
2024;2025;59712146;2597100;1214600;394;15057;5;5;0;0;0;0;0;5;3;3;3;0;0;0;0;0;0;3;0;0;0;0;0;0;0;0;3;0;0;0;0;0;0;0;0;3;0;3;0;0;0;0;0;0;0;0;0;0;0;0;0;0;0;0;0;3;3;0;0;0;3;3;0;5;0;0;0;0;0;0;0;0;0;0;0;0;
2024;2025;60902160;2609000;1216000;401;15058;17;17;0;0;0;0;0;15;3;11;3;0;3;3;0;0;0;7;0;0;0;0;0;0;0;3;3;0;0;0;3;0;3;0;0;3;3;10;0;0;0;0;0;0;0;0;0;0;0;0;0;0;0;3;3;4;4;0;3;3;10;4;0;17;0;0;0;0;0;0;0;0;0;0;0;0;
2024;2025;61552192;2615500;1219200;402;15059;8;8;0;0;0;0;0;8;3;5;3;0;0;0;0;0;0;3;0;0;0;0;0;0;0;0;0;0;0;0;0;0;0;3;0;0;3;6;0;0;0;0;0;0;0;0;0;0;0;0;0;0;0;3;3;3;3;0;0;0;7;3;0;8;0;0;0;0;0;0;0;0;0;0;0;0;
2024;2025;60672076;2606700;1207600;403;15060;9;9;0;0;0;0;0;8;0;3;5;0;3;3;0;0;0;4;0;0;0;0;0;3;0;0;0;0;0;0;3;0;0;3;0;0;0;5;0;0;0;0;0;0;0;0;0;0;0;3;3;0;0;3;0;0;3;0;3;0;5;3;0;9;0;0;0;0;0;0;0;0;0;0;0;0;
2024;2025;61402117;2614000;1211700;404;15061;168;151;17;6;5;5;3;147;38;82;27;0;21;5;5;9;3;87;3;0;3;3;3;3;7;8;10;5;5;6;3;9;6;6;3;3;7;81;3;0;3;3;0;3;3;3;8;0;3;5;4;8;3;3;10;7;18;3;24;19;96;27;0;166;3;0;0;0;3;0;0;0;0;0;0;0;
2024;2025;61202160;2612000;1216000;405;15673;24;23;3;3;0;0;0;22;10;11;3;0;3;3;0;0;0;11;0;0;0;0;0;3;0;3;0;0;0;0;3;0;3;0;0;3;5;13;0;0;0;0;0;0;0;0;3;0;0;0;0;0;3;3;3;3;5;3;0;0;15;8;0;23;0;0;3;0;0;0;0;0;0;0;0;0;
2024;2025;61652073;2616500;1207300;406;15063;52;50;3;0;0;3;0;48;6;35;7;0;4;3;0;3;0;21;0;0;0;0;3;0;3;3;3;3;0;3;5;0;3;3;3;0;3;31;0;0;0;0;0;0;3;0;3;3;0;3;3;0;0;3;3;11;10;0;7;3;34;9;0;52;0;0;0;0;0;0;0;0;0;0;0;0;
2024;2025;61682127;2616800;1212700;407;15064;16;15;3;0;0;3;0;14;3;10;3;0;3;3;0;3;0;10;0;0;0;0;0;3;0;0;0;0;0;3;3;4;0;0;3;3;0;6;0;0;0;0;0;0;3;0;3;0;0;0;0;0;0;0;0;3;3;0;3;3;7;6;3;15;0;0;0;0;3;0;0;0;0;0;0;0;
2024;2025;61592217;2615900;1221700;408;15065;3;3;0;0;0;0;0;3;0;3;0;0;0;0;0;0;0;0;0;0;0;0;0;0;0;0;0;0;0;0;0;0;0;0;0;0;0;3;0;0;0;0;0;0;0;0;0;0;3;0;0;0;0;0;0;0;0;0;0;3;0;0;0;3;0;0;0;0;0;0;0;0;0;0;0;0;
2024;2025;60782101;2607800;1210100;409;16607;37;32;5;4;0;3;0;32;3;16;13;0;5;4;0;3;0;17;0;0;0;3;3;0;0;0;3;3;3;3;3;0;3;3;3;3;3;20;0;0;0;0;3;3;0;0;0;3;0;0;3;0;3;0;3;3;10;3;5;3;22;5;0;35;3;3;0;0;0;0;0;0;0;0;0;0;
2024;2025;61472213;2614700;1221300;410;15067;5;5;0;0;0;0;0;5;0;4;3;0;0;0;0;0;0;3;0;0;0;0;0;0;0;0;0;0;0;0;0;0;0;0;0;3;3;3;0;0;0;0;0;0;0;0;0;0;0;0;0;0;3;0;0;0;3;0;0;0;5;0;0;5;0;0;0;0;0;0;0;0;0;0;0;0;
2024;2025;61102148;2611000;1214800;412;15069;59;51;8;5;3;3;0;48;3;35;11;0;11;6;3;3;3;21;0;0;0;0;3;0;3;3;3;0;0;3;0;3;3;4;4;3;5;38;0;0;0;0;0;3;3;3;3;0;3;3;4;3;3;4;5;7;5;3;7;6;38;7;0;58;3;0;0;0;0;0;0;0;0;0;0;0;
2024;2025;61252202;2612500;1220200;413;15070;10;10;0;0;0;0;0;10;3;7;3;0;0;0;0;0;0;4;0;0;0;0;0;3;0;0;0;3;0;0;0;3;0;0;0;0;0;6;0;0;0;0;3;0;0;0;3;0;0;0;3;0;0;0;3;3;0;0;3;3;5;3;0;10;0;0;0;0;0;0;0;0;0;0;0;0;
2024;2025;60972065;2609700;1206500;414;15071;20;19;3;0;0;3;0;17;3;12;3;0;3;3;0;3;0;11;0;0;0;0;0;3;3;0;3;3;3;3;0;3;0;0;0;0;3;9;0;0;0;3;0;0;0;0;0;0;3;0;0;0;0;0;3;3;4;3;6;3;11;3;0;19;3;0;0;0;0;0;0;0;0;0;0;0;
2024;2025;61062129;2610600;1212900;415;15072;8;7;3;3;0;0;0;5;0;5;0;0;3;3;3;0;0;4;0;0;0;0;3;0;0;3;0;0;0;3;0;0;0;0;3;0;0;4;0;0;0;0;3;0;0;0;0;0;0;0;0;0;3;0;0;0;3;0;3;3;6;0;0;8;0;0;0;0;0;0;0;0;0;0;0;0;
2024;2025;61432096;2614300;1209600;418;15075;26;22;4;3;0;3;0;22;0;18;4;0;4;3;0;3;0;14;0;0;0;3;3;3;3;0;3;3;3;3;0;3;0;3;3;0;0;12;0;0;0;0;0;0;0;3;0;0;3;3;3;3;3;3;0;0;3;3;7;5;12;3;0;25;3;0;0;0;0;0;0;0;0;0;0;0;
2024;2025;61002151;2610000;1215100;420;15077;29;24;5;3;0;3;0;24;3;17;5;0;5;3;0;3;3;15;0;0;0;0;0;0;3;3;3;0;3;3;3;3;0;3;3;3;3;14;0;0;0;0;3;0;0;0;3;0;3;0;0;0;3;0;3;4;4;0;7;3;19;3;0;29;0;0;0;0;0;0;0;0;0;0;0;0;
2024;2025;61062115;2610600;1211500;422;15079;3;3;0;0;0;0;0;3;0;3;0;0;0;0;0;0;0;0;0;0;0;0;0;0;0;0;0;0;0;0;0;0;0;0;0;0;0;3;0;0;0;0;0;0;0;0;0;0;0;0;0;0;0;0;0;3;3;0;0;0;3;0;0;3;0;0;0;0;0;0;0;0;0;0;0;0;
2024;2025;61332217;2613300;1221700;423;15080;3;3;0;0;0;0;0;3;0;3;0;0;0;0;0;0;0;0;0;0;0;0;0;0;0;0;0;0;0;0;0;0;0;0;0;0;0;3;0;0;0;0;0;0;0;0;0;0;0;3;0;0;0;0;0;3;0;0;0;0;0;3;0;3;0;0;0;0;0;0;0;0;0;0;0;0;
2024;2025;61732172;2617300;1217200;424;15081;27;27;0;0;0;0;0;26;6;17;3;0;3;3;0;0;0;8;0;0;0;0;0;0;0;3;0;3;3;0;0;3;3;3;3;3;0;19;0;0;0;3;0;0;0;3;3;0;0;0;0;3;3;0;0;6;7;0;0;3;16;10;0;27;0;0;0;0;0;0;0;0;0;0;0;0;
2024;2025;57752270;2577500;1227000;431;15082;18;18;0;0;0;0;0;16;3;9;6;0;3;3;0;0;0;7;0;0;0;0;0;0;0;0;0;0;3;3;0;0;3;0;0;3;3;11;0;0;0;0;0;0;0;0;0;3;0;0;0;0;0;0;3;3;6;0;3;3;13;3;0;18;0;0;0;0;0;0;0;0;0;0;0;0;
2024;2025;57082247;2570800;1224700;432;15083;8;6;3;3;0;0;0;6;0;3;3;0;3;3;0;0;0;3;0;0;0;0;0;3;0;0;0;0;0;0;0;3;0;3;0;0;0;5;0;0;0;0;0;0;0;0;0;0;0;0;0;0;0;3;3;3;3;0;3;3;4;3;0;8;0;0;0;0;0;0;0;0;0;0;0;0;
2024;2025;57492266;2574900;1226600;433;15084;9;9;0;0;0;0;0;9;0;6;3;0;0;0;0;0;0;4;0;0;0;0;0;0;0;0;0;0;0;3;0;3;0;0;0;0;3;5;0;0;0;0;0;0;0;0;0;0;0;0;0;0;0;0;3;3;3;0;3;0;6;3;0;9;0;0;0;0;0;0;0;0;0;0;0;0;
2024;2025;57232254;2572300;1225400;434;15085;11;9;3;0;3;3;0;7;3;3;3;0;4;3;3;3;0;3;0;0;0;0;0;0;0;3;0;0;3;3;0;0;0;0;0;0;0;8;0;0;0;0;0;0;0;0;0;3;0;0;0;0;0;3;3;3;0;0;3;0;5;3;0;11;0;0;0;0;0;0;0;0;0;0;0;0;
2024;2025;56132196;2561300;1219600;441;15092;11;10;3;0;0;3;0;8;3;4;3;0;3;3;0;3;0;5;0;0;0;0;0;3;0;0;0;0;0;0;0;0;3;3;0;3;0;6;0;0;0;0;0;0;0;3;0;0;0;0;3;0;3;3;0;3;3;0;3;0;8;3;0;11;0;0;0;0;0;0;0;0;0;0;0;0;
2024;2025;59262264;2592600;1226400;442;15093;3;3;0;0;0;0;0;3;0;0;3;0;0;0;0;0;0;3;0;0;0;0;0;0;0;0;0;0;0;0;3;0;0;0;0;0;0;3;0;0;0;0;0;0;0;0;0;0;0;0;0;0;3;0;0;0;0;0;0;3;3;0;0;3;0;0;0;0;0;0;0;0;0;0;0;0;
2024;2025;56662220;2566600;1222000;443;15094;28;26;3;3;0;0;0;23;10;8;5;0;5;3;0;3;0;17;0;0;0;0;0;0;0;3;3;3;3;0;0;3;4;3;3;3;0;11;0;0;0;0;0;0;0;0;3;0;0;3;3;3;3;3;3;3;3;0;3;3;22;3;0;28;0;0;0;0;0;0;0;0;0;0;0;0;
2024;2025;58032273;2580300;1227300;444;15095;22;21;3;3;0;0;0;21;3;14;6;0;3;3;0;0;0;15;3;3;3;0;3;0;0;3;0;3;3;0;3;0;0;0;3;3;3;7;0;0;0;0;0;0;0;3;0;0;3;0;0;0;3;3;3;3;3;0;0;4;10;8;0;22;0;0;0;0;0;0;0;0;0;0;0;0;
2024;2025;56402210;2564000;1221000;445;15096;17;16;3;3;0;0;0;15;3;7;6;0;3;3;0;0;0;9;0;0;0;0;0;0;0;0;0;3;0;3;0;3;3;3;0;3;3;8;0;0;0;0;0;0;0;0;0;0;0;0;3;0;0;0;3;0;4;0;3;3;10;4;0;17;0;0;0;0;0;0;0;0;0;0;0;0;
2024;2025;57452303;2574500;1230300;446;15097;12;10;3;0;3;0;0;10;3;5;4;0;3;0;3;0;0;9;0;0;0;0;0;3;3;0;3;0;3;3;0;0;3;0;0;3;0;3;0;0;0;0;0;0;0;0;0;3;0;0;0;0;0;0;3;0;3;0;3;3;4;4;0;12;0;0;0;0;0;0;0;0;0;0;0;0;
2024;2025;56822231;2568200;1223100;448;15099;15;14;3;3;0;0;0;14;3;7;6;0;3;3;0;0;0;5;0;0;0;0;3;0;0;0;0;0;0;0;0;3;0;0;0;3;3;10;0;0;0;0;0;0;0;0;0;0;0;0;0;0;3;3;0;3;4;0;3;3;8;4;0;15;0;0;0;0;0;0;0;0;0;0;0;0;
2024;2025;58852264;2588500;1226400;449;15632;10;9;3;3;0;0;0;9;3;6;3;0;3;3;0;0;0;3;0;0;0;0;0;0;0;0;3;0;3;0;0;0;0;0;3;0;0;7;0;0;0;0;0;0;0;0;0;0;0;0;0;0;3;3;3;3;3;0;3;0;8;3;0;10;0;0;0;0;0;0;0;0;0;0;0;0;
2024;2025;58572270;2585700;1227000;450;15658;22;18;4;3;3;0;0;18;4;8;6;0;4;3;3;0;0;12;0;0;0;0;0;0;0;0;0;0;4;0;3;3;0;3;3;3;3;10;0;0;0;0;0;0;0;0;0;0;0;3;3;0;3;3;3;3;3;0;3;0;17;3;0;22;0;0;0;0;0;0;0;0;0;0;0;0;
2024;2025;57792080;2577900;1208000;491;15100;4;4;0;0;0;0;0;4;3;3;0;0;0;0;0;0;0;3;0;0;0;0;0;0;0;0;0;0;0;0;0;0;0;0;0;3;3;3;0;0;0;0;0;0;0;0;0;0;0;0;0;0;0;0;0;0;3;0;3;0;0;3;0;4;0;0;0;0;0;0;0;0;0;0;0;0;
2024;2025;57402103;2574000;1210300;492;15101;12;10;3;3;3;0;0;10;3;6;3;0;3;3;3;0;0;4;0;0;0;0;0;3;0;3;3;0;0;0;0;3;0;0;0;0;0;8;0;0;0;0;0;0;0;0;0;0;0;0;3;0;0;3;3;3;3;0;3;3;8;0;0;12;0;0;0;0;0;0;0;0;0;0;0;0;
2024;2025;58032082;2580300;1208200;493;15102;7;4;3;3;0;3;0;4;0;4;0;0;3;3;0;3;0;3;0;0;0;3;0;0;0;0;3;0;0;0;0;0;0;3;0;0;0;4;0;0;0;0;0;0;3;0;0;0;0;0;0;0;0;0;3;3;0;0;3;3;3;0;0;7;0;0;0;0;0;0;0;0;0;0;0;0;
2024;2025;57052086;2570500;1208600;494;15103;7;7;0;0;0;0;0;5;0;3;4;0;3;3;0;3;0;4;0;0;0;0;0;0;0;0;0;0;0;0;3;3;0;0;3;0;0;3;0;0;0;0;0;0;0;0;0;0;0;3;3;0;0;0;0;0;3;0;0;3;5;3;0;7;0;0;0;0;0;0;0;0;0;0;0;0;
2024;2025;57112071;2571100;1207100;495;15104;8;6;3;3;0;0;0;7;0;5;3;0;3;3;0;0;0;5;0;0;0;0;0;0;0;3;0;3;0;0;0;3;3;0;0;0;0;3;0;0;0;0;0;0;0;0;0;0;0;0;0;0;0;3;3;0;3;3;3;0;4;3;0;6;3;0;3;0;0;0;0;0;0;0;0;0;
2024;2025;57462062;2574600;1206200;496;15105;27;24;3;3;3;0;0;23;3;12;8;0;4;3;3;0;0;10;0;0;0;0;3;0;0;0;0;3;3;0;0;3;3;3;3;3;0;17;0;0;0;0;3;0;0;0;0;3;3;3;0;3;3;3;3;3;5;0;6;3;14;5;0;27;0;0;0;0;0;0;0;0;0;0;0;0;
2024;2025;57822106;2578200;1210600;497;15106;3;3;0;0;0;0;0;0;0;0;0;0;3;3;0;0;0;0;0;0;0;0;0;0;0;0;0;0;0;0;0;0;0;0;0;0;0;3;0;0;0;0;0;0;0;0;0;0;0;0;0;0;0;0;0;3;0;0;0;0;3;0;0;3;0;0;0;0;0;0;0;0;0;0;0;0;
2024;2025;57782050;2577800;1205000;498;15107;21;16;5;5;0;0;0;16;4;8;4;0;5;5;0;0;0;9;0;0;0;0;3;0;3;3;3;3;0;0;0;0;3;0;0;3;3;12;0;0;0;0;0;3;0;0;0;0;0;0;0;3;0;3;3;3;3;3;5;0;12;3;0;20;0;3;0;0;0;0;0;0;0;0;0;0;
2024;2025;58112091;2581100;1209100;499;15108;10;6;4;4;0;0;0;6;3;5;0;0;4;4;0;0;0;6;0;0;0;0;0;3;0;3;0;3;0;0;0;0;0;0;3;3;0;4;0;0;0;0;0;0;0;3;3;0;0;0;0;3;0;0;0;3;0;0;4;3;3;3;0;10;0;0;0;0;0;0;0;0;0;0;0;0;
2024;2025;57892065;2578900;1206500;500;15109;5;4;3;3;0;0;0;4;0;3;3;0;3;0;3;0;0;3;0;0;0;0;0;0;0;0;3;0;0;3;0;0;0;0;0;0;0;3;0;0;0;0;0;0;0;0;0;0;0;0;0;0;0;0;0;3;3;0;0;3;3;3;0;5;0;0;0;0;0;0;0;0;0;0;0;0;
2024;2025;57242084;2572400;1208400;501;15110;4;3;3;0;0;3;0;3;3;3;3;0;3;0;0;3;0;3;0;0;0;0;0;0;0;0;0;0;3;3;0;0;0;0;0;0;0;3;0;0;0;0;0;0;0;0;0;0;0;0;0;0;0;0;3;0;3;0;0;0;3;3;0;4;0;0;0;0;0;0;0;0;0;0;0;0;
2024;2025;57512092;2575100;1209200;502;15111;7;7;0;0;0;0;0;7;0;5;3;0;0;0;0;0;0;3;0;0;0;0;0;0;0;0;0;0;0;0;0;0;3;3;0;3;0;4;0;0;0;0;0;0;0;0;0;0;0;0;0;0;0;0;3;0;3;0;0;0;6;3;0;7;0;0;0;0;0;0;0;0;0;0;0;0;
2024;2025;60762200;2607600;1220000;533;15113;31;30;3;3;0;0;0;27;5;9;13;0;4;4;0;0;0;9;0;0;0;0;0;0;0;0;0;3;0;3;3;0;0;3;3;3;3;22;0;0;0;0;0;0;0;0;0;0;0;3;0;3;3;3;3;3;10;0;3;3;19;9;0;31;0;0;0;0;0;0;0;0;0;0;0;0;
2024;2025;60132093;2601300;1209300;535;15115;3;3;0;0;0;0;0;3;0;3;0;0;0;0;0;0;0;3;0;0;0;0;0;0;0;0;0;0;0;0;0;0;0;3;0;0;0;0;0;0;0;0;0;0;0;0;0;0;0;0;0;0;0;0;0;0;0;0;0;0;0;3;0;3;0;0;0;0;0;0;0;0;0;0;0;0;
2024;2025;60652150;2606500;1215000;538;15633;45;43;3;3;0;0;0;40;3;29;9;0;5;3;0;3;0;21;0;0;0;3;3;3;3;0;0;0;0;0;0;3;0;3;4;3;5;24;0;0;0;0;0;0;3;0;3;3;3;3;0;3;0;0;4;6;7;0;4;8;26;7;0;45;0;0;0;0;0;0;0;0;0;0;0;0;
2024;2025;60512108;2605100;1210800;540;15634;44;43;3;3;0;0;0;37;4;21;12;0;7;4;3;3;3;22;0;0;0;0;3;3;3;3;4;3;0;3;0;3;3;3;0;4;3;22;0;0;0;0;0;0;0;3;0;3;3;3;0;3;3;3;4;3;6;4;3;3;31;4;0;42;0;0;0;0;3;0;0;0;0;0;0;0;
2024;2025;60312125;2603100;1212500;541;15120;4;4;0;0;0;0;0;4;3;3;0;0;0;0;0;0;0;3;0;0;0;0;0;0;0;0;0;0;0;3;0;0;0;0;0;0;0;3;0;0;0;0;3;0;0;0;0;0;0;0;0;0;0;0;0;0;3;0;3;0;0;3;0;4;0;0;0;0;0;0;0;0;0;0;0;0;
2024;2025;60572088;2605700;1208800;543;15122;3;3;0;0;0;0;0;3;0;3;0;0;0;0;0;0;0;0;0;0;0;0;0;0;0;0;0;0;0;0;0;0;0;0;0;0;0;3;0;0;0;0;0;0;0;0;0;0;0;0;0;0;0;0;3;0;0;0;0;0;3;0;0;3;0;0;0;0;0;0;0;0;0;0;0;0;
2024;2025;60332072;2603300;1207200;544;15123;87;82;5;3;3;3;0;77;3;50;26;0;10;4;3;5;0;44;3;0;0;3;3;3;4;4;4;4;3;3;3;7;4;3;0;3;3;43;0;3;3;0;0;0;3;3;3;3;4;3;3;5;5;3;5;8;3;7;22;4;54;0;0;80;5;3;0;0;0;26;15;9;3;3;0;0;1
2024;2025;60092078;2600900;1207800;546;16622;94;85;9;4;3;3;0;77;0;52;25;0;17;8;6;3;0;46;0;0;0;3;3;3;3;3;3;0;3;4;3;4;4;5;3;0;6;48;0;0;0;0;3;3;3;3;3;0;3;5;3;4;3;5;8;3;10;0;10;10;70;4;0;94;0;0;0;0;0;0;0;0;0;0;0;0;
2024;2025;60452085;2604500;1208500;551;15130;45;40;5;3;3;0;0;37;3;28;7;0;8;5;3;0;3;20;0;0;0;0;3;3;0;3;3;3;3;3;3;3;0;3;3;0;3;25;0;0;0;0;0;3;3;0;3;3;0;3;0;3;3;0;3;3;12;3;4;5;32;3;0;44;3;0;0;0;0;0;0;0;0;0;0;0;
2024;2025;60902196;2609000;1219600;552;15131;46;45;3;3;0;0;0;43;3;27;14;0;3;3;3;3;0;17;3;3;0;3;0;0;0;3;0;0;3;3;3;0;0;3;0;3;0;29;3;3;0;0;3;0;0;0;0;0;0;3;3;0;3;3;7;4;5;4;6;3;23;12;0;42;4;0;0;0;0;0;0;0;0;0;0;0;
2024;2025;60912223;2609100;1222300;554;15133;3;3;0;0;0;0;0;3;0;3;3;0;0;0;0;0;0;3;0;0;0;0;0;0;0;0;0;0;0;0;0;3;0;0;0;0;0;3;0;0;0;0;0;0;0;0;0;0;0;0;0;0;0;0;0;3;0;0;0;0;3;0;0;3;0;0;0;0;0;0;0;0;0;0;0;0;
2024;2025;61042230;2610400;1223000;556;15135;3;3;0;0;0;0;0;3;0;0;3;0;0;0;0;0;0;0;0;0;0;0;0;0;0;0;0;0;0;0;0;0;0;0;0;0;0;3;0;0;0;0;0;0;0;0;0;0;0;0;0;0;0;0;0;3;0;0;0;0;3;3;0;3;0;0;0;0;0;3;3;0;0;0;0;0;1
2024;2025;60262111;2602600;1211100;557;15136;3;3;0;0;0;0;0;3;0;0;3;0;0;0;0;0;0;0;0;0;0;0;0;0;0;0;0;0;0;0;0;0;0;0;0;0;0;3;0;0;0;0;0;0;0;0;0;0;0;0;0;0;0;0;0;0;3;0;0;0;3;0;0;3;0;0;0;0;0;0;0;0;0;0;0;0;
2024;2025;60921491;2609200;1149100;561;15137;16;16;0;0;0;0;0;15;4;7;4;0;3;3;0;0;0;7;0;0;0;0;0;0;3;0;0;0;3;0;0;3;0;3;0;3;3;9;0;0;0;0;0;0;0;0;3;0;0;0;0;3;0;3;3;3;3;0;0;3;10;5;0;16;0;0;0;0;0;0;0;0;0;0;0;0;
2024;2025;61971675;2619700;1167500;562;15138;28;23;5;5;0;0;0;22;0;14;8;0;6;5;0;3;0;15;0;0;0;0;0;0;3;0;3;3;3;0;3;3;3;3;0;3;0;13;0;0;3;0;0;0;0;3;0;0;0;3;0;3;0;3;3;3;3;3;9;4;9;3;0;25;3;3;0;0;0;0;0;0;0;0;0;0;
2024;2025;61601597;2616000;1159700;563;15139;60;58;3;3;0;0;0;56;20;21;15;0;4;3;0;3;0;18;0;0;0;3;3;0;0;0;3;3;0;3;3;3;3;0;0;3;3;42;0;0;0;0;0;3;0;3;3;3;3;0;4;3;3;6;5;7;10;3;6;9;34;10;0;59;0;0;3;0;0;0;0;0;0;0;0;0;
2024;2025;61721550;2617200;1155000;564;15140;13;13;0;0;0;0;0;12;3;7;3;0;3;3;0;0;0;6;0;0;0;0;0;0;0;0;0;3;0;0;0;0;3;3;3;0;3;7;0;0;0;0;0;0;0;0;0;0;0;0;3;3;0;3;0;3;3;0;3;0;7;4;0;13;0;0;0;0;0;0;0;0;0;0;0;0;
2024;2025;61811493;2618100;1149300;565;15141;7;6;3;3;0;0;0;7;0;3;4;0;0;0;0;0;0;3;0;0;0;0;0;0;0;0;0;0;0;3;0;0;0;0;3;0;0;5;0;0;0;0;0;0;0;0;3;0;0;3;0;0;3;0;3;0;0;0;3;3;3;0;0;7;0;0;0;0;0;0;0;0;0;0;0;0;
2024;2025;62211679;2622100;1167900;566;15142;4;4;0;0;0;0;0;4;3;3;3;0;0;0;0;0;0;4;0;0;0;0;0;0;0;0;0;0;0;0;3;3;3;0;0;0;3;0;0;0;0;0;0;0;0;0;0;0;0;0;0;0;0;0;0;0;0;0;0;3;3;3;0;4;0;0;0;0;0;0;0;0;0;0;0;0;
2024;2025;61951638;2619500;1163800;567;15143;26;26;0;0;0;0;0;24;4;14;6;0;3;3;0;0;0;4;0;0;0;0;0;0;0;0;0;0;0;3;0;0;3;0;0;3;3;22;0;0;0;0;0;0;0;0;0;0;0;3;0;3;3;3;3;4;10;0;3;4;13;8;0;26;0;0;0;0;0;0;0;0;0;0;0;0;
2024;2025;62731720;2627300;1172000;571;15144;15;15;0;0;0;0;0;14;0;9;5;0;3;3;0;0;0;6;0;0;0;0;0;0;3;0;3;0;3;0;0;0;3;0;3;0;0;9;0;0;0;0;0;0;0;0;0;0;3;3;3;0;3;3;0;3;0;0;3;3;8;3;0;15;0;0;0;0;0;0;0;0;0;0;0;0;
2024;2025;63491706;2634900;1170600;572;15145;28;28;0;0;0;0;0;25;3;18;4;0;3;3;0;0;0;10;0;0;0;0;0;0;0;0;0;3;0;3;0;0;3;3;3;0;3;18;0;0;0;0;0;3;0;0;3;3;0;0;3;3;0;0;3;4;6;3;0;3;15;9;0;27;3;0;0;0;0;3;3;0;0;0;0;0;1
2024;2025;64531785;2645300;1178500;573;15146;9;6;3;3;0;0;0;5;0;5;0;0;4;3;0;3;0;3;0;0;0;0;3;0;0;0;0;0;0;0;3;0;3;0;0;0;0;6;0;0;0;0;0;0;0;0;0;0;0;3;3;0;3;0;3;3;3;3;3;3;5;0;0;8;3;0;0;0;0;0;0;0;0;0;0;0;
2024;2025;65061781;2650600;1178100;574;15147;4;4;0;0;0;0;0;4;3;3;3;0;0;0;0;0;0;3;0;0;0;0;0;0;0;0;0;0;3;0;0;0;0;0;3;0;0;3;0;0;0;0;0;0;0;0;0;0;0;0;0;0;0;0;3;0;3;0;0;0;3;3;0;4;0;0;0;0;0;0;0;0;0;0;0;0;
2024;2025;62831679;2628300;1167900;575;15148;3;3;0;0;0;0;0;3;3;3;0;0;0;0;0;0;0;3;0;0;0;0;0;0;0;0;0;0;0;3;0;0;0;0;0;3;0;3;0;0;0;0;0;0;0;0;0;0;0;0;0;0;0;0;0;3;0;0;3;0;3;3;0;3;0;0;0;0;0;0;0;0;0;0;0;0;
2024;2025;64571639;2645700;1163900;576;15149;24;22;3;3;3;0;0;21;7;7;6;3;3;3;0;0;0;6;0;0;0;0;0;0;0;0;0;0;0;0;0;0;3;3;3;3;3;18;3;0;0;0;0;0;0;0;0;0;0;0;0;0;0;3;4;6;6;0;3;0;16;6;0;23;0;0;0;3;0;0;0;0;0;0;0;0;
2024;2025;63331671;2633300;1167100;577;15150;7;6;3;0;0;3;0;6;0;6;0;0;3;0;0;3;0;4;0;0;0;0;0;0;0;0;0;0;0;0;3;0;3;0;3;0;3;3;0;0;0;0;0;0;0;0;0;3;0;0;0;0;0;0;3;3;0;0;3;3;5;0;0;7;0;0;0;0;0;0;0;0;0;0;0;0;
2024;2025;63251751;2632500;1175100;579;15152;10;10;0;0;0;0;0;10;3;5;3;0;0;0;0;0;0;4;0;0;0;0;0;0;0;0;0;0;0;0;0;0;0;3;0;0;3;6;0;0;0;0;0;0;0;0;0;0;0;0;3;3;0;0;3;0;3;0;0;3;3;7;0;10;0;0;0;0;0;0;0;0;0;0;0;0;
2024;2025;64861783;2648600;1178300;580;15153;9;8;3;3;0;0;0;9;3;4;3;0;0;0;0;0;0;4;0;0;0;0;0;0;0;0;0;0;3;0;0;0;0;0;3;0;3;5;0;0;0;0;0;0;0;0;0;0;0;3;0;0;0;3;3;3;3;0;3;0;4;3;0;9;0;0;0;0;0;0;0;0;0;0;0;0;
2024;2025;63201703;2632000;1170300;581;15154;84;72;12;6;3;4;0;67;3;46;19;0;17;9;3;6;0;35;3;0;3;3;3;3;0;3;0;3;3;3;3;3;3;3;3;3;3;49;3;3;0;3;0;3;3;3;3;3;3;3;3;3;3;3;7;5;16;0;17;11;49;6;3;83;3;0;0;0;0;0;0;0;0;0;0;0;
2024;2025;64021733;2640200;1173300;582;15155;5;5;0;0;0;0;0;5;0;4;3;0;0;0;0;0;0;3;0;0;0;0;0;0;0;0;0;0;0;0;0;3;3;3;0;0;0;3;0;0;0;0;0;0;0;0;0;0;3;0;0;0;0;0;0;0;3;0;0;0;3;4;0;5;0;0;0;0;0;0;0;0;0;0;0;0;
2024;2025;63651612;2636500;1161200;584;15156;21;19;3;3;0;0;0;19;3;11;7;0;3;3;0;0;0;8;0;0;0;3;3;0;0;0;0;0;3;3;3;0;3;0;0;3;3;13;0;0;0;0;0;0;0;0;3;0;0;3;3;3;3;3;4;0;3;0;5;3;9;5;0;21;0;0;0;0;0;0;0;0;0;0;0;0;
2024;2025;62561670;2625600;1167000;585;15157;5;5;0;0;0;0;0;4;0;3;3;0;3;0;0;3;0;3;0;0;0;0;0;0;3;0;0;0;0;0;0;0;0;0;0;3;0;3;0;0;0;0;0;0;0;0;0;0;0;0;0;0;0;0;3;3;0;0;3;3;3;3;0;5;0;0;0;0;0;0;0;0;0;0;0;0;
2024;2025;63281697;2632800;1169700;587;15159;56;52;4;3;3;3;0;49;3;37;9;3;7;4;3;3;0;20;3;0;0;0;3;0;0;0;3;3;0;3;3;3;3;0;3;3;3;36;0;0;0;0;3;0;0;3;3;3;3;3;3;3;3;3;7;4;10;3;10;6;32;7;0;54;3;0;0;3;0;0;0;0;0;0;0;0;
2024;2025;63761742;2637600;1174200;588;15160;11;10;3;3;0;0;0;8;3;4;3;0;3;3;0;0;0;3;0;0;0;0;0;0;0;0;0;0;0;0;0;0;0;0;3;3;0;8;0;0;0;3;0;0;0;0;0;0;3;0;0;0;0;3;3;0;3;0;3;0;7;3;0;11;0;0;0;0;0;0;0;0;0;0;0;0;
2024;2025;64011764;2640100;1176400;589;15161;8;7;3;0;0;3;0;7;3;3;3;0;3;0;0;3;0;6;0;0;0;0;0;0;0;0;0;0;0;0;3;0;3;3;3;0;3;3;0;0;0;0;0;0;0;3;0;0;0;0;0;0;0;0;0;3;0;0;3;3;4;3;0;8;0;0;0;0;0;0;0;0;0;0;0;0;
2024;2025;63501724;2635000;1172400;590;15162;22;16;6;3;3;0;0;14;3;10;3;0;8;4;3;3;0;11;0;0;0;0;0;3;3;0;3;0;3;3;0;0;0;3;0;3;3;11;0;3;0;3;0;3;0;3;0;0;0;3;3;3;0;0;3;3;3;0;9;3;10;3;3;22;0;0;0;0;0;0;0;0;0;0;0;0;
2024;2025;63011651;2630100;1165100;591;15163;3;3;0;0;0;0;0;3;3;3;3;0;0;0;0;0;0;3;0;0;0;0;0;0;0;0;0;0;0;0;0;3;0;0;0;0;0;3;0;0;0;0;0;0;0;0;0;0;0;0;0;0;0;0;3;0;3;0;0;0;3;0;0;3;0;0;0;0;0;0;0;0;0;0;0;0;
2024;2025;64721789;2647200;1178900;592;15164;10;10;0;0;0;0;0;9;3;7;3;0;3;3;0;0;0;3;0;0;0;0;0;0;0;0;0;0;0;0;0;0;3;0;0;0;3;7;0;0;0;0;0;0;3;0;0;0;0;0;0;3;0;0;0;3;3;0;0;3;9;0;0;10;0;0;0;0;0;0;0;0;0;0;0;0;
2024;2025;63121704;2631200;1170400;593;15165;52;45;7;4;3;3;0;40;9;22;9;0;12;5;3;4;3;24;0;0;3;3;0;0;3;3;3;3;3;3;3;3;3;3;0;3;3;28;0;0;3;0;3;0;0;3;0;3;0;3;3;3;3;3;5;3;9;3;8;8;31;4;0;51;0;3;0;0;0;0;0;0;0;0;0;0;
2024;2025;63261680;2632600;1168000;594;15166;29;29;0;0;0;0;0;26;3;19;5;0;3;3;0;0;0;7;0;0;0;0;0;0;0;0;3;0;0;0;0;0;0;3;3;3;3;22;0;0;0;0;0;0;0;0;0;0;0;0;0;0;3;3;3;4;11;0;3;3;23;3;0;29;0;0;0;0;0;0;0;0;0;0;0;0;
2024;2025;61721982;2617200;1198200;602;15167;13;13;0;0;0;0;0;12;6;6;0;0;3;3;0;0;0;3;0;0;0;0;0;0;0;0;0;0;0;0;0;0;3;0;0;3;3;10;0;0;0;0;0;0;0;0;0;0;0;0;0;0;0;3;3;4;3;0;0;0;9;4;0;13;0;0;0;0;0;0;0;0;0;0;0;0;
2024;2025;61441973;2614400;1197300;603;15168;18;17;3;3;0;0;0;16;3;13;0;0;3;3;0;0;0;11;0;0;0;0;0;0;0;3;0;3;0;3;3;3;0;0;0;0;3;7;0;0;0;0;0;0;0;0;0;0;0;3;0;0;0;0;3;3;3;0;3;3;11;4;0;18;0;0;0;0;0;0;0;0;0;0;0;0;
2024;2025;61961935;2619600;1193500;605;15170;17;17;0;0;0;0;0;17;5;12;0;0;0;0;0;0;0;8;0;0;0;0;0;0;3;0;3;0;0;0;0;0;3;0;3;3;0;9;0;0;0;0;0;0;0;0;0;0;0;0;0;3;3;3;3;3;3;0;0;0;6;11;0;17;0;0;0;0;0;0;0;0;0;0;0;0;
2024;2025;61341851;2613400;1185100;606;15171;3;3;0;0;0;0;0;3;3;3;0;0;0;0;0;0;0;3;0;0;0;0;0;0;0;0;0;0;0;0;3;0;0;0;0;0;3;3;0;0;0;0;0;0;0;0;0;0;0;0;0;0;0;0;0;0;3;0;0;0;3;3;0;3;0;0;0;0;0;0;0;0;0;0;0;0;
2024;2025;61441907;2614400;1190700;607;15172;3;3;0;0;0;0;0;3;0;3;0;0;0;0;0;0;0;3;0;0;0;0;0;0;0;0;0;0;0;0;0;3;0;0;0;0;3;0;0;0;0;0;0;0;0;0;0;0;0;0;0;0;0;0;0;0;0;0;0;0;3;0;0;3;0;0;0;0;0;0;0;0;0;0;0;0;
2024;2025;61521951;2615200;1195100;608;16082;23;17;6;4;3;3;0;16;3;10;3;0;7;5;3;3;0;8;0;0;0;0;3;0;3;0;0;0;3;3;0;0;0;3;3;3;0;15;0;0;0;0;0;3;0;0;3;0;0;0;3;0;3;3;3;5;3;0;3;4;14;3;0;23;0;0;0;0;0;0;0;0;0;0;0;0;
2024;2025;61271896;2612700;1189600;609;15174;3;3;0;0;0;0;0;3;3;0;0;0;0;0;0;0;0;0;0;0;0;0;0;0;0;0;0;0;0;0;0;0;0;0;0;0;0;3;0;0;0;0;0;0;0;0;0;0;0;0;3;0;0;0;0;0;0;0;0;0;0;3;0;3;0;0;0;0;0;0;0;0;0;0;0;0;
2024;2025;61281864;2612800;1186400;610;15175;7;7;0;0;0;0;0;7;3;6;0;0;0;0;0;0;0;3;0;0;0;0;0;0;0;0;0;0;0;0;0;0;0;0;3;0;0;6;0;0;0;0;0;0;0;3;0;0;0;0;0;0;0;0;3;3;3;0;0;3;3;3;0;7;0;0;0;0;0;0;0;0;0;0;0;0;
2024;2025;61101854;2611000;1185400;611;15176;10;8;3;3;0;0;0;9;3;8;0;0;3;3;0;0;0;4;0;0;0;3;0;0;0;0;0;0;0;3;0;3;0;0;0;0;3;6;0;0;3;0;0;0;0;0;3;0;0;0;3;3;0;0;0;0;3;0;5;0;5;0;0;10;0;0;0;0;0;0;0;0;0;0;0;0;
2024;2025;61391920;2613900;1192000;612;15177;54;49;5;3;3;3;0;50;3;36;13;0;4;3;0;3;3;21;0;3;0;0;3;3;3;3;3;3;0;3;4;0;0;4;3;3;0;33;3;0;0;3;0;0;3;0;3;3;3;0;3;3;3;3;4;9;5;0;9;8;31;6;0;53;0;0;0;3;0;0;0;0;0;0;0;0;
2024;2025;61832008;2618300;1200800;613;15178;9;9;0;0;0;0;0;9;5;3;3;0;0;0;0;0;0;3;0;0;0;0;0;0;0;0;0;0;0;3;0;0;0;3;0;3;0;6;0;0;0;0;0;0;0;0;0;0;0;0;0;0;0;3;3;3;3;0;0;0;3;6;0;9;0;0;0;0;0;0;0;0;0;0;0;0;
2024;2025;61831885;2618300;1188500;614;15179;15;15;0;0;0;0;0;15;3;9;4;0;0;0;0;0;0;4;0;0;0;0;0;0;0;0;0;3;0;0;0;0;3;3;0;0;3;11;0;0;0;0;0;0;0;0;3;0;0;0;3;0;3;3;3;3;3;0;0;3;7;7;0;15;0;0;0;0;0;0;0;0;0;0;0;0;
2024;2025;61591938;2615900;1193800;615;15180;3;3;0;0;0;0;0;3;3;3;0;0;0;0;0;0;0;0;0;0;0;0;0;0;0;0;0;0;0;0;0;0;0;0;0;0;0;3;0;0;0;0;0;0;0;0;0;0;0;0;0;0;0;0;0;3;3;0;0;3;0;3;0;3;0;0;0;0;0;0;0;0;0;0;0;0;
2024;2025;60941915;2609400;1191500;616;15688;100;91;9;4;3;3;0;85;12;46;27;0;15;8;3;4;0;51;3;0;0;3;3;3;4;3;3;3;9;12;4;3;3;3;0;3;3;49;0;0;0;0;0;0;3;3;3;3;0;3;0;3;3;3;10;10;12;0;18;15;57;10;0;100;0;0;0;0;0;3;3;0;0;0;0;0;1
2024;2025;61521918;2615200;1191800;617;15182;5;5;0;0;0;0;0;5;3;4;0;0;0;0;0;0;0;3;0;0;0;0;3;0;0;0;0;0;0;0;0;0;0;0;0;0;3;3;0;0;0;0;0;0;3;0;0;0;0;0;0;0;0;0;0;3;3;0;3;0;3;3;0;5;0;0;0;0;0;0;0;0;0;0;0;0;
2024;2025;61381877;2613800;1187700;619;15635;19;16;3;3;0;3;0;16;4;10;3;0;3;3;0;3;0;9;0;0;0;3;3;0;3;0;3;3;0;0;3;0;0;0;3;0;0;10;0;0;0;0;0;0;3;0;3;0;0;0;3;0;0;3;3;3;3;3;3;3;7;5;0;18;3;0;0;0;0;0;0;0;0;0;0;0;
2024;2025;61791961;2617900;1196100;620;15183;17;17;0;0;0;0;0;17;7;10;0;0;0;0;0;0;0;9;0;0;0;0;0;0;0;0;0;0;0;3;0;0;3;3;0;3;3;8;0;0;0;0;0;0;0;3;0;0;0;0;0;0;0;0;3;3;3;0;0;0;3;14;0;17;0;0;0;0;0;0;0;0;0;0;0;0;
2024;2025;61221856;2612200;1185600;622;15184;5;5;0;0;0;0;0;5;3;3;3;0;0;0;0;0;0;3;0;0;0;0;0;0;0;0;0;0;0;0;3;0;3;0;0;0;0;3;0;0;0;0;0;0;0;0;0;0;0;0;0;0;0;0;0;0;3;0;3;0;4;0;0;5;0;0;0;0;0;0;0;0;0;0;0;0;
2024;2025;60821942;2608200;1194200;623;15185;29;28;3;0;3;0;0;27;0;17;10;0;3;3;3;0;0;16;0;3;0;0;0;0;0;3;0;3;3;0;4;0;3;0;3;3;3;13;0;0;0;0;0;3;3;0;0;0;3;3;0;3;3;3;3;3;3;0;5;4;16;4;0;29;0;0;0;0;0;0;0;0;0;0;0;0;
2024;2025;61381995;2613800;1199500;626;15188;15;13;3;0;3;3;0;14;3;12;0;0;3;0;0;3;0;8;0;0;0;0;0;3;0;0;3;3;0;0;3;3;0;3;0;0;3;7;0;0;3;0;0;3;0;0;0;3;0;3;0;3;0;0;0;0;3;0;5;0;4;6;0;15;0;0;0;0;0;0;0;0;0;0;0;0;
2024;2025;60951976;2609500;1197600;627;15189;124;111;13;5;3;5;0;97;6;67;24;0;27;14;3;8;3;56;3;3;3;3;5;3;6;3;3;4;3;3;3;6;3;3;3;4;5;68;0;3;0;0;3;3;0;3;0;3;3;3;6;4;3;3;12;21;12;0;17;8;86;11;3;122;3;0;0;0;0;3;0;3;0;0;0;0;1
2024;2025;61691945;2616900;1194500;628;15190;22;21;3;3;0;0;0;20;0;20;0;0;3;3;0;0;0;7;0;0;0;0;0;0;0;0;0;3;0;3;0;0;3;0;0;3;0;15;0;0;0;0;3;0;3;0;0;3;0;0;3;3;0;3;0;3;7;0;3;3;14;3;0;22;0;0;0;0;0;0;0;0;0;0;0;0;
2024;2025;61711920;2617100;1192000;629;15191;5;5;0;0;0;0;0;5;0;5;0;0;0;0;0;0;0;3;0;0;0;0;0;0;0;0;0;0;0;0;0;0;0;0;0;3;3;3;0;0;0;0;0;0;0;0;0;0;0;0;3;0;3;0;0;0;3;0;0;0;3;3;0;5;0;0;0;0;0;0;0;0;0;0;0;0;
2024;2025;60661959;2606600;1195900;630;15192;6;5;3;3;0;0;0;6;0;5;3;0;0;0;0;0;0;3;0;0;0;0;0;0;0;0;0;0;0;3;0;0;3;0;0;0;0;3;0;0;0;0;0;0;0;0;0;0;0;3;0;0;0;0;0;3;3;0;0;0;4;3;0;6;0;0;0;0;0;0;0;0;0;0;0;0;
2024;2025;61051887;2610500;1188700;632;15194;48;45;3;3;0;3;0;43;3;33;8;0;5;3;0;3;0;20;0;0;0;0;3;3;3;3;3;0;3;3;0;3;0;4;0;4;3;28;0;3;0;0;0;0;0;0;3;0;3;3;3;3;0;3;3;5;8;0;8;3;34;5;0;48;0;0;0;0;0;0;0;0;0;0;0;0;
2024;2025;58271988;2582700;1198800;662;15196;10;9;3;0;3;0;0;9;3;6;3;0;3;0;3;0;0;4;0;0;0;0;0;0;0;3;3;0;0;0;0;0;0;0;3;0;3;6;0;0;0;0;0;0;0;0;0;0;0;0;0;0;0;3;3;3;3;0;0;0;9;3;0;10;0;0;0;0;0;0;0;0;0;0;0;0;
2024;2025;59232004;2592300;1200400;663;15197;7;6;3;3;0;0;0;6;0;5;3;0;3;3;0;0;0;3;0;0;0;0;0;0;0;0;0;0;0;0;0;0;3;0;0;3;3;4;0;0;0;0;0;0;0;0;0;0;0;0;3;3;0;0;3;0;3;0;0;0;7;0;0;7;0;0;0;0;0;0;0;0;0;0;0;0;
2024;2025;58302015;2583000;1201500;665;15199;3;3;3;3;0;0;0;3;3;3;3;0;0;0;0;0;0;3;0;0;0;0;0;0;0;0;0;3;0;0;3;0;0;0;0;0;0;3;0;0;0;0;0;0;0;0;0;0;0;0;0;0;0;0;3;0;0;0;3;0;0;3;0;3;0;0;0;0;0;0;0;0;0;0;0;0;
2024;2025;58391956;2583900;1195600;666;15200;4;4;0;0;0;0;0;4;0;4;0;0;0;0;0;0;0;3;0;0;0;0;0;0;0;0;0;0;0;0;0;0;0;0;3;3;0;3;0;0;0;0;0;0;0;0;0;0;0;0;0;0;0;3;0;3;0;0;3;3;3;0;0;4;0;0;0;0;0;0;0;0;0;0;0;0;
2024;2025;58481946;2584800;1194600;667;15201;26;21;5;3;0;4;0;20;0;15;5;0;6;3;0;3;0;12;3;0;0;0;0;0;3;0;0;3;3;3;3;0;3;3;0;0;0;14;0;0;0;0;0;0;0;0;3;0;3;3;0;0;0;3;3;3;3;0;8;3;13;3;0;26;0;0;0;0;0;0;0;0;0;0;0;0;
2024;2025;58662004;2586600;1200400;668;15202;36;35;3;0;0;3;0;31;7;18;6;0;5;4;0;3;0;12;0;0;0;3;0;0;3;3;3;3;3;0;3;0;0;3;3;3;3;24;0;0;0;0;0;0;0;0;0;0;0;0;3;0;3;3;3;7;12;0;4;3;17;11;3;35;0;3;0;0;0;0;0;0;0;0;0;0;
2024;2025;57621958;2576200;1195800;669;15203;4;3;3;0;3;0;0;3;0;3;3;0;3;0;3;0;0;3;0;0;0;0;0;0;0;3;0;0;0;0;0;0;0;3;0;0;0;3;0;0;0;0;0;0;0;0;0;0;0;0;0;0;0;0;0;0;3;0;3;0;3;0;0;4;0;0;0;0;0;0;0;0;0;0;0;0;
2024;2025;58971938;2589700;1193800;670;15204;60;55;5;3;0;3;0;51;9;34;8;0;9;5;0;4;0;28;0;0;0;0;0;3;0;3;3;3;3;3;3;3;3;3;3;6;5;32;0;0;0;0;3;0;0;0;0;3;0;3;0;3;3;4;7;3;11;3;6;7;38;8;0;59;3;0;0;0;0;0;0;0;0;0;0;0;
2024;2025;58492021;2584900;1202100;671;15205;3;3;0;0;0;0;0;3;0;3;3;0;0;0;0;0;0;3;0;0;0;0;0;3;0;0;0;0;0;3;0;0;0;0;0;0;0;3;0;0;0;0;0;3;0;0;0;0;0;0;0;0;0;0;0;0;0;3;0;0;3;0;0;3;3;3;0;0;0;0;0;0;0;0;0;0;
2024;2025;59752372;2597500;1237200;681;15206;3;3;0;0;0;0;0;3;0;3;0;0;0;0;0;0;0;0;0;0;0;0;0;0;0;0;0;0;0;0;0;0;0;0;0;0;0;3;0;0;0;0;0;0;0;0;0;0;0;0;0;0;0;0;0;0;3;0;0;0;3;0;0;3;0;0;0;0;0;0;0;0;0;0;0;0;
2024;2025;58942339;2589400;1233900;683;15208;3;3;0;0;0;0;0;3;0;3;0;0;0;0;0;0;0;3;0;0;0;0;0;0;0;0;0;0;0;0;0;0;0;0;0;0;3;0;0;0;0;0;0;0;0;0;0;0;0;0;0;0;0;0;0;0;0;0;0;0;0;3;0;3;0;0;0;0;0;0;0;0;0;0;0;0;
2024;2025;60122371;2601200;1237100;687;15210;3;3;0;0;0;0;0;3;0;3;3;0;0;0;0;0;0;3;0;0;0;0;0;0;0;0;0;0;0;0;0;0;0;0;0;3;0;3;0;0;0;0;0;0;0;0;0;0;0;0;0;0;0;0;0;3;0;0;0;0;3;0;0;3;0;0;0;0;0;0;0;0;0;0;0;0;
2024;2025;59242321;2592400;1232100;690;15211;17;17;0;0;0;0;0;15;3;11;3;0;3;3;0;0;0;7;0;0;0;0;0;0;0;0;0;3;3;3;0;3;3;0;0;3;3;10;0;0;0;0;0;0;0;0;0;0;3;0;0;3;0;3;0;3;4;0;0;0;11;6;0;17;0;0;0;0;0;0;0;0;0;0;0;0;
2024;2025;60012369;2600100;1236900;691;15212;6;6;0;0;0;0;0;6;0;3;5;0;0;0;0;0;0;3;3;0;0;0;0;0;0;3;0;0;0;0;0;0;0;0;3;0;0;3;0;0;0;0;0;0;0;0;0;0;0;0;0;0;0;3;0;3;3;0;0;3;4;3;0;6;0;0;0;0;0;0;0;0;0;0;0;0;
2024;2025;59702360;2597000;1236000;692;15213;3;3;0;0;0;0;0;3;0;3;0;0;3;3;0;0;0;3;0;0;0;0;0;0;0;0;0;0;3;0;0;0;0;0;0;0;0;3;0;0;0;0;0;0;0;0;0;0;0;0;0;0;0;0;0;0;3;0;0;3;3;0;0;3;0;0;0;0;0;0;0;0;0;0;0;0;
2024;2025;59902369;2599000;1236900;694;15214;4;4;0;0;0;0;0;3;0;3;0;0;3;0;0;3;0;3;0;0;0;0;0;3;0;0;0;0;0;0;0;0;0;0;0;0;0;3;0;0;0;0;0;0;0;0;0;0;0;0;0;0;0;0;3;3;3;0;0;0;3;3;0;4;0;0;0;0;0;0;0;0;0;0;0;0;
2024;2025;58472324;2584700;1232400;696;15215;3;3;0;0;0;0;0;3;0;0;3;0;0;0;0;0;0;0;0;0;0;0;0;0;0;0;0;0;0;0;0;0;0;0;0;0;0;3;0;0;0;0;0;0;0;0;0;0;0;0;0;0;0;0;0;0;3;0;0;0;0;3;0;3;0;0;0;0;0;0;0;0;0;0;0;0;
2024;2025;59492365;2594900;1236500;700;15218;107;96;11;7;3;3;0;87;29;20;38;0;20;12;3;5;0;50;0;0;3;3;3;3;3;3;3;3;4;5;4;5;3;3;5;6;7;57;0;0;3;0;3;0;0;3;3;3;3;3;3;0;3;5;6;12;20;0;9;9;74;15;0;107;0;0;0;0;0;0;0;0;0;0;0;0;
2024;2025;59272360;2592700;1236000;701;15219;3;3;3;0;0;3;0;3;0;3;0;0;3;0;0;3;0;0;0;0;0;0;0;0;0;0;0;0;0;0;0;0;0;0;0;0;0;3;0;0;0;0;0;0;0;0;3;0;0;0;0;0;0;0;0;0;3;0;0;3;3;0;0;3;0;0;0;0;0;0;0;0;0;0;0;0;
2024;2025;58382316;2583800;1231600;703;15221;30;27;3;3;3;0;0;25;3;13;10;0;5;4;3;0;0;10;0;0;0;0;3;0;0;0;3;0;3;3;0;3;3;3;3;0;3;20;0;0;0;0;0;0;0;3;3;0;0;3;3;4;0;3;3;3;3;3;4;4;13;6;0;27;3;3;0;0;0;0;0;0;0;0;0;0;
2024;2025;58252325;2582500;1232500;706;15223;8;8;0;0;0;0;0;7;3;5;0;0;3;0;0;3;0;4;0;0;0;0;0;0;0;3;0;0;0;0;0;0;0;0;3;3;3;4;0;0;0;0;0;0;0;0;0;0;0;0;3;0;3;3;0;3;0;0;3;0;3;4;0;8;0;0;0;0;0;0;0;0;0;0;0;0;
2024;2025;58342327;2583400;1232700;707;15224;5;5;0;0;0;0;0;5;0;3;3;0;0;0;0;0;0;3;0;0;0;0;3;0;0;0;0;3;0;0;0;0;0;0;0;0;0;3;0;0;0;3;0;0;0;0;0;0;3;0;0;0;3;0;0;0;0;0;0;3;3;0;0;5;0;0;0;0;0;0;0;0;0;0;0;0;
2024;2025;60622393;2606200;1239300;709;15226;3;3;0;0;0;0;0;3;0;0;3;0;0;0;0;0;0;3;0;0;0;0;0;3;0;0;0;0;0;0;0;0;0;0;0;0;0;0;0;0;0;0;0;0;0;0;0;0;0;0;0;0;0;0;0;0;0;0;3;0;0;0;0;3;0;0;0;0;0;0;0;0;0;0;0;0;
2024;2025;58992320;2589900;1232000;711;15228;3;3;0;0;0;0;0;3;3;3;0;0;0;0;0;0;0;3;0;0;0;0;0;0;3;0;0;0;0;0;0;0;0;0;0;3;0;0;0;0;0;0;0;0;0;0;0;0;0;0;0;0;0;0;0;0;0;0;0;0;0;3;0;3;0;0;0;0;0;0;0;0;0;0;0;0;
2024;2025;58182300;2581800;1230000;713;15230;66;58;8;4;3;3;0;55;7;32;16;0;11;6;3;4;0;32;0;0;3;0;0;3;0;4;3;3;3;3;4;0;3;3;3;4;5;34;0;0;0;3;0;0;0;3;0;0;3;0;3;0;3;3;8;4;12;3;6;6;47;6;0;65;3;0;0;0;0;0;0;0;0;0;0;0;
2024;2025;58522359;2585200;1235900;716;15662;11;10;3;0;0;3;0;11;0;7;3;3;0;0;0;0;0;4;3;0;0;0;0;3;0;0;0;3;0;0;0;0;0;0;0;3;0;7;0;0;0;0;0;0;0;0;0;0;0;0;3;3;3;0;3;3;0;3;0;3;3;6;0;10;0;0;0;3;0;0;0;0;0;0;0;0;
2024;2025;58732319;2587300;1231900;717;15661;72;64;8;7;0;3;0;63;4;40;19;0;9;8;0;3;0;29;0;0;3;0;3;0;3;0;3;3;3;3;3;3;4;4;3;3;3;43;0;0;0;0;0;0;0;0;3;0;3;0;3;3;4;4;8;13;10;3;10;8;49;4;0;71;3;0;0;0;0;0;0;0;0;0;0;0;
2024;2025;57382126;2573800;1212600;723;15234;13;13;0;0;0;0;0;13;0;8;5;0;0;0;0;0;0;5;0;0;0;0;0;0;0;0;3;0;3;0;0;0;0;3;0;3;0;8;0;0;0;0;0;0;0;3;3;0;0;0;3;0;3;0;3;3;3;0;3;0;9;3;0;13;0;0;0;0;0;0;0;0;0;0;0;0;
2024;2025;57282181;2572800;1218100;724;15235;5;5;0;0;0;0;0;5;3;3;3;0;0;0;0;0;0;3;0;0;0;0;0;0;0;0;3;0;0;0;0;0;0;0;0;0;0;4;0;0;0;0;0;0;0;0;0;0;0;0;0;0;0;3;3;3;3;0;0;0;3;3;0;5;0;0;0;0;0;0;0;0;0;0;0;0;
2024;2025;57662165;2576600;1216500;726;15636;21;20;3;0;3;0;0;17;3;10;6;0;4;3;0;3;0;12;0;0;0;0;3;0;0;0;3;3;0;0;3;3;3;0;3;3;3;9;0;0;0;0;0;0;0;0;0;0;0;0;0;3;3;0;3;3;3;0;3;3;14;4;3;20;0;0;0;0;3;0;0;0;0;0;0;0;
2024;2025;58862190;2588600;1219000;731;15237;33;31;3;3;3;0;0;29;3;21;6;0;4;3;3;0;0;11;0;0;0;0;0;0;3;3;0;0;0;3;0;0;3;0;0;5;3;22;0;0;0;0;0;0;3;0;0;0;0;3;0;3;3;3;3;4;7;0;3;4;24;3;0;33;0;0;0;0;0;0;0;0;0;0;0;0;
2024;2025;58532172;2585300;1217200;732;15238;9;8;3;3;0;0;0;7;3;5;3;0;3;3;0;0;3;3;0;0;0;0;0;0;0;0;0;0;3;0;0;0;0;3;0;0;0;7;0;0;0;0;0;0;0;0;0;0;0;0;0;0;0;3;3;3;3;0;0;3;6;3;0;9;0;0;0;0;0;0;0;0;0;0;0;0;
2024;2025;58822192;2588200;1219200;733;15239;47;46;3;0;0;3;0;39;3;27;11;0;8;3;0;5;0;21;3;3;0;0;0;3;3;0;3;3;0;0;3;3;3;0;3;3;5;26;3;0;0;0;3;0;3;0;0;0;3;3;3;3;3;3;3;7;3;0;6;3;33;5;0;45;0;0;0;3;0;0;0;0;0;0;0;0;
2024;2025;58342132;2583400;1213200;735;15241;4;4;0;0;0;0;0;4;0;4;0;0;0;0;0;0;0;3;0;0;0;0;0;0;0;0;0;0;0;0;3;0;0;0;0;0;0;3;0;0;0;0;0;0;0;0;0;0;0;0;0;0;3;3;0;0;3;0;0;0;0;4;0;4;0;0;0;0;0;0;0;0;0;0;0;0;
2024;2025;58092118;2580900;1211800;736;15242;3;3;0;0;0;0;0;3;0;3;3;0;0;0;0;0;0;3;0;0;0;0;0;0;0;0;0;0;0;0;0;3;0;0;0;0;0;3;0;0;0;0;0;0;0;0;0;0;0;0;0;0;0;3;0;3;0;0;3;0;0;3;0;3;0;0;0;0;0;0;0;0;0;0;0;0;
2024;2025;58522145;2585200;1214500;737;15243;5;5;0;0;0;0;0;5;0;4;3;0;0;0;0;0;0;3;0;0;0;0;0;0;0;0;0;0;0;0;0;3;3;0;0;0;3;3;0;0;0;0;0;0;0;0;0;0;0;0;0;0;0;3;0;0;3;0;3;3;3;3;0;5;0;0;0;0;0;0;0;0;0;0;0;0;
2024;2025;58662163;2586600;1216300;738;15244;3;3;0;0;0;0;0;3;0;3;0;0;3;3;0;0;0;3;0;0;0;0;0;0;0;0;0;0;0;0;0;0;0;3;0;0;0;3;0;0;0;0;0;0;0;0;0;0;0;0;0;0;0;0;3;0;3;0;0;3;3;0;0;3;0;0;0;0;0;0;0;0;0;0;0;0;
2024;2025;58452184;2584500;1218400;739;15245;51;42;9;7;0;3;0;41;3;26;13;0;10;9;0;3;0;21;0;0;3;3;0;3;3;3;0;3;3;3;0;0;3;3;0;3;3;30;0;0;3;0;0;0;0;0;3;0;3;3;3;3;3;3;7;5;7;0;3;8;36;4;0;51;0;0;0;0;0;0;0;0;0;0;0;0;
2024;2025;57712149;2577100;1214900;740;15246;3;3;0;0;0;0;0;3;0;3;0;0;0;0;0;0;0;3;0;0;0;0;0;0;0;0;0;0;0;0;0;0;0;0;0;0;3;0;0;0;0;0;0;0;0;0;0;0;0;0;0;0;0;0;0;0;0;0;0;0;3;0;0;3;0;0;0;0;0;0;0;0;0;0;0;0;
2024;2025;58582151;2585800;1215100;741;15247;8;8;0;0;0;0;0;8;3;6;0;0;0;0;0;0;0;4;0;0;0;0;0;0;0;0;0;0;0;0;0;0;0;0;0;3;3;4;0;0;0;0;0;0;0;0;0;0;0;0;0;0;3;0;0;0;3;0;0;0;5;3;0;8;0;0;0;0;0;0;0;0;0;0;0;0;
2024;2025;58292149;2582900;1214900;742;15248;8;8;0;0;0;0;0;8;3;6;3;0;0;0;0;0;0;3;0;0;0;0;0;0;0;0;0;0;3;0;0;0;0;0;3;3;0;5;0;0;0;0;0;0;0;0;0;0;3;0;0;3;0;3;0;3;3;0;3;0;6;3;0;8;0;0;0;0;0;3;3;0;0;0;0;0;1
2024;2025;58492193;2584900;1219300;743;15249;81;69;12;6;3;5;0;64;3;40;22;0;17;9;3;7;0;33;0;0;0;3;3;0;0;3;5;0;3;3;3;3;3;4;0;3;3;48;0;3;0;3;3;3;0;3;3;0;3;3;3;0;3;3;6;11;12;3;5;10;61;4;0;81;0;0;0;0;0;0;0;0;0;0;0;0;
2024;2025;59002209;2590000;1220900;744;15250;17;17;0;0;0;0;0;17;3;12;4;0;0;0;0;0;0;4;0;0;0;0;0;0;3;3;0;0;0;3;0;3;0;0;0;0;0;13;0;0;0;0;0;0;0;0;0;0;3;3;3;3;3;3;3;0;3;0;3;3;10;3;0;17;0;0;0;0;0;0;0;0;0;0;0;0;
2024;2025;58612184;2586100;1218400;745;15251;45;38;7;5;0;3;0;38;0;27;11;0;7;4;0;3;0;14;0;0;0;0;3;0;0;0;3;3;0;3;3;0;3;3;3;3;3;31;0;0;0;0;3;0;3;0;0;0;3;3;3;3;3;0;4;7;11;3;6;3;33;3;0;44;0;3;0;0;0;0;0;0;0;0;0;0;
2024;2025;59132221;2591300;1222100;746;15252;7;7;0;0;0;0;0;7;0;5;3;0;0;0;0;0;0;4;0;0;0;0;0;0;0;3;0;0;3;0;0;0;0;3;0;0;3;3;0;0;0;0;0;0;0;0;0;0;0;0;0;0;3;0;3;0;3;0;0;3;6;0;0;7;0;0;0;0;0;0;0;0;0;0;0;0;
2024;2025;59082203;2590800;1220300;747;15253;7;7;0;0;0;0;0;7;0;4;3;0;0;0;0;0;0;3;0;0;0;0;0;0;0;0;0;0;0;3;0;0;0;3;0;0;0;5;0;0;0;0;0;0;0;0;0;0;0;0;0;0;0;0;3;3;3;0;3;3;4;3;0;7;0;0;0;0;0;0;0;0;0;0;0;0;
2024;2025;59002198;2590000;1219800;748;15254;4;3;3;3;0;0;0;3;0;3;0;0;3;0;3;0;0;3;0;0;0;0;0;0;0;0;0;3;0;0;0;0;0;0;0;0;3;3;0;0;0;0;0;0;0;0;0;0;0;0;0;0;0;0;0;0;3;0;3;0;3;0;0;4;0;0;0;0;0;0;0;0;0;0;0;0;
2024;2025;58932184;2589300;1218400;749;15255;22;18;4;3;3;3;0;16;3;10;5;0;6;3;3;3;0;10;0;0;3;0;3;3;3;3;0;0;3;3;0;0;3;0;0;0;0;12;0;0;0;3;0;0;3;3;0;0;3;3;0;0;3;3;3;3;0;0;8;3;12;3;0;22;0;0;0;0;0;0;0;0;0;0;0;0;
2024;2025;58332168;2583300;1216800;750;15256;8;7;3;3;0;0;0;7;3;5;3;0;3;3;0;0;0;3;0;0;0;0;0;0;0;0;0;0;0;0;0;0;0;0;0;3;3;6;0;0;0;0;0;0;0;0;0;0;0;0;3;0;0;0;4;0;3;0;0;0;7;3;0;8;0;0;0;0;0;0;0;0;0;0;0;0;
2024;2025;58192129;2581900;1212900;751;15257;20;19;3;3;0;0;0;17;3;14;3;0;3;3;0;3;0;9;0;0;0;3;0;0;0;0;3;0;0;0;0;3;3;0;3;3;0;11;0;0;0;0;0;0;3;0;0;0;3;3;3;0;3;3;0;3;3;0;3;3;13;3;0;20;0;0;0;0;0;3;3;0;0;0;0;0;1
2024;2025;58402121;2584000;1212100;754;15258;12;12;0;0;0;0;0;10;3;7;3;0;3;3;0;3;0;4;0;0;0;0;0;0;0;0;0;3;0;0;3;0;0;0;0;3;3;8;0;0;0;0;0;0;0;0;0;0;0;0;0;0;0;0;3;3;4;0;0;3;10;3;0;12;0;0;0;0;0;0;0;0;0;0;0;0;
2024;2025;58872163;2588700;1216300;755;15259;12;11;3;3;0;0;0;11;3;9;3;0;3;3;0;0;0;8;0;0;0;0;0;0;3;0;0;0;3;3;0;3;0;3;0;3;3;4;0;0;0;0;0;0;0;0;3;0;0;0;0;0;3;3;0;0;3;0;4;3;7;0;0;12;0;0;0;0;0;0;0;0;0;0;0;0;
2024;2025;57862159;2578600;1215900;756;14978;13;13;0;0;0;0;0;13;3;11;3;0;0;0;0;0;0;3;0;0;0;0;0;0;0;0;0;0;3;0;0;0;0;0;3;3;0;10;0;0;0;0;0;0;0;0;0;3;0;0;0;0;0;0;0;5;4;0;0;0;10;3;0;13;0;0;0;0;0;0;0;0;0;0;0;0;
2024;2025;60411676;2604100;1167600;761;15260;15;15;0;0;0;0;0;15;3;9;3;0;0;0;0;0;0;7;0;0;0;0;0;0;0;3;3;0;0;0;3;0;3;3;0;0;0;8;3;0;0;0;0;0;3;0;0;0;3;3;0;0;0;3;3;3;0;0;3;3;3;9;0;15;0;0;0;0;0;0;0;0;0;0;0;0;
2024;2025;60971664;2609700;1166400;762;15261;24;24;0;0;0;0;0;24;8;11;5;0;0;0;0;0;0;10;0;0;0;0;0;0;0;0;3;0;3;3;0;3;3;3;3;3;3;14;0;0;0;0;0;0;0;0;0;3;3;0;0;0;3;0;4;4;3;0;3;3;9;11;0;24;0;0;0;0;0;0;0;0;0;0;0;0;
2024;2025;60871678;2608700;1167800;763;15262;12;12;0;0;0;0;0;11;3;8;3;0;3;0;3;0;0;4;0;3;0;0;0;3;0;0;0;0;0;0;0;0;0;0;0;3;0;8;0;0;0;0;0;0;0;3;3;0;0;3;0;0;0;3;0;3;3;3;3;3;6;0;0;11;3;0;0;0;0;0;0;0;0;0;0;0;
2024;2025;59961673;2599600;1167300;766;15265;14;14;0;0;0;0;0;14;5;8;3;0;0;0;0;0;0;3;0;0;0;0;0;0;0;0;0;0;0;0;3;0;0;0;3;0;0;11;0;0;0;0;0;0;3;0;0;3;3;3;0;3;0;0;4;0;3;0;3;0;3;12;0;14;0;0;0;0;0;0;0;0;0;0;0;0;
2024;2025;61391715;2613900;1171500;767;16651;10;9;3;3;0;0;0;9;3;7;3;0;3;3;0;0;0;5;0;0;0;0;0;0;0;0;0;0;3;0;0;0;0;0;3;3;3;5;0;0;0;0;0;0;0;0;0;0;0;0;0;0;0;0;3;3;3;0;0;3;8;0;0;10;0;0;0;0;0;0;0;0;0;0;0;0;
2024;2025;61861706;2618600;1170600;768;15267;115;106;9;8;0;3;0;96;3;60;34;0;19;11;3;5;3;51;0;0;0;0;3;3;3;3;3;3;3;8;3;3;5;4;5;3;5;64;3;0;0;0;0;0;0;3;3;3;4;0;3;3;7;3;6;13;22;3;16;10;76;11;0;113;3;0;0;0;3;0;0;0;0;0;0;0;
2024;2025;61551695;2615500;1169500;769;15268;36;35;3;0;3;0;0;36;3;25;8;0;0;0;0;0;0;16;0;0;0;0;0;0;3;0;3;0;0;3;0;4;3;3;3;3;3;20;0;0;0;0;3;0;3;0;0;0;0;3;3;3;3;3;3;3;5;3;3;3;26;3;0;34;3;0;3;0;0;3;3;0;0;0;0;0;1
2024;2025;60891740;2608900;1174000;770;15637;9;9;0;0;0;0;0;9;3;7;3;0;0;0;0;0;0;3;0;0;0;0;0;0;0;0;0;0;0;0;3;0;0;3;0;0;0;7;0;0;0;0;0;0;0;0;0;0;3;0;0;0;0;3;0;5;0;0;0;0;9;0;0;9;0;0;0;0;0;0;0;0;0;0;0;0;
2024;2025;65631779;2656300;1177900;783;15271;10;10;0;0;0;0;0;9;3;3;4;0;3;0;0;3;0;6;0;0;0;0;0;0;0;0;0;0;3;0;3;0;0;3;0;0;3;4;0;0;0;0;0;0;0;0;0;0;0;0;0;0;0;0;3;3;3;0;0;3;4;5;0;10;0;0;0;0;0;0;0;0;0;0;0;0;
2024;2025;66041730;2660400;1173000;784;15638;18;18;0;0;0;0;0;16;5;8;3;0;3;3;0;3;0;8;0;0;0;0;0;0;0;0;0;0;0;0;0;3;3;4;0;3;0;10;0;0;0;0;0;0;0;0;0;0;0;0;3;0;0;0;3;4;4;0;3;3;6;8;0;18;0;0;0;0;0;0;0;0;0;0;0;0;
2024;2025;65721754;2657200;1175400;785;15273;23;19;4;3;0;3;0;19;4;11;4;0;4;3;3;3;0;16;0;0;0;0;0;0;3;0;0;3;0;4;3;3;0;0;0;3;3;7;0;0;0;3;0;0;3;0;0;3;0;3;0;0;0;0;3;3;3;0;6;3;15;3;0;23;0;0;0;0;0;0;0;0;0;0;0;0;
2024;2025;65761743;2657600;1174300;786;15274;4;3;3;3;0;0;0;4;0;3;3;0;0;0;0;0;0;3;0;0;0;0;0;0;3;0;0;0;0;0;0;3;0;0;0;0;0;3;0;0;0;0;0;0;0;0;0;0;0;0;0;3;0;0;0;3;0;0;3;3;3;0;0;4;0;0;0;0;0;0;0;0;0;0;0;0;
2024;2025;59651642;2596500;1164200;791;15275;15;14;3;3;0;0;0;14;11;3;0;0;3;3;0;0;0;7;0;0;0;0;0;0;0;0;0;0;0;0;0;3;3;3;0;3;0;8;0;0;0;0;0;0;0;0;0;0;0;0;0;0;0;3;3;0;4;0;3;3;6;6;0;15;0;0;0;0;0;0;0;0;0;0;0;0;
2024;2025;60031451;2600300;1145100;792;15276;13;10;3;3;3;0;0;10;3;5;3;0;3;3;3;0;0;8;0;0;0;0;0;0;0;3;3;0;3;0;3;0;3;3;0;0;0;5;0;0;0;0;0;0;0;0;3;0;0;3;0;3;3;0;0;3;0;3;3;3;4;5;0;12;0;0;3;0;0;3;3;3;0;0;0;0;1
2024;2025;59671509;2596700;1150900;793;15277;9;7;3;3;0;0;0;6;3;3;3;0;3;3;0;0;0;4;0;0;0;0;0;0;0;0;0;0;3;0;3;0;0;0;3;0;0;5;0;0;0;0;0;0;0;0;0;3;0;0;0;0;0;3;3;0;3;0;3;0;6;3;0;9;0;0;0;0;0;3;0;3;0;0;0;0;1
2024;2025;59491559;2594900;1155900;794;15278;31;24;7;7;0;0;0;24;4;16;4;0;7;7;0;0;0;16;0;0;0;0;3;0;0;0;3;0;3;3;3;3;3;0;3;3;0;15;3;3;0;0;0;0;0;0;3;0;0;0;3;0;0;3;3;4;3;6;4;3;15;3;0;25;3;0;4;0;3;0;0;0;0;0;0;0;
2024;2025;58681371;2586800;1137100;841;15279;6;5;3;0;0;3;0;5;3;3;3;0;3;0;0;3;0;0;0;0;0;0;0;0;0;0;0;0;0;0;0;0;0;0;0;0;0;6;0;0;0;0;0;0;0;0;0;0;0;0;0;3;3;0;0;3;3;0;0;0;4;3;0;6;0;0;0;0;0;0;0;0;0;0;0;0;
2024;2025;59111414;2591100;1141400;842;15280;4;3;3;3;0;0;0;3;0;3;0;0;3;3;0;0;0;3;0;0;0;0;0;0;0;3;0;0;0;0;0;0;0;0;0;0;0;3;0;0;0;0;0;0;3;0;0;0;0;0;0;0;0;0;3;0;3;3;0;0;3;3;0;3;0;0;3;0;0;0;0;0;0;0;0;0;
2024;2025;58751475;2587500;1147500;843;15281;30;28;3;3;0;0;0;26;8;11;7;0;4;3;0;3;0;13;3;0;0;0;0;3;0;3;0;3;0;3;3;3;3;0;0;0;3;17;3;0;0;3;0;0;0;3;0;3;0;3;3;0;3;3;3;3;3;0;3;3;16;8;0;29;0;0;0;3;0;0;0;0;0;0;0;0;
2024;2025;59161796;2591600;1179600;852;15283;10;9;3;3;0;0;0;10;4;6;0;0;0;0;0;0;0;3;0;0;0;0;0;0;0;0;0;0;0;0;0;0;3;0;0;3;3;7;0;0;0;3;0;0;0;0;0;0;0;3;0;3;0;3;3;3;0;0;3;0;4;5;0;10;0;0;0;0;0;0;0;0;0;0;0;0;
2024;2025;59531807;2595300;1180700;853;15284;15;15;0;0;0;0;0;14;3;8;3;0;3;3;0;0;0;8;0;0;0;0;0;3;0;3;0;3;0;0;3;0;3;3;0;0;0;7;0;0;0;0;0;0;0;0;3;0;0;0;0;0;0;3;3;3;3;0;0;3;10;3;0;15;0;0;0;0;0;0;0;0;0;0;0;0;
2024;2025;59261852;2592600;1185200;855;15476;38;37;3;3;0;0;0;35;12;19;4;0;3;3;0;3;0;19;0;0;0;0;0;0;0;3;3;0;3;6;0;3;3;3;3;3;0;19;0;0;0;0;0;3;0;0;0;3;0;3;3;0;3;4;3;4;3;0;4;3;20;11;0;38;0;0;0;0;0;0;0;0;0;0;0;0;
2024;2025;60471933;2604700;1193300;861;15498;117;105;12;9;3;3;0;101;21;56;24;0;16;10;3;5;0;63;0;0;3;0;4;0;3;4;3;3;9;3;4;5;6;5;4;5;4;54;0;0;0;0;3;0;3;4;3;0;3;3;3;3;8;5;8;9;8;8;21;7;60;21;0;109;6;3;3;0;0;0;0;0;0;0;0;0;
2024;2025;60481815;2604800;1181500;863;15288;8;8;0;0;0;0;0;8;3;4;3;0;0;0;0;0;0;3;0;0;0;0;0;0;0;0;0;0;0;3;3;0;0;0;3;0;0;5;0;0;0;0;0;0;0;0;0;0;0;0;0;0;3;3;3;3;3;0;0;3;4;3;0;8;0;0;0;0;0;0;0;0;0;0;0;0;
2024;2025;60821876;2608200;1187600;866;15290;17;17;0;0;0;0;0;17;0;14;3;0;0;0;0;0;0;9;3;0;0;0;0;0;0;3;3;0;3;3;0;3;0;0;3;0;0;8;3;0;0;0;0;0;0;0;3;3;0;3;0;3;0;3;0;3;3;0;3;0;8;6;0;17;0;0;0;0;0;0;0;0;0;0;0;0;
2024;2025;60721810;2607200;1181000;867;15291;14;13;3;3;0;0;0;13;5;8;0;0;3;0;0;3;0;7;0;0;0;3;0;0;0;0;0;0;0;3;0;3;0;3;0;0;3;7;0;0;0;0;0;0;0;0;0;0;0;0;3;0;0;0;3;3;3;0;3;3;7;3;0;14;0;0;0;0;0;0;0;0;0;0;0;0;
2024;2025;61001851;2610000;1185100;868;15292;3;3;0;0;0;0;0;3;0;0;3;0;0;0;0;0;0;0;0;0;0;0;0;0;0;0;0;0;0;0;0;0;0;0;0;0;0;3;0;0;0;0;0;0;0;0;0;0;0;0;0;0;0;0;0;3;0;0;0;0;3;0;0;3;0;0;0;0;0;0;0;0;0;0;0;0;
2024;2025;60461875;2604600;1187500;869;15293;9;8;3;0;3;0;0;9;0;7;3;0;0;0;0;0;0;3;0;0;0;0;0;0;3;0;0;0;0;3;0;0;0;0;0;0;0;7;0;0;0;0;0;0;3;0;0;0;0;0;0;0;0;0;3;3;3;0;3;3;5;3;0;9;0;0;0;0;0;0;0;0;0;0;0;0;
2024;2025;60251954;2602500;1195400;870;15294;55;47;8;3;3;3;0;47;3;31;15;0;8;3;3;3;0;24;0;0;0;0;3;0;0;3;3;3;3;6;3;0;3;0;3;3;3;31;3;0;0;0;0;3;0;3;0;3;3;4;3;0;3;3;3;3;13;3;4;6;42;3;0;54;3;0;0;0;0;0;0;0;0;0;0;0;
2024;2025;60851855;2608500;1185500;872;16083;25;25;0;0;0;0;0;24;6;17;3;0;3;3;0;0;0;12;0;0;0;0;0;0;0;3;0;3;0;3;0;0;0;3;3;3;3;13;0;0;0;0;0;0;0;0;0;0;0;3;0;0;0;3;3;4;5;0;0;3;13;11;0;25;0;0;0;0;0;0;0;0;0;0;0;0;
2024;2025;60211900;2602100;1190000;877;15301;8;8;0;0;0;0;0;8;3;5;3;0;0;0;0;0;0;3;0;0;0;0;0;0;0;0;0;0;3;0;0;0;0;0;3;0;0;6;0;0;0;0;0;0;0;0;0;0;0;0;0;3;3;0;3;3;3;0;3;0;4;3;0;8;0;0;0;0;0;0;0;0;0;0;0;0;
2024;2025;60301843;2603000;1184300;879;16608;34;34;0;0;0;0;0;31;8;18;5;0;3;3;0;3;0;11;0;0;0;0;0;0;3;0;0;3;0;0;3;3;3;3;3;0;3;23;3;0;0;0;0;3;0;3;3;0;0;3;3;0;3;3;3;9;3;0;4;3;18;9;0;34;0;0;0;0;0;0;0;0;0;0;0;0;
2024;2025;60011856;2600100;1185600;880;15304;23;23;0;0;0;0;0;23;5;17;3;0;0;0;0;0;0;6;0;0;0;0;0;0;0;0;0;0;0;3;3;0;0;0;3;3;0;17;0;0;0;0;0;0;0;0;0;0;0;3;0;3;0;0;4;3;7;0;3;0;16;5;0;23;0;0;0;0;0;0;0;0;0;0;0;0;
2024;2025;60771819;2607700;1181900;883;15306;21;18;3;3;0;3;0;19;3;16;3;0;3;3;0;3;0;14;0;0;0;0;0;4;0;3;0;3;3;0;3;0;3;0;3;0;0;7;0;0;0;0;3;0;0;0;0;0;0;0;0;0;3;3;3;3;3;0;3;4;12;3;0;21;0;0;0;0;0;0;0;0;0;0;0;0;
2024;2025;60401898;2604000;1189800;884;15307;26;25;3;0;3;0;0;22;3;17;3;0;4;3;3;0;0;6;0;0;0;0;0;0;0;0;0;0;3;0;0;0;3;3;3;3;0;20;0;0;0;3;3;0;0;0;3;0;0;3;0;3;0;3;3;3;9;0;3;3;20;3;0;26;0;0;0;0;0;0;0;0;0;0;0;0;
2024;2025;61041826;2610400;1182600;885;15639;15;14;3;0;0;3;0;13;3;10;3;0;3;0;0;3;0;8;0;0;0;3;0;0;3;0;0;0;0;0;3;3;0;0;3;0;3;7;0;0;0;0;0;0;0;0;0;0;0;0;0;3;0;0;0;4;3;0;4;0;11;0;0;15;0;0;0;0;0;0;0;0;0;0;0;0;
2024;2025;60541799;2605400;1179900;886;15309;21;17;4;4;0;0;0;16;4;8;4;0;5;5;0;0;0;13;0;3;3;0;0;0;3;0;0;0;3;0;0;3;3;0;3;0;0;8;0;0;0;0;0;0;3;0;3;0;0;3;0;0;0;0;3;3;3;0;7;3;11;3;0;21;0;0;0;0;0;0;0;0;0;0;0;0;
2024;2025;60251923;2602500;1192300;888;15310;7;7;0;0;0;0;0;6;3;4;0;0;3;0;0;3;0;4;0;0;0;0;0;3;0;0;0;0;3;3;0;0;0;3;0;0;0;3;0;0;0;0;0;0;0;0;0;0;0;0;0;0;0;0;3;0;3;0;0;3;5;3;0;7;0;0;0;0;0;0;0;0;0;0;0;0;
2024;2025;60531847;2605300;1184700;889;16128;17;16;3;0;0;3;0;15;3;11;3;0;3;3;0;3;0;8;0;0;0;0;0;3;0;0;0;0;0;0;0;3;0;3;3;0;3;9;0;0;0;0;0;0;3;0;0;0;0;0;3;3;3;0;0;3;3;0;3;4;10;3;0;17;0;0;0;0;0;0;0;0;0;0;0;0;
2024;2025;62731916;2627300;1191600;901;15311;21;21;0;0;0;0;0;21;10;10;3;0;0;0;0;0;0;11;0;0;0;0;0;0;0;0;0;0;3;0;3;0;3;3;3;3;0;10;0;0;0;0;0;3;3;0;0;0;0;3;0;0;0;3;0;3;4;0;3;3;14;5;0;21;0;0;0;0;0;0;0;0;0;0;0;0;
2024;2025;62641989;2626400;1198900;902;15312;56;49;7;3;3;4;0;47;15;17;15;0;9;4;3;4;0;25;0;3;3;4;3;0;3;3;0;0;3;3;0;3;3;3;3;0;0;31;0;0;0;0;0;0;3;0;0;3;3;3;3;0;3;3;5;6;6;0;12;6;29;8;3;55;3;0;0;0;0;0;0;0;0;0;0;0;
2024;2025;62332021;2623300;1202100;903;15313;33;33;0;0;0;0;0;33;10;20;3;0;0;0;0;0;0;12;0;0;0;0;0;0;0;0;0;3;0;0;3;0;3;3;5;3;3;21;0;0;0;0;0;0;0;0;0;3;0;0;0;3;3;3;3;7;7;3;3;3;19;10;0;32;0;3;0;0;0;0;0;0;0;0;0;0;
2024;2025;62311893;2623100;1189300;904;15314;22;22;0;0;0;0;0;22;5;17;0;0;0;0;0;0;0;9;0;0;0;0;0;3;0;0;0;3;3;0;3;0;3;3;0;0;0;13;0;0;0;0;0;0;0;0;0;0;3;3;3;0;3;3;4;3;3;0;3;3;10;8;0;22;0;0;0;0;0;0;0;0;0;0;0;0;
2024;2025;62162036;2621600;1203600;905;15315;36;34;3;3;0;0;0;33;6;23;4;0;3;3;3;0;0;15;0;0;0;0;0;0;3;3;0;3;3;0;3;3;3;5;0;0;3;21;0;0;0;0;0;0;3;0;0;3;3;3;0;3;3;3;3;3;10;3;3;4;16;14;0;35;0;3;0;0;0;0;0;0;0;0;0;0;
2024;2025;63221863;2632200;1186300;906;15316;6;6;0;0;0;0;0;6;3;3;3;0;0;0;0;0;0;3;0;0;0;0;0;0;0;0;0;0;0;0;0;0;0;0;0;0;3;5;0;0;0;0;0;0;0;0;0;0;0;0;3;0;0;3;3;0;3;0;0;3;3;3;0;6;0;0;0;0;0;0;0;0;0;0;0;0;
2024;2025;62191966;2621900;1196600;907;15317;50;50;0;0;0;0;0;50;11;35;4;0;0;0;0;0;0;13;0;0;0;0;0;3;3;0;0;3;0;0;0;0;3;3;3;4;0;37;0;0;3;3;3;0;3;0;3;0;0;3;3;0;3;3;8;9;6;0;7;3;25;17;0;50;0;0;0;0;0;0;0;0;0;0;0;0;
2024;2025;63361992;2633600;1199200;908;15318;26;26;0;0;0;0;0;25;13;9;3;0;3;3;0;0;0;10;0;0;0;0;0;0;0;3;0;0;0;0;0;3;3;0;3;3;3;16;0;0;0;3;0;0;0;0;0;0;0;0;0;0;3;0;3;8;5;3;3;0;3;21;0;25;3;0;0;0;0;0;0;0;0;0;0;0;
2024;2025;63091969;2630900;1196900;909;15319;42;42;0;0;0;0;0;40;10;26;4;0;3;3;0;0;0;12;0;0;0;0;0;0;0;0;0;3;0;0;3;0;0;3;3;3;3;30;0;0;0;0;3;0;0;0;3;0;3;3;0;0;0;3;7;5;10;3;3;3;26;13;0;41;3;0;0;0;0;0;0;0;0;0;0;0;
2024;2025;61091751;2610900;1175100;921;15320;7;7;0;0;0;0;0;7;3;4;3;0;0;0;0;0;0;3;0;0;0;0;0;0;0;0;0;0;0;3;3;0;0;0;0;0;0;5;0;0;0;0;0;0;0;0;0;0;0;0;3;0;0;3;3;3;0;0;3;3;5;0;0;7;0;0;0;0;0;0;0;0;0;0;0;0;
2024;2025;60631766;2606300;1176600;922;15321;19;19;0;0;0;0;0;19;3;13;3;0;0;0;0;0;0;9;0;0;0;0;0;0;0;0;3;0;3;0;0;3;3;3;0;3;3;10;0;0;0;0;0;0;0;0;0;0;0;3;0;0;0;0;0;5;4;3;3;0;12;4;0;18;0;0;0;0;3;0;0;0;0;0;0;0;
2024;2025;61961859;2619600;1185900;923;15322;13;13;0;0;0;0;0;12;5;6;3;0;3;3;0;0;0;4;0;0;0;0;0;0;0;3;0;0;0;0;3;0;0;3;0;0;0;9;0;0;0;0;0;0;0;0;3;0;0;0;3;0;0;0;0;3;3;0;3;3;6;3;0;13;0;0;0;0;0;0;0;0;0;0;0;0;
2024;2025;62591820;2625900;1182000;924;15323;5;5;0;0;0;0;0;5;3;3;3;0;0;0;0;0;0;3;0;0;0;0;0;0;0;0;0;0;0;0;3;0;0;0;0;0;3;3;0;0;0;0;0;0;0;0;0;0;0;0;3;3;0;0;0;0;0;0;3;0;3;3;0;5;0;0;0;0;0;0;0;0;0;0;0;0;
2024;2025;61651825;2616500;1182500;925;15324;6;6;0;0;0;0;0;6;0;5;3;0;0;0;0;0;0;3;0;0;0;0;0;0;0;0;0;3;0;0;0;0;0;0;0;0;0;5;0;0;0;0;0;0;0;0;0;0;3;0;0;3;0;0;3;3;0;0;0;3;3;3;0;6;0;0;0;0;0;0;0;0;0;0;0;0;
2024;2025;61901776;2619000;1177600;927;15325;12;12;0;0;0;0;0;11;3;5;5;0;3;3;0;0;0;3;0;0;0;0;0;0;0;0;0;0;0;0;0;3;0;3;3;0;0;9;0;0;0;0;0;0;0;0;0;0;0;0;3;3;0;3;3;3;3;0;3;0;10;3;0;12;0;0;0;0;0;0;0;0;0;0;0;0;
2024;2025;61281825;2612800;1182500;928;15326;45;43;3;3;0;0;0;41;0;38;3;0;4;4;0;0;0;21;0;0;0;0;0;3;3;3;3;0;3;3;3;3;3;3;5;0;3;24;0;0;0;0;3;0;0;0;0;0;3;0;0;3;3;3;3;8;5;3;7;4;29;4;0;44;3;0;0;0;0;0;0;0;0;0;0;0;
2024;2025;61601772;2616000;1177200;929;15327;40;39;3;3;0;0;0;37;0;29;8;0;3;3;0;0;0;8;0;0;0;0;0;0;3;0;0;0;0;0;3;0;3;3;3;0;3;32;0;0;0;3;0;3;0;3;3;3;0;3;0;3;3;3;3;5;13;0;7;3;29;3;0;40;0;0;0;0;0;0;0;0;0;0;0;0;
2024;2025;61881805;2618800;1180500;931;15329;3;3;0;0;0;0;0;3;3;3;0;0;0;0;0;0;0;0;0;0;0;0;0;0;0;0;0;0;0;0;0;0;0;0;0;0;0;3;0;0;0;0;0;0;0;0;0;0;0;0;0;3;0;0;0;3;3;0;0;0;3;3;0;3;0;0;0;0;0;0;0;0;0;0;0;0;
2024;2025;62401811;2624000;1181100;932;15330;6;6;0;0;0;0;0;6;3;4;0;0;0;0;0;0;0;4;0;0;0;0;0;0;0;0;0;0;3;3;3;0;0;0;0;0;3;3;0;0;0;0;0;0;0;0;0;0;0;0;3;0;0;0;3;0;0;0;0;0;3;4;0;6;0;0;0;0;0;0;0;0;0;0;0;0;
2024;2025;61761755;2617600;1175500;934;15331;18;18;0;0;0;0;0;18;3;14;3;0;0;0;0;0;0;6;0;0;0;0;0;0;0;0;0;3;0;3;0;0;0;0;0;3;3;12;0;0;0;0;0;0;0;0;0;0;0;0;3;3;3;0;0;3;3;0;3;4;11;3;0;18;0;0;0;0;0;0;0;0;0;0;0;0;
2024;2025;62351842;2623500;1184200;935;15332;9;9;0;0;0;0;0;8;3;7;0;0;3;3;0;0;0;3;0;3;0;0;0;0;0;0;0;0;0;0;0;3;0;3;0;0;0;6;0;0;0;3;0;0;0;0;0;0;3;0;0;0;0;0;3;3;3;0;0;3;4;3;0;9;0;0;0;0;0;0;0;0;0;0;0;0;
2024;2025;62111740;2621100;1174000;938;15335;26;23;3;3;0;0;0;20;6;11;3;0;6;3;3;3;0;8;0;0;0;0;0;0;0;3;3;0;0;3;0;0;0;3;0;3;3;18;0;0;0;0;0;0;3;0;3;3;0;0;3;0;3;0;3;3;6;3;3;3;14;8;0;25;0;0;3;0;0;0;0;0;0;0;0;0;
2024;2025;61501807;2615000;1180700;939;16129;124;116;8;6;3;3;0;111;9;78;24;0;13;10;3;3;0;60;0;0;0;3;3;3;3;3;3;3;7;6;9;6;3;5;3;3;8;64;0;3;0;0;3;3;3;3;3;3;3;4;3;5;6;5;8;11;12;0;11;15;85;13;0;124;0;0;0;0;0;0;0;0;0;0;0;0;
2024;2025;62081796;2620800;1179600;940;15337;3;3;0;0;0;0;0;3;0;3;0;0;0;0;0;0;0;0;0;0;0;0;0;0;0;0;0;0;0;0;0;0;0;0;0;0;0;3;0;0;0;0;0;0;0;0;0;0;0;0;0;0;0;0;0;3;3;0;0;0;3;0;0;3;0;0;0;0;0;0;0;0;0;0;0;0;
2024;2025;61021779;2610200;1177900;941;15338;20;20;0;0;0;0;0;18;3;13;3;0;3;3;3;0;0;6;0;0;0;0;0;0;0;0;0;0;0;0;0;0;3;3;3;3;3;14;0;0;0;0;0;0;0;0;0;0;0;0;3;3;0;3;3;5;3;0;3;3;16;3;0;20;0;0;0;0;0;0;0;0;0;0;0;0;
2024;2025;61421784;2614200;1178400;942;15339;424;385;39;14;5;20;0;355;90;189;76;0;69;29;8;28;4;190;0;0;3;5;12;12;12;10;15;5;13;13;17;9;13;14;13;12;13;234;3;3;3;0;3;13;8;4;3;3;7;10;9;11;9;26;28;39;58;8;61;39;258;56;3;418;3;3;4;0;0;3;0;3;3;3;0;0;1
2024;2025;60891763;2608900;1176300;943;15340;6;5;3;3;0;0;0;6;3;3;3;0;0;0;0;0;0;3;0;0;0;0;0;0;0;3;0;0;0;0;0;0;0;0;0;0;3;4;0;0;0;0;0;0;0;0;0;0;3;0;0;3;0;0;0;3;3;0;3;0;3;3;0;6;0;0;0;0;0;0;0;0;0;0;0;0;
2024;2025;61021804;2610200;1180400;944;15341;47;47;0;0;0;0;0;45;4;35;6;0;3;3;0;0;0;19;0;0;0;0;3;3;0;0;3;0;0;0;4;3;3;0;3;3;4;28;0;0;0;0;0;0;0;3;0;0;3;3;3;0;0;5;3;6;8;3;3;11;30;4;0;46;3;0;0;0;0;0;0;0;0;0;0;0;
2024;2025;62001828;2620000;1182800;945;15342;16;16;0;0;0;0;0;14;6;5;3;0;3;3;0;0;0;7;0;0;0;0;0;0;0;0;0;0;0;3;0;3;0;0;3;3;0;9;0;0;0;0;0;0;0;0;0;0;0;3;3;0;3;0;3;3;3;0;0;0;11;5;0;16;0;0;0;0;0;0;0;0;0;0;0;0;
2024;2025;62231856;2622300;1185600;946;15343;3;3;0;0;0;0;0;3;3;3;0;0;0;0;0;0;0;3;0;0;0;0;0;0;0;0;0;0;0;0;0;0;0;0;0;0;3;3;0;0;0;0;0;0;0;0;0;0;0;0;0;0;0;0;3;3;0;0;0;0;3;3;0;3;0;0;0;0;0;0;0;0;0;0;0;0;
2024;2025;60641792;2606400;1179200;948;15345;6;6;0;0;0;0;0;6;3;5;0;0;0;0;0;0;0;3;0;0;0;0;0;0;0;0;0;0;0;0;3;3;0;0;0;3;0;3;0;0;0;0;0;0;0;0;0;0;0;0;0;0;0;0;3;0;3;0;3;0;5;0;0;6;0;0;0;0;0;0;0;0;0;0;0;0;
2024;2025;62232127;2622300;1212700;951;15346;23;23;0;0;0;0;0;23;7;13;3;0;0;0;0;0;0;7;0;0;0;0;0;0;0;0;0;0;0;3;3;3;3;0;0;3;3;16;0;0;0;0;0;3;0;0;0;3;0;0;3;0;3;3;3;3;6;0;0;3;16;6;0;23;0;0;0;0;0;0;0;0;0;0;0;0;
2024;2025;62682154;2626800;1215400;952;15347;14;14;0;0;0;0;0;14;3;12;3;0;0;0;0;0;0;7;0;0;0;0;0;0;0;0;0;0;0;0;3;3;0;3;0;3;3;7;0;0;0;0;0;0;0;0;0;3;0;0;0;3;0;3;0;3;3;0;0;0;10;4;0;14;0;0;0;0;0;0;0;0;0;0;0;0;
2024;2025;63132143;2631300;1214300;953;15348;14;13;3;3;0;0;0;13;4;8;3;0;3;3;0;0;0;4;0;0;0;0;0;0;0;3;3;0;0;0;3;0;0;0;0;0;3;10;0;0;0;0;0;0;3;0;3;3;0;0;3;3;3;0;0;3;3;0;3;0;4;7;0;14;0;0;0;0;0;0;0;0;0;0;0;0;
2024;2025;63112182;2631100;1218200;954;15349;61;51;10;8;3;3;0;52;14;21;17;0;9;6;3;3;3;35;3;0;0;3;3;3;3;3;5;3;3;3;5;3;3;3;0;3;4;26;0;0;3;3;0;3;3;3;0;0;0;0;0;3;3;3;3;6;8;4;15;4;22;16;0;56;0;0;4;3;0;0;0;0;0;0;0;0;
2024;2025;61872062;2618700;1206200;955;15350;51;50;3;3;0;0;0;49;10;35;4;0;3;3;0;0;0;25;3;0;0;0;3;0;0;0;3;0;0;3;3;4;3;3;3;3;5;26;0;0;0;0;0;3;3;0;0;3;0;0;0;3;3;3;3;6;6;3;5;3;29;14;0;50;0;0;0;0;3;0;0;0;0;0;0;0;
2024;2025;61792083;2617900;1208300;956;15351;59;58;3;3;0;0;0;56;8;40;8;0;3;3;0;0;0;20;0;0;0;0;0;3;0;0;3;3;0;3;4;3;3;3;3;3;3;39;0;0;0;0;0;0;0;0;0;3;3;0;0;3;3;3;4;7;21;0;6;4;41;8;0;59;0;0;0;0;0;0;0;0;0;0;0;0;
2024;2025;62332086;2623300;1208600;957;15352;50;46;4;3;3;3;0;45;15;25;5;0;5;3;3;3;0;25;3;3;0;0;3;3;3;3;3;0;3;3;3;3;3;3;3;3;3;25;3;0;0;0;0;0;0;3;0;0;3;3;0;3;3;0;4;5;7;3;6;4;29;9;0;49;3;0;0;0;0;0;0;0;0;0;0;0;
2024;2025;62282074;2622800;1207400;958;15353;7;6;3;0;0;3;0;6;3;4;0;0;3;0;0;3;0;3;0;0;0;0;0;0;0;0;0;0;0;0;3;0;0;0;3;3;0;4;0;0;0;0;0;0;0;0;0;0;0;0;0;0;0;3;0;3;3;0;0;3;5;3;0;7;0;0;0;0;0;0;0;0;0;0;0;0;
2024;2025;62562180;2625600;1218000;959;15354;7;7;0;0;0;0;0;7;3;4;0;0;0;0;0;0;0;3;0;0;0;0;0;0;0;0;0;0;0;0;0;0;0;3;0;3;0;5;0;0;0;0;0;0;0;0;0;0;0;3;0;0;0;0;0;3;3;0;0;0;3;4;0;7;0;0;0;0;0;0;0;0;0;0;0;0;
2024;2025;62942149;2629400;1214900;960;15355;17;17;0;0;0;0;0;17;5;11;3;0;0;0;0;0;0;12;0;0;0;0;0;0;3;0;0;3;3;0;3;3;3;3;3;0;3;5;0;0;0;0;0;0;0;0;0;0;0;3;0;0;3;0;3;3;0;0;3;3;7;7;0;17;0;0;0;0;0;0;0;0;0;0;0;0;
2024;2025;61332333;2613300;1233300;971;15356;13;13;0;0;0;0;0;12;5;3;5;0;3;3;0;0;0;5;0;0;0;0;0;0;0;0;3;0;0;0;0;0;0;3;3;3;3;8;0;0;0;0;0;0;0;0;0;0;0;0;0;0;0;3;3;3;3;0;3;0;5;6;0;13;0;0;0;0;0;0;0;0;0;0;0;0;
2024;2025;62092247;2620900;1224700;973;15477;13;12;3;3;0;0;0;10;3;7;3;0;3;3;0;0;0;8;0;0;0;0;0;0;0;0;3;0;0;3;3;3;0;3;0;3;3;5;0;0;0;0;0;0;3;0;0;0;0;0;0;0;0;3;0;3;3;3;3;3;8;3;0;12;0;0;3;0;0;0;0;0;0;0;0;0;
2024;2025;62132296;2621300;1229600;976;15361;3;3;0;0;0;0;0;3;0;3;0;0;0;0;0;0;0;3;0;0;0;0;0;0;0;0;0;0;3;0;0;0;0;0;0;0;0;0;0;0;0;0;0;0;0;0;0;0;0;0;0;0;0;0;0;0;0;0;0;0;0;3;0;3;0;0;0;0;0;0;0;0;0;0;0;0;
2024;2025;61982288;2619800;1228800;977;15362;13;12;3;3;0;0;0;12;3;8;3;0;3;3;0;0;0;4;0;0;0;0;0;0;0;0;0;0;3;0;3;0;0;0;0;3;3;9;0;0;0;0;0;3;0;0;0;0;0;0;0;3;0;0;0;3;4;0;0;0;13;0;0;13;0;0;0;0;0;0;0;0;0;0;0;0;
2024;2025;62022263;2620200;1226300;979;15364;40;36;4;3;0;3;0;34;5;17;12;0;6;4;3;3;0;17;0;0;0;0;0;0;3;0;3;0;3;3;3;0;4;3;3;3;3;23;0;3;0;0;0;0;0;0;0;0;3;3;0;3;3;3;6;5;4;0;5;4;25;6;0;40;0;0;0;0;0;0;0;0;0;0;0;0;
2024;2025;61762279;2617600;1227900;980;15365;9;9;0;0;0;0;0;9;3;5;3;0;0;0;0;0;0;5;0;0;0;0;0;0;0;0;0;0;0;0;0;0;3;0;0;3;3;4;0;0;0;0;0;0;0;0;0;0;0;0;3;0;0;0;3;0;3;0;0;0;5;4;0;9;0;0;0;0;0;0;0;0;0;0;0;0;
2024;2025;61952351;2619500;1235100;981;16130;29;29;0;0;0;0;0;27;12;10;5;0;3;3;0;0;0;13;0;0;0;0;3;0;0;0;3;3;3;0;3;3;0;0;3;3;3;16;0;0;0;0;0;0;0;0;0;3;0;3;0;3;3;0;3;5;3;0;6;0;17;6;0;29;0;0;0;0;0;0;0;0;0;0;0;0;
2024;2025;61922263;2619200;1226300;982;15367;17;17;0;0;0;0;0;16;3;11;4;0;3;3;0;0;0;4;0;0;0;0;3;0;0;0;0;3;0;0;0;0;0;3;3;0;0;13;3;0;0;0;3;0;0;0;0;0;0;0;0;0;3;3;4;3;3;0;3;0;15;3;0;17;0;0;0;0;0;0;0;0;0;0;0;0;
2024;2025;61682344;2616800;1234400;983;15368;18;18;0;0;0;0;0;17;5;9;3;0;3;3;0;0;0;6;0;3;0;0;0;0;0;0;0;3;0;0;0;0;0;3;0;0;3;12;0;3;3;0;0;0;0;0;0;0;0;0;0;3;3;3;3;0;3;3;3;0;8;6;0;17;3;0;0;0;0;0;0;0;0;0;0;0;
2024;2025;62252221;2622500;1222100;985;15369;8;7;3;0;0;3;0;7;3;5;0;0;3;3;0;0;0;6;0;0;0;0;3;0;0;0;0;0;3;0;3;0;0;0;0;0;3;3;0;0;0;0;0;0;0;0;0;0;0;0;0;0;0;0;3;0;3;0;3;0;4;3;0;8;0;0;0;0;0;0;0;0;0;0;0;0;
2024;2025;61532348;2615300;1234800;987;15370;4;4;0;0;0;0;0;4;3;3;0;0;0;0;0;0;0;3;0;0;0;0;0;0;0;0;0;0;0;0;0;0;0;0;3;0;3;3;0;0;0;0;0;0;0;0;0;0;0;0;0;0;0;0;0;0;3;0;0;0;3;3;0;4;0;0;0;0;0;0;0;0;0;0;0;0;
2024;2025;61752220;2617500;1222000;988;15674;16;16;0;0;0;0;0;16;6;5;5;0;0;0;0;0;0;6;0;0;0;0;0;0;0;0;0;0;0;3;3;3;3;0;3;0;0;10;0;0;0;0;3;0;0;0;0;3;0;0;3;0;0;3;3;0;3;0;3;3;10;3;0;16;0;0;0;0;0;0;0;0;0;0;0;0;
2024;2025;62202248;2622000;1224800;989;15372;13;12;3;3;0;0;0;12;0;10;3;0;3;3;0;0;0;4;0;0;0;0;3;0;0;3;3;0;0;0;3;0;0;0;0;0;0;9;0;0;0;0;0;0;0;0;0;0;0;3;0;3;3;3;0;3;3;0;3;0;11;3;0;13;0;0;0;0;0;0;0;0;0;0;0;0;
2024;2025;61912317;2619100;1231700;990;15373;3;3;0;0;0;0;0;3;0;0;3;0;0;0;0;0;0;3;0;0;0;0;0;0;0;0;0;0;0;0;0;0;0;3;0;0;0;0;0;0;0;0;0;0;0;0;0;0;0;0;0;0;0;0;0;0;0;0;0;0;3;0;0;3;0;0;0;0;0;0;0;0;0;0;0;0;
2024;2025;61852311;2618500;1231100;991;15374;5;5;0;0;0;0;0;5;3;3;0;0;0;0;0;0;0;3;0;0;0;0;0;0;0;0;0;0;0;0;3;0;0;3;0;0;0;3;0;0;0;0;0;0;0;0;3;0;0;3;0;0;0;0;3;0;0;0;0;0;4;3;0;5;0;0;0;0;0;0;0;0;0;0;0;0;
2024;2025;61642315;2616400;1231500;992;16652;48;44;4;3;0;3;0;44;12;15;17;0;4;3;0;3;0;16;0;0;0;0;0;3;3;0;0;0;0;0;3;3;3;0;3;4;4;32;0;0;0;0;0;0;0;0;3;3;0;0;3;0;3;3;5;10;10;0;6;3;24;15;0;48;0;0;0;0;0;0;0;0;0;0;0;0;
2024;2025;61582335;2615800;1233500;995;15377;34;31;3;3;3;0;0;30;3;13;14;0;4;3;3;3;0;17;0;0;0;0;3;0;3;3;3;3;0;0;3;0;3;0;3;3;4;17;0;0;3;0;0;0;0;0;3;0;0;3;0;0;0;0;0;3;11;3;6;3;17;6;0;31;3;0;3;0;0;0;0;0;0;0;0;0;
2024;2025;64692077;2646900;1207700;1001;15557;8;8;0;0;0;0;0;8;4;3;3;0;0;0;0;0;0;3;0;0;0;0;0;0;0;0;0;0;0;0;0;0;0;3;3;3;0;5;0;0;0;0;0;0;0;0;0;0;0;0;0;0;0;0;3;3;3;0;0;3;5;3;0;8;0;0;0;0;0;0;0;0;0;0;0;0;
2024;2025;64762048;2647600;1204800;1002;15561;23;23;0;0;0;0;0;23;9;10;4;0;0;0;0;0;0;15;0;0;0;0;0;0;3;0;0;0;0;3;4;3;3;3;0;0;3;8;0;0;0;0;0;0;0;0;0;0;0;0;3;0;3;3;0;3;3;0;3;0;12;10;0;23;0;0;0;0;0;0;0;0;0;0;0;0;
2024;2025;64401926;2644000;1192600;1004;15543;39;38;3;3;0;0;0;34;9;11;14;0;5;4;3;0;0;13;0;0;0;0;0;0;0;0;3;0;0;3;3;3;3;4;3;3;3;26;0;0;0;0;0;0;0;0;0;3;0;0;3;3;4;3;4;5;5;3;4;9;16;8;0;37;3;0;0;0;0;0;0;0;0;0;0;0;
2024;2025;64662034;2646600;1203400;1005;15547;31;30;3;3;0;0;0;30;12;17;3;0;3;3;0;0;0;8;0;0;0;0;0;0;0;3;0;3;0;0;0;0;0;3;3;0;3;23;0;0;0;0;0;0;0;0;0;0;0;0;3;3;3;3;3;6;11;0;3;3;17;12;0;31;0;0;0;0;0;0;0;0;0;0;0;0;
2024;2025;64482069;2644800;1206900;1007;15582;9;9;0;0;0;0;0;9;6;3;0;0;0;0;0;0;0;0;0;0;0;0;0;0;0;0;0;0;0;0;0;0;0;0;0;0;0;9;0;0;0;0;0;0;0;0;0;0;0;0;0;0;0;0;3;3;5;0;0;0;3;6;0;9;0;0;0;0;0;0;0;0;0;0;0;0;
2024;2025;64422004;2644200;1200400;1008;15585;33;33;0;0;0;0;0;32;10;16;6;0;3;0;3;0;0;13;0;0;0;0;0;0;3;3;0;3;0;3;3;3;0;3;3;3;3;20;0;0;0;0;0;0;0;0;0;0;0;3;3;3;3;3;3;5;3;0;3;4;17;10;0;33;0;0;0;0;0;0;0;0;0;0;0;0;
2024;2025;65042116;2650400;1211600;1009;15522;26;24;3;3;3;0;0;23;5;13;5;0;3;3;3;0;0;7;0;0;0;0;0;0;0;0;0;0;0;0;3;0;3;0;3;0;3;19;0;0;0;0;0;0;0;0;3;0;0;3;3;0;0;3;3;5;5;0;3;3;16;8;0;26;0;0;0;0;0;3;0;3;0;0;0;0;1
2024;2025;63781960;2637800;1196000;1010;15518;20;19;3;3;0;0;0;17;6;7;4;0;3;3;0;0;0;8;0;0;0;3;0;0;0;3;0;0;3;3;3;3;0;0;0;3;0;12;0;0;0;0;0;0;3;0;0;3;0;0;3;0;3;0;3;4;3;0;3;3;10;8;0;20;0;0;0;0;0;0;0;0;0;0;0;0;
2024;2025;66082342;2660800;1234200;1021;15539;14;12;3;3;0;0;0;10;4;6;0;0;4;4;0;0;0;7;0;0;0;0;0;0;0;0;0;3;0;3;3;0;0;0;0;3;0;7;0;0;0;0;0;0;0;0;0;0;0;0;0;3;0;0;3;3;3;3;3;0;6;4;0;13;3;0;0;0;0;0;0;0;0;0;0;0;
2024;2025;66692228;2666900;1222800;1023;15536;23;23;0;0;0;0;0;23;4;16;3;0;0;0;0;0;0;6;0;0;0;0;0;0;0;0;0;0;0;0;0;3;3;0;0;3;0;17;0;0;0;0;0;0;0;0;0;0;0;0;0;3;3;3;3;6;5;0;3;0;17;5;0;23;0;0;0;0;0;0;0;0;0;0;0;0;
2024;2025;66482141;2664800;1214100;1024;15563;127;87;40;13;13;13;3;91;3;64;24;0;36;6;12;17;3;90;3;3;0;5;8;7;11;5;6;10;12;7;9;3;3;3;0;0;3;37;3;3;3;3;4;0;3;3;0;3;3;4;5;3;3;3;0;3;3;3;43;15;40;24;3;123;3;0;0;0;3;3;0;0;0;0;0;3;1
2024;2025;66072310;2660700;1231000;1025;15564;10;10;0;0;0;0;0;10;3;5;3;0;0;0;0;0;0;4;0;0;0;0;0;0;0;0;0;0;0;0;0;0;3;3;0;3;3;6;0;0;0;0;0;0;0;0;0;0;3;0;0;0;0;3;3;3;3;0;3;3;6;3;0;10;0;0;0;0;0;0;0;0;0;0;0;0;
2024;2025;66692205;2666900;1220500;1026;15560;6;6;0;0;0;0;0;6;3;4;3;0;0;0;0;0;0;3;0;0;0;0;0;0;0;0;0;0;0;0;0;0;0;3;0;0;3;4;0;0;0;0;0;0;0;0;3;0;0;0;3;0;0;0;3;0;3;0;0;0;3;3;0;6;0;0;0;0;0;0;0;0;0;0;0;0;
2024;2025;66252308;2662500;1230800;1030;16590;5;5;0;0;0;0;0;5;0;3;3;0;0;0;0;0;0;3;3;0;0;0;0;0;0;0;3;0;0;0;0;0;0;0;0;0;0;3;0;0;0;0;0;0;3;0;0;0;0;0;0;0;0;3;0;3;0;0;3;0;3;3;0;5;0;0;0;0;0;0;0;0;0;0;0;0;
2024;2025;66452245;2664500;1224500;1031;15556;34;28;6;5;3;0;0;29;3;19;7;0;5;3;3;0;0;15;3;0;3;0;0;3;0;0;0;3;0;0;3;4;3;3;3;0;3;19;0;0;0;0;3;0;3;0;0;0;3;3;0;3;0;3;3;4;4;0;7;3;16;10;0;34;0;0;0;0;0;0;0;0;0;0;0;0;
2024;2025;66672259;2666700;1225900;1032;15597;11;10;3;3;0;0;0;9;4;4;3;0;3;3;0;0;0;4;0;0;0;0;0;0;0;0;0;0;0;0;0;0;3;0;3;0;0;7;0;0;0;0;0;0;0;0;0;0;3;0;0;0;3;3;0;3;3;0;3;0;6;3;0;11;0;0;0;0;0;0;0;0;0;0;0;0;
2024;2025;66922195;2669200;1219500;1033;15574;18;18;0;0;0;0;0;18;3;9;6;0;0;0;0;0;0;7;0;0;0;0;0;0;0;0;0;3;0;0;3;3;3;0;3;3;3;11;0;0;0;0;0;0;0;0;0;0;0;0;0;0;3;0;0;5;4;0;3;3;11;5;0;18;0;0;0;0;0;0;0;0;0;0;0;0;
2024;2025;66192200;2661900;1220000;1037;15590;7;7;0;0;0;0;0;7;0;5;3;0;0;0;0;0;0;3;0;0;0;0;0;0;0;0;0;0;0;0;3;0;0;0;0;3;0;5;0;0;0;0;0;0;0;0;0;0;3;0;0;0;0;0;0;3;3;0;3;0;4;3;0;7;0;0;0;0;0;0;0;0;0;0;0;0;
2024;2025;66122246;2661200;1224600;1039;15592;7;6;3;0;3;0;0;6;3;3;3;0;3;0;3;0;0;3;0;0;0;0;0;0;0;0;0;0;0;0;0;0;0;0;0;3;0;5;0;0;0;0;0;0;0;0;3;0;0;0;0;0;3;0;0;3;3;0;3;0;3;3;0;7;0;0;0;0;0;0;0;0;0;0;0;0;
2024;2025;66302166;2663000;1216600;1040;15579;13;11;3;3;0;3;0;11;3;8;3;0;3;3;0;3;0;5;0;0;0;0;0;3;0;0;0;0;3;0;0;3;3;0;0;0;0;8;0;0;0;0;0;0;0;0;0;0;3;3;0;3;3;0;3;0;3;0;3;0;9;3;0;13;0;0;0;0;0;0;0;0;0;0;0;0;
2024;2025;66252356;2662500;1235600;1041;15586;9;9;0;0;0;0;0;9;3;4;3;0;0;0;0;0;0;4;0;0;0;0;0;0;0;0;0;0;0;0;0;3;3;0;3;0;3;5;0;0;0;0;0;0;0;0;0;0;0;0;0;0;0;0;3;3;3;0;0;0;6;3;0;9;0;0;0;0;0;0;0;0;0;0;0;0;
2024;2025;67032137;2670300;1213700;1051;15538;15;14;3;3;0;0;0;12;0;8;4;0;3;3;0;0;0;3;0;0;0;0;0;0;0;0;0;0;0;0;3;3;0;3;0;0;0;12;0;0;0;0;0;3;0;0;0;0;0;0;3;3;0;3;3;3;3;0;3;3;11;3;0;15;0;0;0;0;0;0;0;0;0;0;0;0;
2024;2025;66902165;2669000;1216500;1052;15532;27;25;3;3;0;3;0;24;0;12;12;0;3;3;0;0;3;11;0;0;0;0;0;0;0;0;3;0;0;3;0;3;3;3;3;3;3;16;0;0;0;0;0;3;3;0;0;3;0;0;0;0;0;0;3;4;8;0;3;3;22;3;0;27;0;0;0;0;0;0;0;0;0;0;0;0;
2024;2025;67082167;2670800;1216700;1053;15535;17;16;3;0;0;3;0;11;0;6;5;0;6;0;0;6;0;7;3;0;3;0;0;0;0;0;0;0;0;3;3;0;3;0;0;3;0;10;3;0;3;0;0;0;0;3;0;0;0;0;3;3;0;0;0;3;3;5;0;0;11;3;0;12;0;0;4;3;0;0;0;0;0;0;0;0;
2024;2025;66862150;2668600;1215000;1054;15552;46;22;24;3;9;13;0;21;0;9;12;0;25;4;8;13;0;25;3;3;3;3;3;3;3;3;3;3;3;5;0;0;0;0;3;0;0;21;3;0;0;3;0;3;5;3;0;0;0;3;3;3;3;0;3;0;3;5;15;4;11;3;9;35;3;6;0;0;3;4;0;3;3;0;0;0;1
2024;2025;67292200;2672900;1220000;1055;15550;3;3;0;0;0;0;0;3;0;0;3;0;3;0;0;3;0;3;0;0;0;0;0;0;0;0;0;3;0;0;0;0;0;0;0;0;0;3;0;0;0;0;0;0;0;0;0;0;0;0;0;0;0;0;0;3;0;0;3;3;3;0;0;3;0;0;0;0;0;0;0;0;0;0;0;0;
2024;2025;67532120;2675300;1212000;1056;15551;5;5;0;0;0;0;0;5;3;3;3;0;0;0;0;0;0;3;0;0;0;0;0;0;0;0;0;0;0;0;0;3;0;0;0;0;0;3;0;0;0;0;0;0;0;0;0;0;0;0;0;3;0;0;3;0;3;0;3;0;3;3;0;5;0;0;0;0;0;0;0;0;0;0;0;0;
2024;2025;66632079;2666300;1207900;1058;15559;40;37;3;0;0;3;0;34;3;22;10;0;6;3;3;3;0;17;0;0;3;3;0;0;0;0;3;3;3;4;3;3;3;3;3;3;0;23;0;0;0;0;0;0;0;0;3;3;3;3;4;3;3;3;3;3;3;0;4;3;30;4;0;40;0;0;0;0;0;0;0;0;0;0;0;0;
2024;2025;66382096;2663800;1209600;1059;15576;101;82;19;10;4;5;0;76;4;46;26;0;25;11;5;8;3;45;0;0;0;3;3;0;3;3;3;6;3;6;6;4;4;0;3;3;3;56;0;3;3;3;3;4;3;4;3;3;6;5;4;4;3;0;4;3;11;5;25;12;53;6;0;96;4;0;0;0;3;0;0;0;0;0;0;0;
2024;2025;66622118;2666200;1211800;1061;15600;423;299;124;36;49;38;3;294;180;32;82;0;129;26;50;51;3;249;7;7;3;6;8;15;22;26;26;15;22;25;23;22;7;7;3;4;3;174;7;9;3;6;5;6;11;12;12;10;9;12;14;15;13;9;7;7;8;8;115;50;165;59;26;397;8;3;3;3;12;5;0;3;3;0;3;0;1
2024;2025;65672098;2656700;1209800;1062;15578;39;39;0;0;0;0;0;39;9;21;9;0;0;0;0;0;0;18;3;0;0;0;0;0;0;3;0;0;0;3;3;4;3;0;3;3;3;21;0;0;0;0;3;0;0;3;3;0;3;3;3;3;3;3;3;3;4;0;4;3;23;11;0;39;0;0;0;0;0;0;0;0;0;0;0;0;
2024;2025;67102110;2671000;1211000;1063;15568;28;17;11;0;3;9;0;17;0;11;6;0;11;3;3;8;0;8;0;0;0;3;3;0;3;3;0;0;3;3;0;0;0;0;0;0;0;20;3;0;0;0;3;0;3;0;3;3;3;0;0;3;3;0;3;3;3;0;7;0;12;3;8;21;5;0;0;3;3;3;0;0;3;3;0;0;1
2024;2025;67622198;2676200;1219800;1064;15567;5;4;3;3;0;0;0;3;0;0;3;0;3;3;0;3;0;3;0;0;0;0;0;0;0;3;0;0;0;0;0;0;0;3;0;0;0;3;0;0;0;0;0;0;0;0;0;0;0;0;0;0;0;0;3;0;3;0;3;0;4;0;0;5;0;0;0;0;0;0;0;0;0;0;0;0;
2024;2025;67232187;2672300;1218700;1065;15581;8;8;0;0;0;0;0;8;3;3;4;0;0;0;0;0;0;5;0;0;0;0;0;3;0;0;0;0;3;0;3;3;0;0;3;0;0;3;0;0;0;0;0;0;0;0;0;0;0;3;0;3;0;0;0;0;3;0;3;0;3;5;0;8;0;0;0;0;0;0;0;0;0;0;0;0;
2024;2025;65592076;2655900;1207600;1066;15584;13;11;3;3;3;0;0;11;3;7;3;0;3;3;3;0;0;6;0;0;0;0;0;0;0;0;3;0;0;3;3;0;0;3;0;3;3;7;0;0;0;0;0;0;0;0;0;3;3;0;0;0;0;3;3;0;3;0;3;0;6;5;0;13;0;0;0;0;0;0;0;0;0;0;0;0;
2024;2025;67312159;2673100;1215900;1067;15530;11;11;0;0;0;0;0;9;3;6;3;0;3;0;3;0;0;5;0;0;0;3;3;0;0;0;0;0;0;0;0;0;3;0;3;0;0;6;0;0;0;0;0;0;0;0;0;0;0;0;0;3;0;3;3;3;3;0;3;3;5;4;0;11;0;0;0;0;0;0;0;0;0;0;0;0;
2024;2025;67952072;2679500;1207200;1068;15526;14;13;3;3;0;0;0;11;3;0;8;0;3;3;3;3;0;7;0;0;0;0;0;0;0;0;3;0;3;0;0;3;0;3;3;3;0;7;0;0;0;0;0;0;0;0;0;0;0;0;0;0;0;3;3;3;3;0;3;3;11;3;0;14;0;0;0;0;0;0;0;0;0;0;0;0;
2024;2025;67572095;2675700;1209500;1069;15528;5;4;3;3;0;0;0;4;0;0;4;0;3;3;0;0;0;3;0;0;0;0;0;0;0;0;0;0;0;0;0;0;0;0;3;0;0;4;0;0;0;0;0;0;0;0;0;3;0;0;0;0;0;3;3;0;3;0;3;3;3;0;0;5;0;0;0;0;0;0;0;0;0;0;0;0;
2024;2025;65702286;2657000;1228600;1081;15663;21;20;3;0;0;3;0;20;4;12;4;0;3;0;0;3;0;8;0;0;0;0;0;0;3;0;0;3;0;0;3;3;3;3;0;0;0;13;0;0;0;0;0;0;0;0;0;0;0;0;0;3;3;0;3;3;6;0;3;3;9;10;0;21;0;0;0;0;0;0;0;0;0;0;0;0;
2024;2025;64972294;2649700;1229400;1082;15534;33;33;0;0;0;0;0;32;6;22;4;0;3;0;3;0;0;13;0;0;0;0;0;0;0;0;0;3;0;3;3;3;3;3;3;0;3;20;0;0;0;3;0;0;0;0;0;0;0;3;3;0;3;3;3;8;4;0;3;3;17;12;0;33;0;0;0;0;0;0;0;0;0;0;0;0;
2024;2025;64982184;2649800;1218400;1083;15533;26;25;3;3;0;0;0;25;3;17;5;0;3;3;0;0;0;8;0;0;0;0;0;0;0;0;0;3;0;0;0;3;0;3;3;3;3;18;0;0;0;0;0;0;0;0;0;0;3;3;3;0;0;3;3;3;7;0;3;3;19;5;0;26;0;0;0;0;0;0;0;0;0;0;0;0;
2024;2025;65532225;2655300;1222500;1084;15554;13;13;0;0;0;0;0;13;4;8;3;0;0;0;0;0;0;4;0;0;0;0;0;0;0;0;0;0;0;0;0;3;0;0;0;3;3;9;0;0;0;0;0;0;0;0;0;0;0;3;0;0;0;3;3;3;3;0;0;0;10;3;0;13;0;0;0;0;0;0;0;0;0;0;0;0;
2024;2025;65072277;2650700;1227700;1085;15548;22;21;3;3;0;0;0;19;3;11;5;0;3;3;0;0;0;10;0;0;0;0;0;0;0;0;3;0;0;3;0;0;3;3;3;3;3;12;0;0;0;0;0;0;0;3;0;0;3;0;0;0;0;3;3;3;4;0;3;3;17;3;0;22;0;0;0;0;0;0;0;0;0;0;0;0;
2024;2025;64632204;2646300;1220400;1086;15545;4;4;0;0;0;0;0;4;3;3;0;0;0;0;0;0;0;3;0;0;0;0;0;0;0;0;0;0;0;0;3;0;0;0;0;3;0;3;0;0;0;0;0;0;0;0;0;0;0;0;0;0;0;0;0;3;0;0;0;3;3;0;0;4;0;0;0;0;0;0;0;0;0;0;0;0;
2024;2025;66002225;2660000;1222500;1088;15562;24;22;3;3;0;0;0;21;7;10;4;0;3;3;0;0;0;10;0;0;0;0;0;0;0;0;3;0;0;3;3;0;0;0;3;3;5;14;0;0;0;0;0;0;0;0;0;0;0;0;0;0;3;3;0;3;9;0;3;3;13;7;0;24;0;0;0;0;0;3;3;0;0;0;0;0;1
2024;2025;64802278;2648000;1227800;1089;15575;15;15;0;0;0;0;0;15;3;8;5;0;0;0;0;0;0;4;0;3;0;0;0;0;0;0;0;0;0;0;0;0;0;0;3;3;3;11;0;3;0;0;0;0;3;0;0;0;0;0;0;0;0;0;0;7;3;0;3;0;7;5;0;15;0;0;0;0;0;0;0;0;0;0;0;0;
2024;2025;64762243;2647600;1224300;1091;15573;13;13;0;0;0;0;0;13;3;10;3;0;0;0;0;0;0;8;0;0;0;0;0;0;0;0;0;0;0;3;0;3;3;3;3;3;0;5;0;0;0;0;0;0;0;0;0;0;0;0;3;0;0;0;3;3;3;0;3;0;8;3;0;13;0;0;0;0;0;0;0;0;0;0;0;0;
2024;2025;65812167;2658100;1216700;1093;15570;11;11;0;0;0;0;0;10;0;7;3;0;3;0;0;3;0;6;0;0;0;0;0;0;3;0;0;0;0;0;0;3;3;0;0;3;0;5;0;0;0;0;0;0;0;0;0;0;3;0;0;3;0;0;3;3;0;0;3;3;5;3;0;11;0;0;0;0;0;0;0;0;0;0;0;0;
2024;2025;65302207;2653000;1220700;1094;15572;8;8;0;0;0;0;0;6;0;4;3;0;3;0;0;3;0;3;0;0;0;3;0;0;0;0;0;0;0;0;3;0;0;0;0;3;0;5;0;0;0;0;0;0;0;0;0;0;3;0;0;3;0;3;0;3;0;3;3;3;4;3;0;7;3;0;0;0;0;0;0;0;0;0;0;0;
2024;2025;65132230;2651300;1223000;1095;15569;5;4;3;0;3;0;0;4;0;3;3;0;3;0;3;0;0;3;0;0;0;0;0;0;0;0;0;0;0;0;0;0;3;0;3;0;0;3;0;0;0;0;0;0;0;0;0;0;0;3;0;0;0;3;3;0;0;0;3;0;4;0;0;5;0;0;0;0;0;0;0;0;0;0;0;0;
2024;2025;65422301;2654200;1230100;1097;15520;34;32;3;3;0;0;0;31;3;14;14;0;3;3;0;0;0;14;0;0;0;0;0;0;3;0;3;3;3;3;3;0;3;0;3;3;3;20;0;0;0;0;0;3;0;0;0;0;0;3;3;0;3;3;0;6;7;0;3;3;19;10;0;34;0;0;0;0;0;0;0;0;0;0;0;0;
2024;2025;65222151;2652200;1215100;1098;15580;19;18;3;3;0;0;0;18;3;15;3;0;3;3;0;0;0;11;3;0;0;0;0;3;0;0;0;3;0;0;3;3;0;0;0;3;0;8;0;0;0;0;0;3;0;0;0;3;3;3;3;0;0;0;3;0;3;0;3;3;4;12;0;19;0;0;0;0;0;0;0;0;0;0;0;0;
2024;2025;65312248;2653100;1224800;1099;15664;17;16;3;3;0;0;0;16;4;6;6;0;3;3;0;0;0;7;0;0;0;0;0;0;0;0;0;0;0;0;0;3;0;3;3;3;3;10;0;0;0;0;0;0;0;0;0;0;0;0;3;0;3;0;3;3;5;0;0;0;14;3;0;17;0;0;0;0;0;0;0;0;0;0;0;0;
2024;2025;65122307;2651200;1230700;1100;15588;7;7;0;0;0;0;0;7;3;5;0;0;0;0;0;0;0;3;0;0;0;0;0;0;0;0;0;0;0;0;0;0;0;3;0;3;3;4;0;0;0;0;0;0;0;0;0;0;0;0;0;0;3;0;3;3;0;0;0;0;4;3;0;7;0;0;0;0;0;0;0;0;0;0;0;0;
2024;2025;65712207;2657100;1220700;1102;15587;9;8;3;3;0;0;0;7;0;3;4;0;3;3;0;0;0;4;0;0;0;0;0;0;0;0;3;0;0;0;3;0;0;3;0;3;0;5;0;0;0;0;0;0;0;0;0;0;0;3;0;0;0;0;3;3;3;0;3;0;8;0;0;9;0;0;0;0;0;0;0;0;0;0;0;0;
2024;2025;65072247;2650700;1224700;1103;15529;28;25;3;3;3;3;0;24;10;6;8;0;4;3;3;3;0;15;3;0;3;0;3;3;3;0;3;3;3;0;0;3;3;3;0;0;0;13;0;0;0;3;3;3;0;3;3;3;0;3;3;0;0;0;3;4;0;3;12;3;7;7;0;27;3;0;0;0;0;0;0;0;0;0;0;0;
2024;2025;64842317;2648400;1231700;1104;15599;17;15;3;3;0;0;0;15;3;9;4;0;3;3;0;0;0;7;0;0;0;0;0;0;0;0;0;0;0;3;3;0;3;3;0;3;3;10;0;0;0;0;0;0;0;0;3;0;0;0;3;0;3;0;3;3;5;0;3;0;10;5;0;17;0;0;0;0;0;0;0;0;0;0;0;0;
2024;2025;64822121;2648200;1212100;1107;15525;27;19;8;0;3;7;0;22;5;12;5;0;5;0;3;4;0;10;3;3;0;0;3;0;3;0;3;3;0;3;0;0;0;3;0;0;3;17;3;3;3;0;0;3;0;0;0;0;0;3;3;0;0;3;3;3;3;3;10;3;8;5;0;24;3;0;0;3;0;0;0;0;0;0;0;0;
2024;2025;64272225;2642700;1222500;1121;15537;3;3;0;0;0;0;0;3;0;3;0;0;0;0;0;0;0;0;0;0;0;0;0;0;0;0;0;0;0;0;0;0;0;0;0;0;0;3;0;0;0;0;0;0;0;0;0;0;0;0;0;0;0;0;0;3;3;0;0;0;3;3;0;3;0;0;0;0;0;0;0;0;0;0;0;0;
2024;2025;63362256;2633600;1225600;1122;15540;11;11;0;0;0;0;0;11;4;3;4;0;0;0;0;0;0;3;0;0;0;0;0;0;0;0;0;0;0;0;3;0;0;0;0;0;0;10;0;0;0;0;0;0;0;0;0;0;0;3;0;3;0;0;3;4;3;0;3;0;6;3;0;11;0;0;0;0;0;0;0;0;0;0;0;0;
2024;2025;63962280;2639600;1228000;1123;16131;25;25;0;0;0;0;0;23;9;9;5;0;3;3;0;0;0;10;0;0;0;0;0;0;0;0;0;3;0;0;0;3;0;4;3;3;3;15;0;0;0;0;0;0;0;0;0;0;0;0;0;0;3;3;4;3;5;0;3;0;7;17;0;25;0;0;0;0;0;0;0;0;0;0;0;0;
2024;2025;64172292;2641700;1229200;1125;15593;28;19;9;4;0;5;0;17;3;8;6;0;11;6;0;5;0;14;0;0;0;0;3;3;3;0;3;0;0;3;3;3;3;0;0;3;0;14;0;0;0;0;0;3;3;0;0;0;3;0;0;3;3;0;3;5;3;3;6;3;13;4;3;24;3;3;0;0;0;0;0;0;0;0;0;0;
2024;2025;64312262;2643100;1226200;1127;15555;8;8;0;0;0;0;0;8;3;6;3;0;0;0;0;0;0;4;0;0;0;0;0;0;0;0;0;0;0;0;3;0;0;3;3;0;0;4;0;0;0;0;0;0;0;0;0;0;0;0;3;3;3;0;0;0;3;0;3;0;7;0;0;8;0;0;0;0;0;0;0;0;0;0;0;0;
2024;2025;64392222;2643900;1222200;1128;15594;18;18;0;0;0;0;0;18;3;13;3;0;0;0;0;0;0;6;0;0;0;0;0;0;0;0;0;0;0;3;3;0;0;0;3;3;3;12;0;0;0;0;0;0;0;0;0;3;3;0;0;3;0;3;3;4;3;3;3;0;12;3;0;17;3;0;0;0;0;0;0;0;0;0;0;0;
2024;2025;63562228;2635600;1222800;1129;15546;9;7;3;0;3;0;0;7;3;3;3;0;3;0;3;0;0;6;0;0;0;0;0;3;0;0;0;0;3;0;0;0;0;3;0;3;0;3;0;0;0;0;0;0;0;0;0;0;0;0;0;0;0;3;3;0;3;0;3;0;3;3;3;9;0;0;0;0;0;0;0;0;0;0;0;0;
2024;2025;63402245;2634000;1224500;1131;15544;11;11;0;0;0;0;0;11;3;5;3;0;0;0;0;0;0;6;0;0;0;0;0;0;0;0;0;0;3;0;0;0;3;3;3;0;3;5;0;0;0;0;0;0;0;0;0;0;0;0;0;0;3;3;3;3;3;0;0;3;7;3;0;11;0;0;0;0;0;0;0;0;0;0;0;0;
2024;2025;63942150;2639400;1215000;1132;15565;7;6;3;0;3;0;0;6;3;3;3;0;3;0;3;0;0;3;0;0;0;0;0;0;0;3;0;0;0;3;0;0;3;0;0;0;0;4;0;0;0;0;0;0;0;0;0;0;0;0;0;0;3;0;3;3;0;0;3;0;4;3;0;7;0;0;0;0;0;0;0;0;0;0;0;0;
2024;2025;63632122;2636300;1212200;1135;15577;20;20;0;0;0;0;0;20;12;5;3;0;0;0;0;0;0;8;0;0;0;0;0;0;0;0;3;3;0;0;0;3;3;3;0;3;0;12;0;0;0;0;0;0;0;0;0;0;0;3;3;0;3;3;3;3;0;0;3;3;3;15;0;20;0;0;0;0;0;0;0;0;0;0;0;0;
2024;2025;64562150;2645600;1215000;1136;15566;49;45;4;3;3;0;0;45;18;20;7;0;4;0;4;0;0;21;0;0;0;3;3;0;0;3;0;0;3;0;3;3;3;3;6;4;3;28;0;0;0;3;0;0;0;0;3;0;3;0;3;3;3;0;3;10;6;3;9;3;22;13;0;46;3;0;0;0;0;3;0;0;3;0;0;0;1
2024;2025;64082269;2640800;1226900;1137;15571;24;23;3;0;3;0;0;20;5;10;5;0;4;3;3;0;3;7;0;0;0;0;0;0;0;3;0;0;0;0;0;0;0;3;3;3;3;17;0;0;0;0;0;0;0;0;3;0;0;0;0;3;3;3;3;3;6;0;3;3;19;3;0;24;0;0;0;0;0;0;0;0;0;0;0;0;
2024;2025;63482310;2634800;1231000;1139;15591;41;20;21;3;19;0;0;19;3;13;3;0;22;3;18;3;0;23;4;3;3;3;3;3;0;3;3;3;3;3;0;3;0;3;3;0;0;18;0;0;0;0;3;0;3;3;0;3;0;3;0;0;0;3;3;4;3;0;10;3;14;4;11;30;5;0;0;0;6;6;3;3;3;3;3;0;1
2024;2025;64032330;2640300;1233000;1140;15596;12;8;4;3;0;3;0;9;3;3;6;0;3;3;3;3;0;8;0;0;0;0;3;0;0;0;3;0;3;0;3;0;0;3;0;0;0;4;0;0;0;0;0;3;0;3;3;0;0;0;3;0;0;0;0;0;0;0;3;3;4;4;0;12;0;0;0;0;0;0;0;0;0;0;0;0;
2024;2025;63392291;2633900;1229100;1142;15583;11;11;0;0;0;0;0;11;3;6;4;0;0;0;0;0;0;3;0;0;0;0;0;0;0;0;0;0;0;0;0;0;0;3;0;0;3;8;0;0;0;0;0;0;0;0;0;0;0;0;0;0;0;0;3;3;4;0;0;0;7;4;0;11;0;0;0;0;0;0;0;0;0;0;0;0;
2024;2025;64172245;2641700;1224500;1143;15521;18;17;3;0;3;0;0;16;3;8;5;0;3;3;0;0;0;9;0;0;0;0;0;3;0;0;3;0;3;3;3;3;0;0;3;0;3;9;0;0;0;0;0;3;0;0;0;0;0;3;0;0;0;3;3;3;3;0;0;3;14;3;0;18;0;0;0;0;0;0;0;0;0;0;0;0;
2024;2025;63482186;2634800;1218600;1145;15531;17;17;0;0;0;0;0;16;6;4;6;0;3;0;0;0;3;8;0;0;0;0;0;0;0;0;0;0;0;3;0;0;0;3;3;3;3;9;0;0;0;0;0;0;0;0;0;0;0;0;0;0;0;0;4;3;3;0;3;3;9;6;0;17;0;0;0;0;0;0;0;0;0;0;0;0;
2024;2025;64432263;2644300;1226300;1146;15527;21;19;3;3;0;0;0;17;6;9;3;0;4;4;0;0;0;6;0;0;0;0;0;0;0;0;0;3;0;0;0;3;0;3;3;3;0;15;0;0;0;0;0;0;0;0;0;0;0;3;3;0;0;3;0;7;4;0;3;0;13;7;0;21;0;0;0;0;0;0;0;0;0;0;0;0;
2024;2025;64032347;2640300;1234700;1147;15523;35;14;21;0;20;3;0;12;0;5;7;0;23;3;19;3;0;17;3;5;3;0;0;3;3;0;3;0;3;0;0;3;0;0;3;0;0;18;0;3;3;3;0;3;0;3;0;3;0;0;0;0;0;3;3;3;4;0;5;3;11;3;16;22;0;0;0;0;13;3;0;0;3;0;0;3;1
2024;2025;63672210;2636700;1221000;1150;15524;9;8;3;0;0;3;0;8;0;6;3;0;3;0;0;3;0;3;0;0;0;0;0;3;0;0;0;0;0;0;0;0;3;0;3;0;0;6;0;0;0;0;0;0;0;0;0;0;0;0;0;0;0;0;3;3;3;3;3;0;6;3;0;8;3;0;0;0;0;0;0;0;0;0;0;0;
2024;2025;64192191;2641900;1219100;1151;16591;54;51;3;3;3;0;0;50;10;29;11;0;4;3;3;3;0;18;0;0;0;0;0;0;0;0;3;0;3;3;0;0;3;3;3;3;5;36;3;0;0;0;3;0;0;3;0;0;3;7;3;5;0;3;3;8;6;0;10;0;34;10;0;54;0;0;0;0;0;0;0;0;0;0;0;0;
2024;2025;69181929;2691800;1192900;1201;11773;56;51;5;5;0;0;0;48;14;22;12;0;8;8;0;0;0;21;0;0;3;0;3;3;0;0;0;3;0;3;3;3;0;3;3;3;3;35;0;0;0;0;3;0;3;0;0;3;0;0;3;0;0;3;8;8;11;0;8;3;35;11;0;56;0;0;0;0;0;0;0;0;0;0;0;0;
2024;2025;68861654;2688600;1165400;1202;11784;4;4;0;0;0;0;0;4;3;0;3;0;0;0;0;0;0;3;0;0;0;0;0;0;0;3;0;0;0;0;0;3;0;0;0;0;0;3;0;0;0;0;0;0;0;0;0;0;0;0;0;0;3;0;0;3;0;0;3;0;3;3;0;4;0;0;0;0;0;0;0;0;0;0;0;0;
2024;2025;69091907;2690900;1190700;1203;11678;23;23;0;0;0;0;0;21;9;8;4;0;3;3;0;0;0;8;0;0;0;0;0;0;0;0;3;0;0;3;0;0;0;3;3;3;3;15;0;0;0;0;0;0;0;0;0;0;0;0;0;3;3;0;4;3;6;0;0;3;14;8;0;23;0;0;0;0;0;0;0;0;0;0;0;0;
2024;2025;69331923;2693300;1192300;1205;11506;35;33;3;3;3;0;0;33;12;14;7;0;3;3;3;0;0;11;0;0;0;0;0;0;3;3;0;0;0;3;3;0;3;3;3;3;3;24;0;0;0;0;0;3;0;0;3;0;3;0;3;0;0;3;3;6;8;0;0;0;21;14;0;35;0;0;0;0;0;0;0;0;0;0;0;0;
2024;2025;69251863;2692500;1186300;1206;12238;34;32;3;3;0;0;0;31;10;17;4;0;3;3;0;0;0;12;0;0;0;0;0;0;3;0;3;0;0;3;3;3;0;3;3;3;0;22;0;0;0;0;3;0;0;3;0;0;3;0;3;3;3;3;3;3;6;0;3;3;16;14;0;34;0;0;0;0;0;0;0;0;0;0;0;0;
2024;2025;69041956;2690400;1195600;1207;11940;5;3;3;3;0;0;0;3;3;3;0;0;3;3;0;0;0;3;0;0;0;0;0;0;0;0;0;0;0;0;3;0;0;0;0;0;3;3;0;0;0;0;0;0;0;0;0;3;0;0;0;0;0;0;0;3;3;3;3;0;3;3;0;3;0;0;3;0;0;0;0;0;0;0;0;0;
2024;2025;68791691;2687900;1169100;1208;12032;7;7;0;0;0;0;0;7;3;4;0;0;0;0;0;0;0;4;0;0;0;0;0;0;0;0;0;3;0;0;0;3;0;0;0;0;3;3;0;0;0;0;0;0;0;0;0;0;0;0;0;0;0;0;0;0;3;0;0;0;3;4;0;7;0;0;0;0;0;0;0;0;0;0;0;0;
2024;2025;68651637;2686500;1163700;1210;12213;3;3;0;0;0;0;0;3;0;3;3;0;0;0;0;0;0;0;0;0;0;0;0;0;0;0;0;0;0;0;0;0;0;0;0;0;0;3;0;0;0;0;0;0;0;0;0;0;0;0;0;0;0;0;0;3;3;0;0;0;3;0;0;3;0;0;0;0;0;0;0;0;0;0;0;0;
2024;2025;68551961;2685500;1196100;1211;12661;5;5;0;0;0;0;0;5;3;3;0;0;0;0;0;0;0;0;0;0;0;0;0;0;0;0;0;0;0;0;0;0;0;0;0;0;0;5;0;0;0;0;0;0;0;0;0;0;0;0;0;3;3;0;3;3;3;0;0;0;3;3;0;5;0;0;0;0;0;0;0;0;0;0;0;0;
2024;2025;69281910;2692800;1191000;1213;13055;16;15;3;3;0;0;0;13;5;3;5;0;3;3;0;0;0;6;0;0;0;0;0;0;0;3;0;0;0;3;0;0;3;0;3;3;0;10;0;0;0;0;0;0;0;0;0;0;0;0;0;0;3;0;3;3;3;0;3;3;9;5;0;16;0;0;0;0;0;0;0;0;0;0;0;0;
2024;2025;68951928;2689500;1192800;1214;16592;19;19;0;0;0;0;0;16;4;10;3;0;3;3;0;0;0;7;0;0;0;0;0;0;0;0;0;0;0;3;0;0;3;3;3;3;3;12;0;0;0;0;0;0;0;0;0;0;0;0;0;3;0;3;3;3;5;3;4;0;10;4;0;18;3;0;0;0;0;0;0;0;0;0;0;0;
2024;2025;68742027;2687400;1202700;1215;12950;7;6;3;3;0;0;0;6;3;3;4;0;3;3;0;0;0;3;0;0;0;0;0;0;0;0;3;0;0;0;0;3;0;0;0;0;0;4;0;0;0;0;0;0;0;0;0;0;0;0;0;0;0;3;3;0;3;3;3;0;3;3;0;6;0;3;0;0;0;0;0;0;0;0;0;0;
2024;2025;69411829;2694100;1182900;1216;12985;28;28;0;0;0;0;0;27;21;3;3;0;3;0;0;3;0;10;0;0;0;0;0;0;0;0;0;0;0;0;0;0;0;0;0;3;8;18;0;0;0;0;0;0;0;0;0;0;0;0;0;3;3;3;7;3;5;0;3;0;13;14;0;28;0;0;0;0;0;0;0;0;0;0;0;0;
2024;2025;69012005;2690100;1200500;1217;12981;4;4;0;0;0;0;0;4;3;0;3;0;0;0;0;0;0;3;0;0;0;0;0;0;0;0;0;0;0;0;3;0;3;0;0;0;3;3;0;0;0;0;0;0;0;0;0;0;0;0;0;0;0;3;0;0;0;0;0;0;4;0;0;4;0;0;0;0;0;0;0;0;0;0;0;0;
2024;2025;69831921;2698300;1192100;1218;10364;20;20;0;0;0;0;0;20;13;5;3;0;0;0;0;0;0;10;0;0;0;0;0;0;0;0;0;0;0;0;3;3;0;3;3;3;3;10;0;0;0;0;0;0;0;0;0;0;0;0;3;0;3;0;3;7;0;0;0;3;9;10;0;20;0;0;0;0;0;0;0;0;0;0;0;0;
2024;2025;70151911;2701500;1191100;1219;10869;13;11;3;3;0;0;0;10;6;3;3;0;3;3;0;0;0;4;0;0;0;0;0;0;0;0;0;3;0;0;0;0;0;3;0;3;3;9;0;0;0;0;0;0;0;0;0;0;3;0;0;3;3;0;3;3;3;0;0;0;7;6;0;13;0;0;0;0;0;0;0;0;0;0;0;0;
2024;2025;68881734;2688800;1173400;1220;10442;3;3;3;3;0;0;0;3;3;0;0;0;3;3;0;0;0;3;0;0;0;0;0;0;0;3;0;0;0;0;0;0;0;0;0;0;0;3;0;0;0;0;0;0;0;0;0;0;0;0;0;0;0;0;0;3;3;3;0;0;0;3;0;3;3;0;0;0;0;0;0;0;0;0;0;0;
2024;2025;69982204;2699800;1220400;1301;12152;41;34;7;3;0;4;0;32;9;3;22;0;9;4;0;5;0;24;0;0;0;3;0;0;0;0;3;3;3;3;4;3;3;3;3;0;0;17;0;0;0;0;0;0;0;0;0;3;3;5;3;0;5;3;0;0;3;3;3;9;19;9;3;41;0;0;0;0;0;3;0;0;0;0;3;3;1
2024;2025;68272051;2682700;1205100;1311;12033;5;5;0;0;0;0;0;5;3;0;4;0;0;0;0;0;0;4;0;0;0;0;0;0;0;0;0;0;0;3;3;0;0;3;0;0;0;3;0;0;0;0;0;0;0;0;0;0;0;0;0;0;0;0;3;0;0;0;0;3;3;3;0;5;0;0;0;0;0;0;0;0;0;0;0;0;
2024;2025;69922271;2699200;1227100;1321;12007;11;4;7;4;3;3;0;5;0;0;5;0;6;4;3;3;0;7;0;0;0;0;0;0;3;3;3;0;0;0;3;0;0;3;0;0;0;4;0;0;0;0;0;0;3;0;0;0;0;0;3;0;0;3;0;3;0;0;4;0;5;0;3;9;0;3;0;0;0;0;0;0;0;0;0;0;
2024;2025;70142287;2701400;1228700;1322;11961;28;27;3;0;0;3;0;23;3;5;16;0;5;3;3;3;0;13;0;0;0;0;0;3;0;3;3;3;3;0;3;3;3;0;3;0;3;15;0;0;0;0;0;0;0;0;0;0;0;0;5;0;3;3;5;0;3;0;3;3;21;3;0;28;0;0;0;0;0;0;0;0;0;0;0;0;
2024;2025;69712280;2697100;1228000;1323;10314;33;33;0;0;0;0;0;29;3;6;21;0;4;3;0;3;0;11;3;0;0;0;0;0;3;3;0;0;0;0;3;3;3;0;3;3;3;22;3;0;0;0;0;0;0;3;0;0;3;0;3;3;3;3;6;3;4;0;6;3;20;5;0;33;0;0;0;0;0;0;0;0;0;0;0;0;
2024;2025;67612151;2676100;1215100;1331;14470;28;24;4;3;3;3;0;23;3;3;19;0;5;3;3;3;0;17;3;0;0;0;3;0;4;3;3;3;3;3;0;0;0;3;3;0;0;11;0;0;0;0;0;0;0;0;3;3;3;0;0;3;0;0;3;3;3;0;3;3;17;8;0;28;0;0;0;0;0;0;0;0;0;0;0;0;
2024;2025;70552277;2705500;1227700;1341;11774;17;15;3;3;3;0;0;14;3;7;6;0;3;3;3;0;0;8;0;3;3;0;0;0;0;0;0;3;0;0;3;0;0;3;3;0;3;9;0;0;0;3;3;3;0;0;0;0;3;3;0;0;0;0;0;3;3;0;3;3;8;5;0;17;0;0;0;0;0;0;0;0;0;0;0;0;
2024;2025;70882267;2708800;1226700;1342;12075;27;26;3;3;0;0;0;26;6;11;9;0;3;3;0;0;0;11;0;0;0;0;0;0;0;0;0;0;0;3;4;3;3;3;0;3;0;16;0;0;0;0;0;0;0;0;0;0;3;0;3;4;3;3;4;0;4;0;3;3;16;8;0;27;0;0;0;0;0;0;0;0;0;0;0;0;
2024;2025;71242183;2712400;1218300;1343;12658;3;3;0;0;0;0;0;3;0;0;3;0;0;0;0;0;0;3;0;0;0;0;0;0;0;0;0;3;0;0;0;0;0;0;0;0;0;0;0;0;0;0;0;0;0;0;0;0;0;0;0;0;0;0;0;0;0;0;0;3;0;0;0;3;0;0;0;0;0;0;0;0;0;0;0;0;
2024;2025;70722277;2707200;1227700;1344;12607;40;16;24;23;0;3;0;15;3;3;9;0;25;24;0;3;0;29;0;3;3;0;3;3;5;3;3;4;3;3;3;3;0;0;0;3;0;11;0;0;0;3;0;0;0;0;0;0;0;0;3;3;0;0;3;0;4;3;21;3;14;3;0;39;0;0;3;0;0;0;0;0;0;0;0;0;
2024;2025;71652255;2716500;1225500;1345;13181;4;4;0;0;0;0;0;4;3;3;3;0;0;0;0;0;0;3;0;0;0;0;0;0;0;3;0;0;0;0;0;0;3;0;0;0;0;3;0;0;0;0;0;0;0;0;0;0;0;0;0;0;0;3;0;3;0;0;3;0;3;3;0;4;0;0;0;0;0;0;0;0;0;0;0;0;
2024;2025;71292258;2712900;1225800;1346;12968;49;34;15;4;7;4;0;35;4;18;13;0;14;4;5;5;0;29;3;3;0;0;3;3;5;4;3;3;0;3;4;3;3;0;3;3;3;20;0;0;0;0;0;3;0;0;3;0;0;3;3;0;3;3;3;5;3;3;13;3;22;9;0;46;0;0;3;0;0;0;0;0;0;0;0;0;
2024;2025;71402291;2714000;1229100;1347;10859;24;24;0;0;0;0;0;21;4;6;11;0;3;3;0;3;0;11;0;0;0;0;0;3;0;0;0;0;0;3;0;0;0;3;3;4;3;13;0;0;0;0;0;0;0;3;0;0;0;0;0;0;0;0;6;4;3;0;3;3;14;6;0;24;0;0;0;0;0;0;0;0;0;0;0;0;
2024;2025;71092201;2710900;1220100;1348;10371;5;5;0;0;0;0;0;5;3;3;3;0;0;0;0;0;0;3;0;0;0;0;0;0;0;0;0;0;0;0;0;0;3;0;0;0;3;3;0;0;0;0;0;0;0;0;0;0;0;0;0;0;0;3;0;3;0;0;0;3;3;3;0;5;0;0;0;0;0;0;0;0;0;0;0;0;
2024;2025;71042277;2710400;1227700;1349;10471;33;26;7;5;3;3;0;28;3;10;15;0;5;3;0;3;0;20;0;3;0;0;3;0;0;3;3;0;3;0;3;0;3;4;3;3;3;13;0;0;0;0;0;0;0;0;3;0;3;0;3;3;0;3;3;3;3;0;3;8;16;8;0;33;0;0;0;0;0;0;0;0;0;0;0;0;
2024;2025;69702141;2697000;1214100;1361;11778;3;3;0;0;0;0;0;3;0;3;3;0;0;0;0;0;0;3;0;0;0;0;0;0;0;0;0;0;0;0;0;0;0;0;3;0;0;3;0;0;0;0;0;0;0;0;0;0;0;0;0;0;0;0;3;0;3;0;0;0;3;0;0;3;0;0;0;0;0;0;0;0;0;0;0;0;
2024;2025;68352121;2683500;1212100;1362;11670;18;16;3;3;0;0;0;17;3;5;10;0;3;3;0;0;0;8;0;0;0;0;0;0;0;3;0;0;0;0;3;3;3;0;0;0;0;10;0;0;3;0;0;0;0;0;3;0;3;3;0;3;0;0;3;0;3;0;3;3;9;6;0;18;0;0;0;0;0;0;0;0;0;0;0;0;
2024;2025;69792049;2697900;1204900;1363;12192;16;16;0;0;0;0;0;16;9;5;3;0;0;0;0;0;0;3;0;0;0;0;0;0;0;0;0;0;0;0;0;0;0;0;3;0;3;13;0;0;0;0;0;0;0;0;0;0;0;3;3;0;0;0;3;3;6;0;0;3;3;14;0;16;0;0;0;0;0;0;0;0;0;0;0;0;
2024;2025;68902060;2689000;1206000;1364;12657;46;42;4;3;0;3;0;39;4;12;23;0;7;4;0;3;0;16;0;0;0;0;0;0;3;0;0;0;3;3;3;3;0;3;0;4;3;30;0;0;0;0;0;3;0;0;0;3;3;0;4;3;3;3;3;7;9;3;3;5;35;3;0;45;0;3;0;0;0;0;0;0;0;0;0;0;
2024;2025;68672100;2686700;1210000;1365;12634;6;6;0;0;0;0;0;6;4;3;3;0;0;0;0;0;0;3;0;0;0;0;0;0;0;0;0;0;0;0;0;0;0;0;3;3;3;3;0;0;0;0;0;0;0;0;0;0;0;0;0;0;0;3;0;0;3;0;0;0;3;3;0;6;0;0;0;0;0;0;0;0;0;0;0;0;
2024;2025;68982040;2689800;1204000;1366;12371;15;10;5;3;3;3;0;11;4;3;6;0;4;3;3;3;0;7;0;0;0;0;0;3;0;3;0;0;0;0;0;0;3;0;3;3;0;8;3;0;0;0;3;0;3;0;0;0;0;0;0;0;3;0;3;3;3;0;4;0;5;5;3;14;0;0;0;3;0;0;0;0;0;0;0;0;
2024;2025;70042035;2700400;1203500;1367;12362;5;5;0;0;0;0;0;5;3;3;3;0;0;0;0;0;0;3;0;0;0;0;0;0;0;0;0;3;0;0;0;0;0;0;0;0;0;4;0;0;0;0;0;0;0;0;0;0;0;0;3;0;0;0;3;0;3;0;0;3;3;3;0;5;0;0;0;0;0;0;0;0;0;0;0;0;
2024;2025;70212107;2702100;1210700;1368;12475;3;3;0;0;0;0;0;3;3;0;3;0;0;0;0;0;0;0;0;0;0;0;0;0;0;0;0;0;0;0;0;0;0;0;0;0;0;3;0;0;0;0;0;0;0;0;0;0;0;0;0;0;0;3;0;0;3;0;0;0;3;3;0;3;0;0;0;0;0;0;0;0;0;0;0;0;
2024;2025;69352003;2693500;1200300;1369;12894;4;4;0;0;0;0;0;3;0;3;3;0;3;3;0;0;0;3;0;0;0;0;0;0;0;0;0;0;0;0;0;0;0;3;0;0;0;3;0;0;0;0;0;0;0;0;0;0;0;0;0;0;0;0;3;0;3;0;0;0;0;4;0;4;0;0;0;0;0;0;0;0;0;0;0;0;
2024;2025;69392178;2693900;1217800;1370;12853;16;16;0;0;0;0;0;16;6;7;3;0;0;0;0;0;0;4;0;0;0;0;0;0;0;0;0;0;0;3;0;0;3;0;0;3;3;12;0;0;0;0;0;0;0;0;0;0;3;0;0;3;0;3;3;3;3;0;0;0;10;6;0;16;0;0;0;0;0;0;0;0;0;0;0;0;
2024;2025;69092152;2690900;1215200;1371;13022;20;19;3;3;0;0;0;19;5;5;9;0;3;3;0;0;0;6;0;0;0;0;0;0;0;0;0;0;0;3;0;3;3;0;0;3;3;14;0;0;0;0;0;0;0;0;0;0;0;0;0;3;0;3;3;5;4;0;3;3;11;6;0;20;0;0;0;0;0;0;0;0;0;0;0;0;
2024;2025;69242085;2692400;1208500;1372;12955;54;44;10;5;3;3;0;43;15;10;18;0;11;5;3;3;0;29;3;0;0;0;3;3;3;3;3;3;3;4;3;3;3;3;3;3;3;25;0;0;0;0;0;3;0;3;0;3;0;3;3;3;0;6;3;3;3;0;8;3;31;14;0;54;0;0;0;0;0;3;3;0;0;0;0;0;1
2024;2025;68932116;2689300;1211600;1373;10594;12;12;0;0;0;0;0;11;3;5;4;0;3;3;0;0;0;3;0;0;0;0;0;3;0;0;0;0;0;0;3;0;0;0;0;0;3;9;0;0;0;0;0;0;0;0;0;0;0;0;0;0;0;3;3;4;3;0;3;3;5;4;0;12;0;0;0;0;0;0;0;0;0;0;0;0;
2024;2025;68702120;2687000;1212000;1374;10571;9;9;0;0;0;0;0;9;5;4;0;0;0;0;0;0;0;3;0;0;0;0;0;0;0;0;0;0;0;0;0;0;0;0;3;0;3;7;0;0;0;0;0;0;0;0;0;0;0;0;0;0;0;3;3;3;3;0;0;3;3;5;0;9;0;0;0;0;0;0;0;0;0;0;0;0;
2024;2025;70362129;2703600;1212900;1375;10865;5;3;3;3;3;0;0;3;0;3;3;0;3;3;3;0;0;4;0;0;0;0;3;0;0;0;0;0;3;3;0;0;3;0;0;0;0;3;0;0;0;0;0;3;0;0;0;0;0;0;0;0;0;0;0;0;0;0;3;3;3;3;0;5;0;0;0;0;0;0;0;0;0;0;0;0;
2024;2025;66361992;2663600;1199200;1401;11753;23;21;3;3;0;0;0;20;3;10;8;0;3;3;0;0;0;13;3;0;0;0;0;0;3;3;0;0;3;3;3;3;3;3;3;0;0;10;0;0;0;3;0;0;0;3;0;0;3;3;0;3;0;0;0;3;3;0;3;3;12;6;0;23;0;0;0;0;0;0;0;0;0;0;0;0;
2024;2025;67371861;2673700;1186100;1402;12287;17;17;0;0;0;0;0;15;4;3;10;0;3;3;0;0;0;7;0;0;0;0;0;0;3;3;0;0;3;3;0;3;0;0;0;0;0;10;0;0;0;0;0;3;0;0;0;0;0;3;3;0;3;3;3;3;0;0;3;3;9;4;0;17;0;0;0;0;0;0;0;0;0;0;0;0;
2024;2025;65711878;2657100;1187800;1403;12063;16;15;3;3;0;0;0;15;5;5;5;0;3;3;0;0;0;7;0;0;0;0;0;3;0;0;0;0;3;0;0;3;0;0;0;3;0;9;0;0;0;0;0;0;0;0;3;3;3;0;0;0;3;0;3;0;3;0;3;3;6;7;0;16;0;0;0;0;0;0;0;0;0;0;0;0;
2024;2025;66371948;2663700;1194800;1404;12688;22;21;3;0;0;3;0;21;3;8;12;0;3;0;0;3;0;14;0;0;0;0;0;0;3;0;0;0;3;3;3;3;3;3;3;3;3;8;0;0;0;0;0;0;3;3;0;3;0;0;0;0;0;0;3;0;3;0;7;3;7;6;0;22;0;0;0;0;0;0;0;0;0;0;0;0;
2024;2025;65491818;2654900;1181800;1405;12718;5;5;0;0;0;0;0;4;3;3;0;0;3;3;0;0;0;3;0;0;0;0;0;0;0;0;0;0;3;0;0;0;0;0;0;0;0;4;0;0;0;0;0;0;0;0;0;0;0;0;0;0;0;3;3;3;3;0;0;0;4;3;0;5;0;0;0;0;0;0;0;0;0;0;0;0;
2024;2025;66101912;2661000;1191200;1406;12859;23;21;3;3;3;0;0;19;5;4;10;0;4;3;3;0;0;4;0;0;0;0;0;0;0;0;0;0;0;0;3;0;3;0;0;0;3;19;0;0;0;0;0;0;3;0;0;0;0;3;0;0;3;4;3;3;7;0;0;3;14;6;0;23;0;0;0;0;0;0;0;0;0;0;0;0;
2024;2025;66141942;2661400;1194200;1407;13009;61;54;7;3;3;4;0;53;24;3;26;0;8;3;3;3;0;29;0;3;3;0;3;0;3;3;3;3;0;3;5;3;3;3;3;0;3;32;0;3;0;0;0;3;3;3;0;0;3;3;3;3;3;3;3;3;10;0;12;3;27;19;0;61;0;0;0;0;0;0;0;0;0;0;0;0;
2024;2025;67882022;2678800;1202200;1501;11792;15;13;3;3;0;0;0;12;3;3;6;0;3;3;0;0;0;5;0;0;0;0;0;0;0;3;0;0;3;0;0;0;0;0;3;3;0;10;0;0;0;0;0;0;0;0;0;0;3;3;0;3;3;3;3;3;3;0;0;3;11;3;0;15;0;0;0;0;0;0;0;0;0;0;0;0;
2024;2025;67472030;2674700;1203000;1502;11465;26;25;3;0;3;0;0;23;3;12;9;0;3;3;3;0;0;11;0;0;0;0;0;0;0;0;3;3;0;3;0;4;0;3;3;0;3;15;0;0;0;0;0;0;0;0;0;0;0;3;3;3;0;0;3;7;3;0;3;3;15;8;0;26;0;0;0;0;0;0;0;0;0;0;0;0;
2024;2025;67241976;2672400;1197600;1503;11568;17;17;0;0;0;0;0;16;3;9;5;0;3;3;0;0;0;7;0;0;0;0;0;3;0;0;0;3;0;0;3;0;0;3;0;3;3;10;0;0;0;0;0;0;3;0;0;3;0;0;3;3;0;0;3;3;3;0;0;3;6;8;0;17;0;0;0;0;0;0;0;0;0;0;0;0;
2024;2025;68222012;2682200;1201200;1504;12290;16;16;0;0;0;0;0;16;6;3;8;0;0;0;0;0;0;4;0;0;0;0;0;0;0;0;0;0;0;0;0;0;0;3;0;3;3;12;0;0;0;0;0;0;0;0;0;0;0;0;0;3;3;3;3;3;4;0;3;0;12;3;0;16;0;0;0;0;0;0;0;0;0;0;0;0;
2024;2025;67432042;2674300;1204200;1505;12276;16;16;0;0;0;0;0;16;3;6;7;0;0;0;0;0;0;6;0;0;0;0;0;0;0;0;0;0;0;0;3;0;0;0;3;3;3;10;0;0;0;0;0;0;3;0;0;3;3;3;3;0;0;3;0;3;3;0;0;3;8;7;0;16;0;0;0;0;0;0;0;0;0;0;0;0;
2024;2025;66721994;2667200;1199400;1506;12275;17;17;0;0;0;0;0;17;3;7;7;0;0;0;0;0;0;5;0;0;0;0;0;0;0;0;0;0;0;0;0;3;0;0;0;3;3;12;0;0;0;0;0;0;0;0;0;0;3;3;0;3;3;3;3;3;3;0;0;3;7;9;0;17;0;0;0;0;0;0;0;0;0;0;0;0;
2024;2025;66642044;2666400;1204400;1507;12300;10;10;0;0;0;0;0;10;3;0;8;0;0;0;0;0;0;5;0;0;0;0;0;0;3;0;0;0;0;0;3;0;0;0;3;0;3;5;0;0;0;0;0;0;0;0;0;0;0;3;0;3;0;0;0;3;3;0;0;0;8;3;0;10;0;0;0;0;0;0;0;0;0;0;0;0;
2024;2025;67212012;2672100;1201200;1508;12556;34;34;0;0;0;0;0;34;9;14;11;0;0;0;0;0;0;14;0;0;0;0;0;0;0;0;0;0;3;0;0;3;0;0;5;3;6;20;0;0;0;0;0;0;0;0;3;0;0;0;3;0;3;0;5;5;6;0;0;3;23;9;0;34;0;0;0;0;0;0;0;0;0;0;0;0;
2024;2025;67062011;2670600;1201100;1509;10576;41;38;3;3;3;3;0;35;7;9;19;0;6;3;3;3;0;14;0;0;0;0;3;3;3;0;0;3;0;0;0;0;3;3;3;3;3;27;0;0;0;3;0;3;0;3;0;0;0;0;3;0;3;3;3;5;12;0;6;5;29;3;0;41;0;0;0;0;0;3;3;0;0;0;0;0;1
2024;2025;66852033;2668500;1203300;1510;10577;47;42;5;3;0;3;3;40;5;9;26;0;7;4;0;3;0;15;0;0;0;3;3;0;0;3;0;0;3;0;0;3;3;3;3;3;3;32;0;0;0;0;0;0;0;0;0;0;0;0;0;3;3;3;9;7;11;3;4;3;33;7;0;47;0;0;0;0;0;0;0;0;0;0;0;0;
2024;2025;67291958;2672900;1195800;1511;10357;24;24;0;0;0;0;0;24;9;10;5;0;0;0;0;0;0;8;0;0;0;0;0;3;0;0;0;0;0;3;0;3;3;0;0;0;3;16;0;0;0;0;0;0;0;0;0;3;0;0;3;3;3;3;3;3;4;0;3;0;6;17;0;24;0;0;0;0;0;3;0;3;0;0;0;0;1
2024;2025;72322178;2723200;1217800;1630;15479;57;46;11;6;4;3;0;50;5;23;22;0;7;3;3;3;0;30;0;3;3;0;3;3;3;3;3;5;5;3;3;3;3;0;0;0;0;27;3;3;0;0;3;3;0;0;3;3;3;3;3;4;0;3;3;3;5;3;9;3;43;0;0;55;3;0;0;0;0;3;3;0;0;0;0;0;1
2024;2025;72432061;2724300;1206100;1631;15478;26;24;3;0;3;0;0;22;4;7;11;0;4;3;3;0;0;9;0;0;0;0;0;3;0;3;0;3;0;3;3;3;0;0;3;0;0;17;0;3;0;0;0;0;0;3;3;3;0;0;3;3;3;3;3;0;3;0;5;3;19;0;0;26;0;0;0;0;0;3;0;3;0;0;0;0;1
2024;2025;72372113;2723700;1211300;1632;15480;36;31;5;4;0;3;0;29;21;0;8;0;7;4;3;3;0;18;0;0;0;3;0;3;3;0;3;0;3;4;3;3;3;3;0;0;3;18;0;0;3;0;0;3;3;3;0;0;3;3;3;3;0;3;3;3;3;3;5;3;29;0;0;35;3;0;0;0;0;0;0;0;0;0;0;0;
2024;2025;68262278;2682600;1227800;1701;11711;38;32;6;3;3;3;0;29;3;14;14;0;9;3;3;5;0;19;0;0;0;0;0;3;0;3;3;3;3;4;3;3;0;3;3;0;0;19;0;0;0;3;3;0;3;3;0;0;3;3;3;3;3;3;3;3;3;3;5;7;22;3;0;37;3;0;0;0;0;0;0;0;0;0;0;0;
2024;2025;67742261;2677400;1226100;1702;11397;19;15;4;3;3;0;0;15;7;5;3;0;4;3;3;3;0;12;0;0;0;0;0;0;3;3;3;0;3;0;3;3;3;3;3;0;0;7;0;0;0;0;0;0;0;0;0;3;3;0;3;3;0;0;3;3;3;0;3;3;8;7;0;19;0;0;0;0;0;0;0;0;0;0;0;0;
2024;2025;67492252;2674900;1225200;1703;12176;15;12;3;3;3;0;0;12;0;7;5;0;3;3;3;0;0;6;0;3;0;0;3;0;0;0;3;0;0;0;0;0;3;3;3;0;0;9;0;3;0;0;0;0;3;3;3;0;0;0;3;0;0;0;3;3;3;0;3;0;9;3;0;15;0;0;0;0;0;0;0;0;0;0;0;0;
2024;2025;68732260;2687300;1226000;1704;12389;15;11;4;3;3;3;0;11;3;3;7;0;4;3;0;3;0;7;0;0;0;0;0;0;0;3;0;3;0;0;3;0;3;0;0;0;0;8;0;0;0;0;3;3;0;0;0;0;3;0;0;3;3;3;3;0;0;0;4;6;3;3;0;15;0;0;0;0;0;0;0;0;0;0;0;0;
2024;2025;68612289;2686100;1228900;1705;12517;8;8;0;0;0;0;0;7;3;3;3;0;3;3;0;0;0;3;0;0;0;0;0;0;0;0;0;0;0;0;0;0;0;0;3;0;3;6;0;0;0;0;0;0;0;0;0;0;0;0;0;0;0;0;3;3;0;0;0;3;7;0;0;8;0;0;0;0;0;0;0;0;0;0;0;0;
2024;2025;68922211;2689200;1221100;1706;12551;9;9;0;0;0;0;0;8;0;5;3;0;3;0;0;3;0;4;0;0;0;0;3;0;0;0;0;0;0;0;3;0;3;0;0;0;0;5;0;0;0;0;0;0;0;0;0;0;0;0;3;0;3;3;0;0;3;0;0;3;5;3;0;9;0;0;0;0;0;0;0;0;0;0;0;0;
2024;2025;67512216;2675100;1221600;1707;12931;29;24;5;3;3;0;0;20;0;7;13;0;9;4;3;4;0;18;3;0;0;0;0;3;3;3;3;3;3;0;3;3;0;0;3;0;0;11;3;0;0;0;3;0;0;0;0;0;0;0;0;3;3;3;3;3;0;3;5;3;19;3;0;27;0;3;3;0;0;0;0;0;0;0;0;0;
2024;2025;67932279;2679300;1227900;1708;10598;14;11;3;3;0;3;0;12;0;8;4;0;3;3;0;3;0;5;0;0;0;0;0;0;0;3;3;0;3;0;0;3;0;0;3;0;0;9;0;0;0;0;0;0;3;3;0;0;0;3;0;3;3;3;0;3;3;0;3;0;10;3;0;14;0;0;0;0;0;0;0;0;0;0;0;0;
2024;2025;68692213;2686900;1221300;1709;10844;18;15;3;0;3;0;0;16;3;7;6;0;3;0;3;0;3;9;0;0;0;0;3;0;0;0;3;0;0;3;3;0;0;3;0;0;0;9;0;3;0;0;3;3;3;0;0;0;0;0;0;3;0;0;0;3;0;0;3;3;11;4;0;18;0;0;0;0;0;0;0;0;0;0;0;0;
2024;2025;68172172;2681700;1217200;1710;10457;4;4;0;0;0;0;0;3;3;3;3;0;3;0;0;3;0;3;0;0;0;0;0;0;0;0;0;0;0;0;3;0;0;0;0;0;0;3;0;0;0;0;0;0;3;0;0;0;0;0;3;0;0;0;3;0;0;0;0;0;4;0;0;4;0;0;0;0;0;0;0;0;0;0;0;0;
2024;2025;68182247;2681800;1224700;1711;10323;56;50;6;3;5;0;0;53;19;8;26;0;3;3;3;0;0;26;0;3;3;0;0;3;0;3;3;0;0;3;4;3;3;5;3;0;0;30;3;3;0;3;0;0;0;3;3;3;3;3;3;0;6;0;3;5;5;6;4;5;34;7;0;50;3;4;0;0;0;3;0;3;0;3;0;0;1
2024;2025;55341870;2553400;1187000;2008;11419;4;4;0;0;0;0;0;4;0;3;3;0;0;0;0;0;0;3;0;0;0;0;0;0;0;0;0;0;0;0;0;0;0;0;0;3;3;3;0;0;0;0;0;0;0;0;0;0;0;0;0;0;3;0;0;0;3;0;0;0;4;0;0;4;0;0;0;0;0;0;0;0;0;0;0;0;
2024;2025;55821849;2558200;1184900;2011;14510;15;14;3;3;0;0;0;13;3;8;3;0;3;3;0;0;0;8;0;0;0;0;0;0;0;0;0;0;0;0;3;3;3;0;3;0;3;7;0;0;0;0;0;0;0;0;0;0;0;0;3;0;0;3;3;3;0;0;3;0;3;9;0;15;0;0;0;0;0;0;0;0;0;0;0;0;
2024;2025;56011831;2560100;1183100;2016;11974;13;13;0;0;0;0;0;12;3;5;4;0;3;0;0;3;0;5;0;0;0;0;0;0;0;0;0;0;0;0;0;3;0;0;3;3;0;8;0;0;0;0;0;0;0;0;0;0;0;3;0;0;3;3;3;0;3;0;0;3;7;5;0;13;0;0;0;0;0;0;0;0;0;0;0;0;
2024;2025;56181939;2561800;1193900;2022;12055;3;3;0;0;0;0;0;0;0;0;0;0;3;3;0;0;0;0;0;0;0;0;0;0;0;0;0;0;0;0;0;0;0;0;0;0;0;3;0;0;0;0;0;0;0;0;0;0;0;0;0;0;0;0;0;0;3;0;0;0;3;0;0;3;0;0;0;0;0;0;0;0;0;0;0;0;
2024;2025;55481871;2554800;1187100;2025;14526;14;13;3;3;0;0;0;12;3;7;3;0;3;3;0;0;0;5;0;0;0;0;0;0;0;0;0;0;3;0;3;0;3;0;0;3;0;9;0;0;0;0;0;0;0;0;0;0;0;0;0;0;0;3;3;3;4;0;3;0;11;3;0;14;0;0;0;0;0;0;0;0;0;0;0;0;
2024;2025;55741815;2557400;1181500;2027;12387;4;3;3;3;0;0;0;3;3;3;0;0;3;3;0;0;0;3;0;0;0;0;0;0;0;0;0;3;0;0;0;0;3;0;0;0;0;3;0;0;0;0;0;0;0;0;0;0;0;0;0;0;3;0;0;0;3;0;3;0;3;3;0;4;0;0;0;0;0;0;0;0;0;0;0;0;
2024;2025;56621852;2566200;1185200;2029;14475;15;15;0;0;0;0;0;13;3;8;3;0;3;3;0;3;0;6;0;0;0;0;0;0;0;0;3;0;0;3;3;3;3;0;3;0;0;9;0;0;0;0;0;0;0;3;0;0;0;0;0;0;3;0;3;3;3;0;0;3;8;5;0;15;0;0;0;0;0;0;0;0;0;0;0;0;
2024;2025;55361815;2553600;1181500;2035;12549;4;4;0;0;0;0;0;4;3;3;3;0;0;0;0;0;0;3;0;0;0;0;3;0;0;0;0;0;0;0;3;0;0;0;0;3;0;3;0;0;0;0;0;0;0;0;0;0;0;0;0;0;0;0;0;0;3;0;0;0;3;3;0;4;0;0;0;0;0;0;0;0;0;0;0;0;
2024;2025;56511934;2565100;1193400;2041;13702;14;13;3;3;0;0;0;13;4;5;4;0;3;3;0;0;0;4;0;0;0;0;0;0;3;3;0;0;3;0;0;0;0;0;0;0;3;10;0;0;0;0;0;0;0;0;0;0;3;0;0;0;0;0;3;4;3;0;3;3;5;5;0;14;0;0;0;0;0;0;0;0;0;0;0;0;
2024;2025;55701876;2557000;1187600;2043;12991;3;3;0;0;0;0;0;3;0;3;0;0;0;0;0;0;0;3;0;0;0;0;0;0;0;0;0;0;0;0;0;0;3;3;0;0;0;3;0;0;0;0;0;0;0;0;0;0;0;0;0;0;0;0;0;0;3;0;0;0;3;3;0;3;0;0;0;0;0;0;0;0;0;0;0;0;
2024;2025;55581772;2555800;1177200;2044;16593;15;15;0;0;0;0;0;14;3;10;3;0;3;3;0;0;0;5;0;0;0;0;0;0;0;0;0;0;3;3;0;3;0;0;0;0;0;10;0;0;0;0;0;0;0;0;3;0;0;0;0;3;0;0;3;5;3;0;0;0;10;5;0;15;0;0;0;0;0;0;0;0;0;0;0;0;
2024;2025;56311927;2563100;1192700;2045;10944;3;3;0;0;0;0;0;3;0;3;0;0;0;0;0;0;0;0;0;0;0;0;0;0;0;0;0;0;0;0;0;0;0;0;0;0;0;3;0;0;0;0;0;0;0;0;0;0;3;0;0;0;3;3;0;0;0;0;0;3;0;3;0;3;0;0;0;0;0;0;0;0;0;0;0;0;
2024;2025;55651851;2556500;1185100;2050;14474;10;10;0;0;0;0;0;10;3;5;3;0;0;0;0;0;0;8;0;0;0;0;0;0;0;0;0;0;3;3;3;0;0;3;3;0;3;3;0;0;0;0;0;0;0;0;0;0;0;0;0;0;0;0;0;0;3;0;3;3;5;3;0;10;0;0;0;0;0;0;0;0;0;0;0;0;
2024;2025;56321963;2563200;1196300;2051;14511;17;14;3;3;0;0;0;14;3;7;4;0;3;3;0;0;0;8;0;0;0;0;0;3;0;0;3;0;0;0;0;3;0;3;3;0;0;9;0;0;0;0;0;0;0;0;0;0;0;3;3;3;0;3;3;3;3;3;3;3;9;3;0;15;0;0;3;0;0;0;0;0;0;0;0;0;
2024;2025;56761907;2567600;1190700;2053;15675;35;32;3;3;0;0;0;33;3;14;16;0;3;3;0;0;0;21;3;3;3;0;3;3;0;0;0;3;0;3;0;3;0;3;3;3;3;14;0;3;0;0;3;0;0;0;3;0;0;0;0;3;0;3;0;3;4;0;6;9;13;7;0;35;0;0;0;0;0;0;0;0;0;0;0;0;
2024;2025;55501889;2555000;1188900;2054;15689;54;46;8;7;0;3;0;42;10;14;18;0;12;8;0;4;0;27;0;3;3;0;3;3;3;3;3;3;3;3;3;3;3;3;3;5;0;27;0;0;0;0;0;0;0;0;3;3;3;0;0;3;3;4;5;3;6;3;9;9;32;3;0;53;3;0;0;0;0;0;0;0;0;0;0;0;
2024;2025;55031850;2550300;1185000;2055;15690;13;11;3;3;0;0;0;11;3;3;6;0;3;3;0;0;0;6;0;0;0;0;0;0;0;0;0;0;0;0;3;0;0;0;0;3;3;7;0;0;0;0;0;0;0;0;0;0;0;0;0;0;0;3;3;3;3;0;3;0;10;3;0;13;0;0;0;0;0;0;0;0;0;0;0;0;
2024;2025;55151592;2551500;1159200;2061;11680;3;3;0;0;0;0;0;3;0;0;3;0;0;0;0;0;0;0;0;0;0;0;0;0;0;0;0;0;0;0;0;0;0;0;0;0;0;3;0;0;0;0;0;0;0;0;0;0;0;0;0;0;0;0;3;0;0;0;0;0;3;0;0;3;0;0;0;0;0;0;0;0;0;0;0;0;
2024;2025;55871712;2558700;1171200;2063;14103;18;17;3;0;0;3;0;17;4;6;7;0;3;0;0;3;0;7;0;3;0;0;0;0;0;3;0;0;0;0;0;3;3;0;3;0;3;11;0;0;0;3;0;0;0;3;0;0;3;0;3;0;3;3;3;3;3;3;3;3;10;3;0;17;0;0;3;0;0;0;0;0;0;0;0;0;
2024;2025;55371598;2553700;1159800;2066;11444;3;3;0;0;0;0;0;3;3;3;0;0;0;0;0;0;0;0;0;0;0;0;0;0;0;0;0;0;0;0;0;0;0;0;0;0;0;3;0;0;0;0;0;0;0;0;0;0;0;0;0;0;0;0;0;3;3;0;0;0;3;3;0;3;0;0;0;0;0;0;0;0;0;0;0;0;
2024;2025;56471697;2564700;1169700;2067;12611;8;8;0;0;0;0;0;8;0;8;0;0;0;0;0;0;0;3;0;0;0;0;0;0;0;0;0;0;0;0;0;0;0;0;0;0;3;7;0;0;0;0;0;0;0;0;0;0;0;0;0;0;3;3;3;3;3;0;3;0;4;3;0;8;0;0;0;0;0;0;0;0;0;0;0;0;
2024;2025;56181782;2561800;1178200;2068;11420;12;12;0;0;0;0;0;12;3;10;0;0;0;0;0;0;0;3;0;0;0;0;0;0;0;0;0;0;0;0;3;0;3;3;0;0;0;9;0;0;0;0;0;0;0;0;0;0;0;0;0;0;0;3;3;0;6;0;0;0;9;3;0;12;0;0;0;0;0;0;0;0;0;0;0;0;
2024;2025;55181622;2551800;1162200;2072;13211;5;4;3;3;0;0;0;4;3;3;0;0;3;3;0;0;0;4;0;0;0;0;0;0;3;0;0;0;0;0;0;0;0;0;3;3;3;3;0;0;0;0;0;0;0;0;0;0;0;0;0;0;0;0;3;0;0;0;3;0;3;3;0;5;0;0;0;0;0;0;0;0;0;0;0;0;
2024;2025;56451722;2564500;1172200;2086;12734;8;8;0;0;0;0;0;8;3;7;0;0;0;0;0;0;0;5;0;0;0;0;0;0;0;0;0;0;0;0;0;3;3;3;0;3;0;3;0;0;0;0;0;0;0;0;0;0;0;0;0;3;0;0;0;0;3;0;0;0;5;3;0;8;0;0;0;0;0;0;0;0;0;0;0;0;
2024;2025;56081698;2560800;1169800;2087;14476;9;9;0;0;0;0;0;9;3;6;3;0;0;0;0;0;0;3;0;0;0;0;0;0;0;0;0;0;0;0;3;0;0;0;0;0;3;6;0;0;0;0;0;3;0;0;3;0;3;0;0;3;0;3;3;0;0;0;0;3;6;3;0;9;0;0;0;0;0;0;0;0;0;0;0;0;
2024;2025;55221661;2552200;1166100;2089;12340;3;3;0;0;0;0;0;3;0;3;3;0;0;0;0;0;0;3;0;0;0;0;0;0;0;0;0;0;0;0;0;0;0;0;0;3;3;3;0;0;0;0;0;0;0;0;0;0;0;0;0;0;0;0;0;3;0;0;0;0;3;3;0;3;0;0;0;0;0;0;0;0;0;0;0;0;
2024;2025;56031718;2560300;1171800;2096;13663;84;80;4;3;3;3;0;76;12;50;14;0;8;4;3;3;0;31;0;0;0;3;3;3;3;3;0;3;3;3;0;3;3;5;3;4;4;53;0;0;0;0;3;3;0;0;0;0;3;3;0;3;3;3;6;13;20;0;12;4;47;21;0;84;0;0;0;0;0;0;0;0;0;0;0;0;
2024;2025;55291634;2552900;1163400;2097;14140;12;12;0;0;0;0;0;11;0;8;3;0;3;0;0;3;0;5;0;0;0;0;0;0;0;0;0;0;0;0;3;0;0;3;3;0;0;7;0;0;0;0;0;0;0;0;3;0;3;3;0;0;0;0;3;0;3;3;3;0;7;3;0;11;3;0;0;0;0;0;0;0;0;0;0;0;
2024;2025;55711676;2557100;1167600;2099;14477;17;17;0;0;0;0;0;17;4;12;3;0;0;0;0;0;0;6;0;0;0;0;0;0;3;0;3;3;0;0;0;3;0;0;3;0;0;11;0;0;0;0;0;0;0;0;0;0;0;0;0;3;0;3;3;4;3;0;0;3;6;10;0;17;0;0;0;0;0;0;0;0;0;0;0;0;
2024;2025;55371650;2553700;1165000;2102;15500;31;31;0;0;0;0;0;28;8;14;6;0;3;3;0;0;0;13;0;0;0;0;0;0;0;0;0;0;0;0;3;3;0;3;6;3;3;18;0;0;0;0;3;0;0;0;0;0;3;3;0;0;0;3;3;7;5;0;3;4;21;3;0;31;0;0;0;0;0;0;0;0;0;0;0;0;
2024;2025;56101673;2561000;1167300;2113;14480;5;4;3;3;0;0;0;4;3;3;0;0;3;3;0;0;0;3;0;0;0;0;0;0;0;0;0;0;0;0;0;0;0;0;3;3;0;3;0;0;0;0;3;0;0;0;0;0;0;0;0;0;0;0;0;3;3;0;0;3;3;3;0;5;0;0;0;0;0;0;0;0;0;0;0;0;
2024;2025;56611740;2566100;1174000;2114;14137;16;16;0;0;0;0;0;16;3;9;4;0;0;0;0;0;0;7;0;0;0;3;0;0;3;0;0;0;0;0;3;0;0;3;3;3;0;9;0;0;0;0;0;0;0;0;0;0;0;3;3;0;0;3;3;3;3;0;3;3;7;7;0;16;0;0;0;0;0;0;0;0;0;0;0;0;
2024;2025;56391800;2563900;1180000;2115;14478;8;7;3;3;0;0;0;6;0;3;3;0;3;3;0;0;0;3;0;0;0;3;0;0;0;0;0;0;0;0;0;0;0;0;3;0;0;6;0;0;0;0;0;0;0;0;0;0;0;0;0;0;3;3;0;3;0;0;3;3;4;0;0;8;0;0;0;0;0;0;0;0;0;0;0;0;
2024;2025;56321744;2563200;1174400;2117;16132;27;24;3;3;0;3;0;23;3;15;6;0;4;3;0;3;0;16;0;0;0;0;0;3;3;3;0;0;3;0;3;3;3;3;3;3;0;11;0;0;0;0;0;0;0;3;0;3;0;3;3;3;0;3;0;3;3;0;5;3;14;7;0;27;0;0;0;0;0;0;0;0;0;0;0;0;
2024;2025;57061519;2570600;1151900;2121;14362;29;24;5;3;0;3;0;23;8;10;5;0;6;3;3;3;0;12;0;0;0;0;3;3;0;3;0;0;0;0;3;3;3;3;0;0;3;17;0;0;0;0;0;0;0;0;0;0;0;3;3;3;3;3;3;3;7;0;4;5;8;12;0;29;0;0;0;0;0;0;0;0;0;0;0;0;
2024;2025;57301707;2573000;1170700;2122;14368;34;32;3;3;0;3;0;29;3;19;8;0;5;3;0;4;0;13;3;0;0;0;3;0;0;0;3;3;0;3;0;3;0;3;3;3;0;21;3;0;0;0;0;0;3;0;3;0;3;0;3;3;3;3;3;3;6;0;7;3;21;4;0;33;0;0;0;3;0;0;0;0;0;0;0;0;
2024;2025;57501634;2575000;1163400;2123;14530;3;3;0;0;0;0;0;3;0;3;0;0;0;0;0;0;0;0;0;0;0;0;0;0;0;0;0;0;0;0;0;0;0;0;0;0;0;3;0;0;0;0;0;0;0;0;0;0;0;0;0;3;0;0;0;0;0;0;0;0;3;0;0;3;0;0;0;0;0;0;0;0;0;0;0;0;
2024;2025;57401614;2574000;1161400;2124;11871;17;16;3;3;0;0;0;15;3;11;3;0;3;3;0;0;0;7;0;0;0;0;0;0;0;3;0;0;0;3;0;0;0;3;3;3;3;10;0;0;0;0;0;0;0;3;0;0;0;0;3;0;0;3;3;3;3;0;3;0;14;3;0;17;0;0;0;0;0;0;0;0;0;0;0;0;
2024;2025;57081627;2570800;1162700;2125;14528;238;195;43;27;11;5;0;184;15;122;46;3;54;28;13;12;3;111;0;4;3;3;4;6;5;13;10;4;8;4;9;10;3;9;9;6;3;127;3;3;4;3;3;3;3;5;0;3;3;4;5;5;8;11;17;21;31;3;38;39;132;24;3;232;0;3;0;3;4;3;0;0;3;0;0;0;1
2024;2025;57601625;2576000;1162500;2128;11424;4;4;0;0;0;0;0;4;0;3;3;0;0;0;0;0;0;3;0;0;0;0;0;0;0;0;0;0;0;3;0;0;0;0;3;3;0;3;0;0;0;0;0;0;0;0;0;0;0;0;0;0;0;3;0;0;0;0;3;0;3;0;0;4;0;0;0;0;0;0;0;0;0;0;0;0;
2024;2025;57421676;2574200;1167600;2129;15481;3;3;0;0;0;0;0;3;3;3;0;0;0;0;0;0;0;3;0;0;0;0;0;0;0;0;0;0;0;0;0;0;3;0;0;0;0;3;0;0;0;0;0;0;0;0;0;0;0;0;0;0;0;0;0;3;0;0;0;0;0;3;0;3;0;0;0;0;0;0;0;0;0;0;0;0;
2024;2025;57711631;2577100;1163100;2130;11533;5;5;0;0;0;0;0;4;0;3;3;0;3;0;0;3;0;3;0;0;0;0;0;0;0;0;0;0;0;0;0;0;0;0;0;0;3;4;0;0;0;0;0;0;0;0;0;0;0;0;0;3;0;0;3;3;3;0;3;0;4;0;0;5;0;0;0;0;0;0;0;0;0;0;0;0;
2024;2025;57211664;2572100;1166400;2131;12135;4;4;0;0;0;0;0;4;3;3;0;0;0;0;0;0;0;3;0;0;0;0;0;0;0;0;0;0;0;0;0;0;0;0;3;0;0;3;0;0;0;0;0;0;0;0;0;0;0;0;0;0;0;0;3;3;0;0;0;0;3;3;0;4;0;0;0;0;0;0;0;0;0;0;0;0;
2024;2025;57301542;2573000;1154200;2134;12106;11;11;0;0;0;0;0;11;6;4;3;0;0;0;0;0;0;4;0;0;0;0;0;0;0;0;3;0;0;0;0;0;0;3;3;0;3;7;0;0;0;0;0;0;0;0;0;0;0;3;0;0;0;3;3;0;3;0;3;3;3;6;0;11;0;0;0;0;0;0;0;0;0;0;0;0;
2024;2025;57271592;2572700;1159200;2135;11958;12;12;0;0;0;0;0;10;3;8;3;0;3;3;0;0;3;4;0;0;0;0;0;0;0;0;0;0;0;0;0;3;3;0;0;0;3;8;0;0;0;0;3;0;0;0;0;0;0;0;0;0;0;0;3;3;3;0;3;3;8;3;0;12;0;0;0;0;0;0;0;0;0;0;0;0;
2024;2025;57481688;2574800;1168800;2137;12247;7;5;3;3;0;0;0;5;0;4;3;0;3;3;0;0;0;4;0;0;0;0;0;0;0;0;0;0;3;0;3;0;0;0;0;3;0;3;0;0;0;0;0;0;0;0;0;0;0;3;0;0;0;0;3;0;3;3;0;0;3;3;0;5;3;0;3;0;0;0;0;0;0;0;0;0;
2024;2025;58771622;2587700;1162200;2138;12668;7;7;0;0;0;0;0;7;3;3;3;0;0;0;0;0;0;4;0;0;0;0;0;0;0;0;0;0;0;0;3;0;0;3;3;0;3;3;0;0;0;0;0;0;3;0;0;0;0;0;0;0;3;0;0;0;3;0;0;0;3;4;0;7;0;0;0;0;0;0;0;0;0;0;0;0;
2024;2025;57121672;2571200;1167200;2140;14135;12;10;3;3;0;0;0;10;3;7;3;0;3;3;0;0;0;7;0;0;0;0;0;0;3;0;0;3;3;0;0;3;3;3;0;0;3;5;0;0;0;0;0;0;0;0;0;0;0;0;0;0;0;3;3;3;0;0;3;3;5;3;0;12;0;0;0;0;0;0;0;0;0;0;0;0;
2024;2025;57301639;2573000;1163900;2143;12369;4;4;0;0;0;0;0;4;3;3;3;0;0;0;0;0;0;3;0;0;0;0;0;0;0;0;0;0;0;0;0;0;0;3;3;0;0;3;0;0;0;0;0;0;0;0;0;0;0;0;0;0;3;0;0;0;0;0;0;0;3;3;0;4;0;0;0;0;0;0;0;0;0;0;0;0;
2024;2025;57061603;2570600;1160300;2145;12618;14;13;3;0;0;3;0;12;0;9;3;0;3;3;0;3;0;6;0;0;0;0;0;0;0;0;3;0;3;3;0;0;3;0;0;3;0;8;0;0;0;0;3;0;0;0;0;0;3;0;0;0;3;0;0;3;4;0;3;3;10;0;0;14;0;0;0;0;0;0;0;0;0;0;0;0;
2024;2025;57111655;2571100;1165500;2148;12909;7;7;0;0;0;0;0;7;3;3;3;0;0;0;0;0;0;5;0;0;0;0;0;0;0;0;0;0;0;3;0;0;3;3;3;0;3;3;0;0;0;0;0;0;0;0;0;0;0;0;3;0;0;0;0;3;0;0;0;0;5;3;0;7;0;0;0;0;0;0;0;0;0;0;0;0;
2024;2025;57701717;2577000;1171700;2149;12574;7;6;3;3;0;0;0;7;0;6;3;0;0;0;0;0;0;3;0;0;0;0;0;3;0;0;0;0;3;0;0;0;0;0;0;0;0;4;0;0;0;3;0;3;0;0;0;3;3;0;0;0;0;0;0;0;0;0;5;0;0;3;0;7;0;0;0;0;0;0;0;0;0;0;0;0;
2024;2025;56441650;2564400;1165000;2152;14138;7;7;0;0;0;0;0;7;3;4;3;0;0;0;0;0;0;3;0;0;0;0;0;0;0;0;0;0;0;3;0;0;0;0;0;0;0;6;3;0;0;3;0;0;3;0;0;0;0;0;0;0;3;0;0;0;3;4;0;0;3;3;0;3;3;0;0;3;0;0;0;0;0;0;0;0;
2024;2025;57101687;2571000;1168700;2153;10416;15;13;3;0;3;0;0;13;3;8;3;0;3;0;3;0;0;9;0;0;0;0;0;0;0;3;0;0;0;0;0;3;3;3;3;3;3;6;0;0;0;0;0;0;0;0;0;0;0;0;0;0;0;3;3;3;3;3;3;3;8;3;0;13;3;0;0;0;0;0;0;0;0;0;0;0;
2024;2025;56561634;2565600;1163400;2155;10906;13;13;0;0;0;0;0;13;3;10;0;0;0;0;0;0;0;6;0;0;0;0;0;0;0;0;0;0;0;3;0;0;3;3;0;3;3;7;0;0;0;0;0;0;0;0;3;3;0;0;3;0;0;0;0;3;3;0;0;3;5;7;0;13;0;0;0;0;0;0;0;0;0;0;0;0;
2024;2025;56811630;2568100;1163000;2160;10373;15;15;0;0;0;0;0;14;0;12;3;0;3;0;0;3;0;6;0;0;3;0;0;0;0;3;0;0;0;3;0;3;3;0;0;0;0;9;0;0;0;0;0;0;3;0;0;0;0;3;3;0;3;3;3;3;3;0;3;6;6;3;0;15;0;0;0;0;0;0;0;0;0;0;0;0;
2024;2025;57281573;2572800;1157300;2162;14479;10;7;3;3;0;3;0;7;0;6;3;0;3;3;0;3;0;8;0;0;0;0;0;0;3;0;0;3;3;0;0;3;3;3;0;0;0;3;0;0;0;0;0;0;0;0;0;0;0;0;0;3;3;0;0;0;0;3;3;3;5;3;0;9;3;0;0;0;0;0;0;0;0;0;0;0;
2024;2025;57881635;2578800;1163500;2163;15640;12;12;0;0;0;0;0;12;3;8;3;0;0;0;0;0;0;7;0;0;0;0;0;0;3;0;3;0;0;3;0;0;3;0;3;0;0;5;0;0;0;0;0;0;0;0;0;0;0;3;0;0;0;0;3;0;3;0;3;4;5;3;0;12;0;0;0;0;0;0;0;0;0;0;0;0;
2024;2025;56811762;2568100;1176200;2173;11657;11;9;3;3;0;0;0;9;4;3;3;0;3;3;0;0;0;7;3;0;0;0;0;3;0;0;0;0;0;0;3;0;3;3;0;3;3;4;0;0;0;0;0;0;0;0;0;0;0;0;3;0;0;3;0;3;3;0;3;0;6;4;0;11;0;0;0;0;0;0;0;0;0;0;0;0;
2024;2025;57191820;2571900;1182000;2174;14143;9;9;0;0;0;0;0;7;3;5;3;0;3;0;0;3;0;5;0;0;0;0;0;0;0;3;0;0;3;0;3;0;0;0;3;3;0;4;0;0;0;0;0;0;0;3;0;0;0;0;0;0;0;0;3;0;3;0;3;0;6;3;0;9;0;0;0;0;0;0;0;0;0;0;0;0;
2024;2025;57471856;2574700;1185600;2175;15676;32;30;3;3;0;3;0;30;3;22;6;0;3;0;0;3;0;12;0;0;0;0;0;0;3;3;0;3;0;3;3;0;3;0;3;3;3;20;0;0;0;0;0;0;0;0;3;3;0;3;0;3;3;3;3;3;7;3;3;0;27;3;0;31;3;0;0;0;0;0;0;0;0;0;0;0;
2024;2025;56661767;2566600;1176700;2177;11502;4;3;3;3;0;0;0;3;0;3;0;0;3;3;0;0;0;0;0;0;0;0;0;0;0;0;0;0;0;0;0;0;0;0;0;0;0;4;0;0;0;0;0;0;0;0;0;0;0;0;0;0;0;3;0;3;3;0;3;0;3;3;0;4;0;0;0;0;0;0;0;0;0;0;0;0;
2024;2025;57451842;2574500;1184200;2183;15692;20;19;3;0;0;3;0;18;3;14;3;0;3;3;0;3;0;10;0;0;0;0;0;0;0;3;0;0;0;0;0;0;3;0;3;3;3;10;0;0;0;0;0;0;0;0;0;0;0;0;0;3;3;0;0;3;4;0;3;5;12;3;0;20;0;0;0;0;0;0;0;0;0;0;0;0;
2024;2025;56891779;2568900;1177900;2186;11540;3;3;3;3;0;0;0;3;0;3;0;0;3;3;0;0;0;0;0;0;0;0;0;0;0;0;0;0;0;0;0;0;0;0;0;0;0;3;0;0;0;0;0;0;0;0;0;0;0;0;0;0;3;0;0;0;3;0;0;3;3;0;0;3;0;0;0;0;0;0;0;0;0;0;0;0;
2024;2025;57931774;2579300;1177400;2194;11978;3;3;0;0;0;0;0;3;0;3;3;0;0;0;0;0;0;3;0;0;0;0;0;0;0;0;0;0;0;0;0;0;0;0;0;0;3;3;0;0;0;0;0;0;0;0;0;0;0;0;0;0;0;0;3;0;0;0;3;0;3;0;0;3;0;0;0;0;0;0;0;0;0;0;0;0;
2024;2025;57791836;2577900;1183600;2196;11954;351;289;62;23;17;21;3;262;139;64;59;0;89;39;15;35;0;157;3;0;3;4;9;11;7;7;5;13;10;15;5;10;16;9;11;10;12;194;0;0;0;3;6;5;4;5;3;6;5;7;13;10;9;14;28;30;50;3;41;25;189;87;8;343;3;3;0;0;6;3;0;3;0;0;0;0;1
2024;2025;57651848;2576500;1184800;2197;12060;20;20;0;0;0;0;0;18;0;11;7;0;3;3;0;3;0;8;0;0;0;0;0;0;3;0;0;0;0;0;3;3;3;3;3;0;0;12;0;0;0;0;3;0;0;0;0;0;0;0;3;3;3;3;3;4;0;3;3;4;13;0;0;19;3;0;0;0;0;0;0;0;0;0;0;0;
2024;2025;57741860;2577400;1186000;2198;12111;25;21;4;3;0;3;0;19;0;12;7;0;6;4;0;3;0;13;0;0;0;0;0;3;3;3;0;3;0;3;0;3;0;3;3;3;3;12;0;0;0;0;3;0;0;0;0;0;0;0;3;3;0;3;0;3;4;0;3;7;14;3;0;25;0;0;0;0;0;0;0;0;0;0;0;0;
2024;2025;57191870;2571900;1187000;2200;14129;17;15;3;0;0;3;0;15;0;12;3;0;3;3;0;3;0;5;0;0;0;0;0;0;0;0;3;0;0;3;0;0;0;0;3;3;3;12;3;0;0;0;3;0;0;0;0;0;3;0;3;0;3;3;3;0;4;0;3;3;12;0;3;16;0;0;0;3;0;0;0;0;0;0;0;0;
2024;2025;57881806;2578800;1180600;2206;13249;73;62;11;7;3;3;0;59;3;45;13;0;14;7;3;4;0;31;3;0;0;0;0;3;3;3;3;3;3;3;3;3;3;3;3;3;4;42;3;3;0;0;0;3;3;3;3;0;3;3;0;3;3;3;7;8;8;0;14;4;50;5;0;73;0;0;0;0;0;3;0;3;0;0;0;0;1
2024;2025;57391815;2573900;1181500;2208;12744;17;13;4;3;3;3;0;11;3;7;3;0;6;3;3;3;0;8;0;0;0;0;0;3;0;0;0;0;3;3;3;3;0;0;3;3;0;9;0;3;0;0;0;0;0;0;0;3;0;0;3;0;0;3;3;3;3;0;3;3;10;3;0;17;0;0;0;0;0;0;0;0;0;0;0;0;
2024;2025;57151797;2571500;1179700;2211;12521;13;12;3;3;0;0;0;12;3;11;0;0;3;3;0;0;0;4;0;0;0;3;0;0;0;0;0;0;3;0;0;0;0;0;0;0;3;9;0;0;0;0;0;0;3;0;0;0;0;0;3;0;0;0;3;3;5;0;3;3;8;3;0;13;0;0;0;0;0;0;0;0;0;0;0;0;
2024;2025;58071818;2580700;1181800;2216;13141;3;3;0;0;0;0;0;3;0;0;3;0;0;0;0;0;0;3;0;0;0;0;0;0;0;0;0;0;0;0;0;0;3;0;0;0;3;0;0;0;0;0;0;0;0;0;0;0;0;0;0;0;0;0;0;0;0;0;0;0;3;0;0;3;0;0;0;0;0;0;0;0;0;0;0;0;
2024;2025;56961850;2569600;1185000;2217;13662;5;5;0;0;0;0;0;5;3;3;0;0;0;0;0;0;0;3;0;0;0;0;0;0;0;0;0;0;0;0;0;0;0;3;0;3;0;3;0;0;0;0;0;0;0;0;0;0;0;0;0;0;3;0;3;0;3;0;0;3;3;3;0;5;0;0;0;0;0;0;0;0;0;0;0;0;
2024;2025;58011778;2580100;1177800;2220;14369;23;22;3;0;0;3;0;19;7;9;3;0;4;4;0;0;0;13;0;0;0;0;0;3;0;0;0;0;0;3;3;0;3;3;3;3;3;10;0;0;0;0;0;0;0;0;0;0;0;3;0;3;3;0;0;4;3;0;3;3;12;5;0;23;0;0;0;0;0;0;0;0;0;0;0;0;
2024;2025;57701751;2577000;1175100;2226;10889;27;21;6;6;0;0;0;23;6;15;3;0;4;4;0;0;0;11;0;0;3;0;0;0;0;3;3;0;3;3;3;3;3;0;0;3;3;16;3;0;0;0;0;0;3;3;0;0;0;0;0;0;0;0;3;6;4;3;3;3;9;13;0;26;3;0;0;0;0;0;0;0;0;0;0;0;
2024;2025;57701822;2577000;1182200;2228;10162;105;89;16;8;3;6;0;81;3;57;23;0;24;10;3;12;0;56;3;3;3;0;3;3;7;8;3;3;4;4;3;3;3;3;5;3;3;49;3;0;0;0;0;3;4;0;3;4;3;3;3;3;4;3;6;6;13;3;29;14;53;8;0;104;0;3;0;0;0;0;0;0;0;0;0;0;
2024;2025;57981789;2579800;1178900;2230;10165;3;3;0;0;0;0;0;3;0;3;0;0;0;0;0;0;0;3;0;0;0;0;0;0;0;0;0;0;0;3;0;0;0;0;0;0;0;0;0;0;0;0;0;0;0;0;0;0;0;0;0;0;0;0;0;0;0;0;0;0;0;3;0;3;0;0;0;0;0;0;0;0;0;0;0;0;
2024;2025;57381789;2573800;1178900;2233;14141;39;34;5;5;0;0;0;30;3;14;14;0;9;7;3;3;0;21;0;0;0;3;0;3;0;3;4;3;3;3;3;3;0;3;3;3;3;18;0;0;0;3;0;3;0;3;0;0;3;0;3;0;0;3;3;3;5;3;3;4;27;3;0;37;0;3;3;0;0;0;0;0;0;0;0;0;
2024;2025;56681787;2566800;1178700;2234;14136;20;19;3;0;0;3;0;19;3;13;3;0;3;0;0;3;0;11;0;0;0;0;0;0;0;3;0;0;0;3;0;3;3;3;3;3;3;9;0;0;0;0;0;0;0;0;0;3;0;0;0;0;0;0;3;5;3;0;3;3;9;7;0;20;0;0;0;0;0;0;0;0;0;0;0;0;
2024;2025;57681870;2576800;1187000;2235;14481;6;6;0;0;0;0;0;6;0;4;3;0;0;0;0;0;0;3;0;0;0;0;0;0;0;0;0;0;0;0;0;0;0;3;3;0;0;4;0;0;0;0;0;0;0;0;0;0;0;0;0;0;0;0;4;0;0;0;0;0;5;3;0;6;0;0;0;0;0;0;0;0;0;0;0;0;
2024;2025;57151745;2571500;1174500;2236;15677;46;44;3;3;0;3;0;39;10;25;4;0;7;4;0;3;0;26;3;0;0;0;3;3;3;3;3;0;3;3;3;0;0;3;3;4;4;20;3;0;0;0;0;3;3;3;0;0;3;3;3;3;0;3;3;3;5;0;6;5;21;14;0;46;0;0;0;0;0;0;0;0;0;0;0;0;
2024;2025;56771817;2567700;1181700;2237;16133;22;21;3;3;0;0;0;21;5;14;3;0;3;3;0;0;0;10;0;0;0;3;0;0;0;3;0;0;0;3;0;0;3;3;0;0;3;12;0;0;0;0;0;0;0;0;3;0;0;0;0;0;3;0;3;4;4;3;3;0;11;7;0;21;3;0;0;0;0;0;0;0;0;0;0;0;
2024;2025;57761782;2577600;1178200;2238;16594;18;17;3;3;0;0;0;16;6;8;3;0;3;3;0;0;0;11;0;0;0;0;0;0;0;3;3;0;0;3;0;3;3;3;3;3;0;7;0;0;0;0;0;0;0;0;0;0;0;0;0;0;0;0;4;3;3;0;0;3;8;8;0;18;0;0;0;0;0;0;0;0;0;0;0;0;
2024;2025;57511950;2575100;1195000;2250;11534;6;4;3;3;0;0;0;4;3;3;3;0;3;3;0;0;0;3;0;0;0;0;3;0;0;0;0;0;0;0;0;0;0;0;0;0;3;4;0;0;0;0;0;0;0;0;0;0;0;0;3;0;0;0;0;0;3;0;3;0;3;3;0;6;0;0;0;0;0;0;0;0;0;0;0;0;
2024;2025;57611903;2576100;1190300;2254;15693;23;21;3;3;0;0;0;20;3;9;9;0;3;3;0;3;0;4;0;0;0;0;0;3;0;3;0;0;3;0;0;0;0;0;3;0;0;19;0;0;0;0;0;0;3;0;0;0;0;0;3;0;3;0;3;5;6;0;3;3;15;6;0;23;0;0;0;0;0;0;0;0;0;0;0;0;
2024;2025;57731942;2577300;1194200;2257;11522;7;7;0;0;0;0;0;7;3;5;3;0;0;0;0;0;0;3;0;0;0;0;0;0;0;0;0;0;0;0;0;0;0;0;0;3;0;6;0;0;0;0;0;0;0;0;0;0;0;0;0;0;3;0;0;3;3;0;0;0;6;3;0;7;0;0;0;0;0;0;0;0;0;0;0;0;
2024;2025;58252052;2582500;1205200;2258;11969;3;3;0;0;0;0;0;3;3;3;3;0;0;0;0;0;0;3;0;0;0;0;0;0;0;0;0;0;0;0;0;0;0;0;0;0;3;3;0;0;0;0;0;0;0;0;0;0;0;0;0;0;0;0;3;3;0;0;0;0;3;3;0;3;0;0;0;0;0;0;0;0;0;0;0;0;
2024;2025;57971936;2579700;1193600;2262;14514;14;14;0;0;0;0;0;13;6;6;3;0;3;0;0;3;0;10;0;0;0;0;0;0;3;0;3;0;3;3;3;0;3;0;3;0;0;4;0;0;0;0;0;0;0;0;0;0;0;0;0;3;3;0;0;0;3;0;0;0;3;12;0;14;0;0;0;0;0;0;0;0;0;0;0;0;
2024;2025;58162026;2581600;1202600;2265;12689;10;8;3;3;3;0;0;6;3;3;3;0;4;3;3;0;0;6;0;0;0;0;0;0;3;3;3;0;0;0;0;3;3;0;0;0;3;4;0;0;0;0;0;0;0;0;0;0;0;0;0;0;0;0;0;3;3;0;3;0;7;3;0;10;0;0;0;0;0;0;0;0;0;0;0;0;
2024;2025;58221937;2582200;1193700;2266;12700;3;3;0;0;0;0;0;3;0;3;3;0;0;0;0;0;0;3;0;0;0;0;0;0;0;0;0;0;3;0;0;0;0;0;0;0;3;0;0;0;0;0;0;0;0;0;0;0;0;0;0;0;0;0;0;0;0;0;0;0;3;3;0;3;0;0;0;0;0;0;0;0;0;0;0;0;
2024;2025;57481970;2574800;1197000;2271;12437;4;4;0;0;0;0;0;3;3;3;3;0;3;0;3;0;0;3;0;0;0;0;0;0;0;0;0;0;0;0;0;0;3;0;0;0;0;3;0;0;0;0;0;0;0;0;0;0;0;0;0;0;0;3;0;3;3;0;0;0;3;3;0;4;0;0;0;0;0;0;0;0;0;0;0;0;
2024;2025;57161891;2571600;1189100;2272;14096;12;12;0;0;0;0;0;12;4;8;0;0;0;0;0;0;0;5;0;0;0;0;0;0;0;0;0;0;0;0;3;0;0;0;3;3;0;7;0;0;0;0;0;0;0;0;0;0;0;0;0;0;3;0;3;3;3;0;3;0;7;4;0;12;0;0;0;0;0;0;0;0;0;0;0;0;
2024;2025;57601983;2576000;1198300;2274;12361;5;3;3;3;0;0;0;3;0;0;3;0;3;3;0;0;0;3;0;0;0;0;0;0;0;0;3;0;0;0;0;3;0;3;0;0;0;3;0;0;0;0;0;0;0;0;0;0;3;0;0;0;0;0;0;0;3;3;0;3;3;0;0;4;0;0;3;0;0;0;0;0;0;0;0;0;
2024;2025;57561974;2575600;1197400;2275;16614;57;53;4;3;3;0;0;48;3;15;32;0;9;4;3;3;3;24;0;0;0;0;0;0;0;0;3;0;4;3;4;3;3;3;4;3;3;33;0;3;0;0;0;0;0;0;3;0;0;3;3;4;3;3;3;6;10;3;6;3;41;5;0;56;0;3;0;0;0;3;3;0;0;0;0;0;1
2024;2025;58082004;2580800;1200400;2276;14529;7;7;0;0;0;0;0;7;3;3;3;0;0;0;0;0;0;5;0;0;0;0;0;0;0;0;0;0;0;0;3;3;3;0;3;0;0;3;0;0;0;0;0;0;0;0;0;0;0;0;0;0;0;0;3;3;0;0;0;0;3;4;0;7;0;0;0;0;0;0;0;0;0;0;0;0;
2024;2025;58191979;2581900;1197900;2278;10856;4;4;0;0;0;0;0;4;0;3;3;0;0;0;0;0;0;3;0;0;0;0;0;0;0;0;0;0;0;0;0;0;0;0;0;0;3;3;0;0;0;0;0;0;0;0;0;0;0;0;0;0;0;3;0;0;3;0;0;0;4;0;0;4;0;0;0;0;0;0;0;0;0;0;0;0;
2024;2025;57502009;2575000;1200900;2284;15679;5;4;3;3;0;0;0;4;3;0;3;0;3;3;0;0;0;3;0;0;0;0;0;0;0;0;0;0;0;0;0;0;0;0;0;0;3;3;0;0;0;0;0;0;0;0;0;0;0;0;0;0;0;0;0;3;0;0;0;3;3;3;0;5;0;0;0;0;0;0;0;0;0;0;0;0;
2024;2025;58771789;2587700;1178900;2292;11473;5;5;0;0;0;0;0;5;0;3;3;0;0;0;0;0;0;3;0;0;0;0;0;0;0;0;0;0;0;0;0;0;0;3;0;0;3;3;0;0;0;0;0;0;0;0;0;0;0;0;0;0;3;0;0;3;3;0;0;0;3;3;0;5;0;0;0;0;0;0;0;0;0;0;0;0;
2024;2025;58111884;2581100;1188400;2293;12204;92;78;14;6;7;3;0;82;10;49;23;0;10;6;3;3;0;37;3;3;0;0;3;3;0;4;3;4;3;3;3;3;3;3;8;3;3;55;0;3;3;3;0;3;0;0;0;3;3;3;3;3;6;3;8;16;6;3;10;11;52;18;0;90;3;0;0;3;0;0;0;0;0;0;0;0;
2024;2025;58261789;2582600;1178900;2294;12024;16;13;3;3;0;0;0;12;4;7;3;0;4;3;0;0;3;7;0;0;3;0;0;0;0;0;3;0;0;0;0;0;0;3;3;3;0;9;0;0;0;0;0;0;0;0;0;3;3;3;0;0;3;0;0;3;3;0;0;4;9;3;0;16;0;0;0;0;0;0;0;0;0;0;0;0;
2024;2025;58401935;2584000;1193500;2295;13193;19;18;3;3;0;0;0;16;3;3;11;0;3;3;0;3;0;7;0;0;0;0;0;3;0;0;3;0;3;0;0;3;3;0;3;3;0;12;0;0;0;0;0;0;0;0;0;3;0;3;0;3;0;3;3;3;3;0;3;3;10;6;0;19;0;0;0;0;0;0;0;0;0;0;0;0;
2024;2025;58941862;2589400;1186200;2296;12260;13;13;0;0;0;0;0;13;4;6;3;0;0;0;0;0;0;6;0;0;0;0;0;0;0;0;0;0;0;0;3;3;0;0;3;3;3;7;0;0;0;0;0;0;0;0;0;0;0;3;0;0;0;0;3;3;3;0;3;3;5;6;0;13;0;0;0;0;0;0;0;0;0;0;0;0;
2024;2025;58851766;2588500;1176600;2299;15694;31;29;3;0;3;3;0;27;7;14;6;0;4;3;0;3;3;16;0;0;0;0;0;3;0;0;0;3;0;3;0;3;3;3;4;3;0;15;0;0;0;0;0;3;0;0;3;0;0;3;0;0;0;0;3;4;5;0;3;5;15;9;0;31;0;0;0;0;0;0;0;0;0;0;0;0;
2024;2025;58581758;2585800;1175800;2300;13218;16;15;3;0;0;3;0;15;8;6;3;0;3;0;0;3;0;7;0;0;0;3;0;0;0;0;0;0;0;0;0;0;3;3;0;3;3;9;0;0;0;0;0;0;0;0;0;0;0;0;0;0;3;3;0;3;3;0;3;3;5;9;0;16;0;0;0;0;0;0;0;0;0;0;0;0;
2024;2025;58491797;2584900;1179700;2301;13175;11;11;0;0;0;0;0;11;3;7;3;0;0;0;0;0;0;3;0;0;0;0;0;0;0;0;0;0;0;0;0;0;0;3;0;0;0;10;0;0;0;3;0;0;0;0;0;0;3;0;0;3;3;0;3;3;4;0;0;0;4;7;0;11;0;0;0;0;0;0;0;0;0;0;0;0;
2024;2025;58331767;2583300;1176700;2303;10378;13;13;0;0;0;0;0;12;3;6;3;0;3;0;0;3;0;5;0;0;0;0;0;0;0;3;0;3;0;0;0;3;0;0;3;0;0;8;0;0;0;0;0;0;0;0;0;0;0;0;0;0;3;0;4;3;3;0;0;0;9;4;0;13;0;0;0;0;0;0;0;0;0;0;0;0;
2024;2025;58321821;2583200;1182100;2304;10380;12;12;0;0;0;0;0;11;3;7;3;0;3;3;0;0;0;8;0;0;0;0;0;0;0;0;0;0;0;0;3;3;0;3;0;4;0;4;0;0;0;0;0;0;0;0;0;0;0;3;0;0;0;0;3;0;3;0;3;3;5;4;0;12;0;0;0;0;0;0;0;0;0;0;0;0;
2024;2025;58541894;2585400;1189400;2305;13041;22;20;3;0;3;3;0;19;3;15;3;0;3;3;3;3;0;14;0;0;0;0;0;0;3;0;3;0;3;3;3;3;3;3;0;3;0;8;0;0;0;0;0;0;0;0;0;0;0;3;3;0;0;3;0;4;3;0;4;3;12;5;0;22;0;0;0;0;0;0;0;0;0;0;0;0;
2024;2025;58311849;2583100;1184900;2306;16595;36;35;3;3;0;0;0;33;5;16;12;0;3;3;0;0;0;19;3;0;0;3;3;0;0;3;3;3;3;0;3;3;0;3;3;5;0;17;0;0;0;0;3;0;0;0;3;3;3;3;3;3;3;3;3;3;3;0;7;4;19;6;0;35;0;0;0;3;0;0;0;0;0;0;0;0;
2024;2025;58161800;2581600;1180000;2307;10559;14;13;3;3;0;0;0;12;0;8;4;0;3;3;0;0;0;7;0;0;0;0;0;0;3;0;0;0;0;3;0;3;0;0;0;3;3;7;0;0;0;0;0;0;0;3;0;0;0;0;0;0;0;0;3;3;3;0;0;3;10;3;0;14;0;0;0;0;0;0;0;0;0;0;0;0;
2024;2025;59031904;2590300;1190400;2308;10848;25;24;3;3;0;0;0;23;6;5;12;0;3;3;0;0;0;10;0;0;0;0;0;0;0;0;3;0;3;0;0;3;3;3;3;3;3;15;0;0;0;0;0;0;0;0;0;3;3;0;3;3;3;3;0;3;6;0;3;3;15;8;0;25;0;0;0;0;0;0;0;0;0;0;0;0;
2024;2025;58771915;2587700;1191500;2309;13232;31;29;3;3;0;0;0;28;3;13;13;0;3;3;0;0;0;16;0;0;3;0;3;0;3;3;0;0;0;3;3;3;0;0;3;3;3;15;0;0;0;0;0;0;0;0;0;0;0;0;3;0;3;3;0;6;4;0;3;3;18;7;0;31;0;0;0;0;0;0;0;0;0;0;0;0;
2024;2025;55471512;2554700;1151200;2321;11676;8;8;0;0;0;0;0;7;3;3;3;0;3;0;0;3;0;5;0;0;0;0;0;3;0;3;0;0;0;0;0;0;3;3;3;0;0;3;0;0;0;0;0;0;0;0;0;0;0;0;0;3;3;0;0;0;3;0;3;0;4;3;0;8;0;0;0;0;0;0;0;0;0;0;0;0;
2024;2025;55471524;2554700;1152400;2323;11799;18;17;3;3;0;0;0;17;4;3;10;0;3;3;0;0;0;7;0;0;0;0;0;0;0;0;0;3;0;3;0;3;3;3;3;0;0;11;0;0;0;0;0;0;0;0;0;0;0;3;3;3;0;3;3;3;3;0;3;3;10;4;0;18;0;0;0;0;0;0;0;0;0;0;0;0;
2024;2025;55881530;2558800;1153000;2325;11426;27;19;8;6;0;3;0;17;4;4;9;0;10;5;0;5;0;15;0;0;0;0;3;3;0;0;3;3;0;3;3;3;0;3;3;0;3;12;0;0;3;0;3;3;3;0;0;3;3;0;0;0;0;3;3;3;3;3;5;3;14;3;0;24;3;0;3;0;0;0;0;0;0;0;0;0;
2024;2025;55331528;2553300;1152800;2328;12120;7;7;0;0;0;0;0;6;3;3;3;0;3;3;0;0;0;4;0;0;0;0;0;0;0;0;0;3;0;0;0;0;3;0;0;3;3;3;0;0;0;0;0;0;0;0;0;0;0;0;0;0;0;0;0;3;3;0;0;0;6;3;0;7;0;0;0;0;0;0;0;0;0;0;0;0;
2024;2025;55701531;2557000;1153100;2333;13172;10;9;3;3;0;0;0;9;3;5;3;0;3;3;0;0;0;5;0;0;0;0;0;0;0;0;3;0;0;0;0;0;0;3;0;3;0;5;0;0;0;0;0;0;0;0;0;0;0;0;0;0;0;3;0;0;4;0;3;0;5;4;0;10;0;0;0;0;0;0;0;0;0;0;0;0;
2024;2025;55631585;2556300;1158500;2335;14484;8;5;3;3;0;0;0;5;3;3;3;0;3;3;0;0;0;4;0;0;0;0;0;0;0;0;0;3;3;0;3;0;0;0;0;0;3;4;0;0;0;0;0;0;0;0;0;3;0;0;0;0;3;0;3;0;0;3;0;0;3;3;0;5;0;0;3;0;0;0;0;0;0;0;0;0;
2024;2025;56091582;2560900;1158200;2336;13207;19;17;3;3;0;0;0;17;3;9;6;0;3;3;0;0;0;5;0;0;3;0;0;0;3;3;0;0;0;0;0;0;0;3;3;0;0;14;0;3;0;0;0;0;0;3;0;0;0;0;3;3;3;4;3;3;0;0;7;3;8;3;0;19;0;0;0;0;0;0;0;0;0;0;0;0;
2024;2025;55621612;2556200;1161200;2337;14482;12;12;0;0;0;0;0;11;3;7;3;0;3;3;0;0;0;3;0;0;0;0;0;0;0;0;0;0;0;0;0;0;0;3;3;0;0;9;0;0;0;0;0;0;0;3;0;0;0;0;0;3;3;0;3;3;3;0;0;0;11;3;0;12;0;0;0;0;0;0;0;0;0;0;0;0;
2024;2025;56041599;2560400;1159900;2338;14483;19;16;3;3;0;3;0;14;5;8;3;0;5;3;0;3;0;6;0;0;0;3;0;0;3;0;0;0;3;0;0;0;0;0;3;0;3;13;0;0;0;0;0;0;0;3;0;0;0;0;0;3;0;3;3;4;3;0;3;3;9;7;0;19;0;0;0;0;0;0;0;0;0;0;0;0;
2024;2025;62682413;2626800;1241300;2401;13703;24;20;4;0;4;0;0;17;4;6;7;0;7;3;4;0;0;7;0;0;0;3;0;3;3;3;0;0;0;3;3;0;0;3;0;0;0;17;0;0;0;0;0;0;0;0;3;0;0;3;3;3;3;0;4;3;4;4;0;3;14;4;0;20;0;0;0;0;4;3;0;3;0;0;0;0;1
2024;2025;62872399;2628700;1239900;2402;13704;5;4;3;3;0;0;0;4;3;3;3;0;3;3;0;0;0;0;0;0;0;0;0;0;0;0;0;0;0;0;0;0;0;0;0;0;0;5;0;0;0;0;0;0;0;0;0;0;0;0;0;0;3;0;3;0;3;0;3;0;3;3;0;5;0;0;0;0;0;0;0;0;0;0;0;0;
2024;2025;62392368;2623900;1236800;2403;13705;22;21;3;3;0;0;0;21;9;5;7;0;3;3;0;0;0;8;0;0;0;0;0;0;3;3;0;0;0;0;0;0;3;0;0;3;3;14;0;0;0;0;0;0;0;0;0;0;0;0;3;0;3;3;3;3;7;0;0;3;12;9;0;22;0;0;0;0;0;0;0;0;0;0;0;0;
2024;2025;62702392;2627000;1239200;2404;13706;26;25;3;3;0;0;0;24;5;11;8;0;3;3;0;0;0;10;0;0;0;0;3;0;0;0;0;3;0;3;3;3;0;3;3;3;0;16;0;0;0;0;0;0;0;0;0;0;3;3;3;0;0;3;3;5;3;0;3;0;17;7;0;26;0;0;0;0;0;0;0;0;0;0;0;0;
2024;2025;62522385;2625200;1238500;2405;13707;5;5;0;0;0;0;0;5;3;3;3;0;0;0;0;0;0;3;0;0;0;0;0;0;0;0;0;3;0;0;0;3;0;0;3;0;0;3;0;0;0;0;0;0;0;0;0;0;0;0;0;0;0;0;0;0;3;0;0;0;3;4;0;5;0;0;0;0;0;0;0;0;0;0;0;0;
2024;2025;62482399;2624800;1239900;2406;13708;15;13;3;3;0;0;0;13;4;3;6;0;3;3;0;0;0;8;0;0;0;0;0;0;0;0;3;0;3;3;3;0;0;3;3;3;0;7;0;0;0;0;0;0;0;0;0;0;0;0;0;0;3;0;3;0;3;0;3;3;9;4;0;15;0;0;0;0;0;0;0;0;0;0;0;0;
2024;2025;62112378;2621100;1237800;2407;13709;35;30;5;0;4;3;0;30;3;10;18;0;5;3;3;3;0;17;0;0;0;0;0;3;3;3;3;3;3;0;0;3;3;0;3;3;3;18;0;0;0;0;0;0;0;3;0;3;3;0;3;3;0;3;3;3;5;0;4;3;23;5;0;35;0;0;0;0;0;0;0;0;0;0;0;0;
2024;2025;62722355;2627200;1235500;2408;13710;20;19;3;3;0;0;0;19;6;5;8;0;3;3;0;0;0;10;0;0;0;0;0;0;0;0;0;0;0;0;3;3;3;3;3;3;0;10;0;0;0;0;0;0;0;0;0;0;0;3;0;0;0;3;0;3;6;0;0;0;10;10;0;20;0;0;0;0;0;0;0;0;0;0;0;0;
2024;2025;61292394;2612900;1239400;2421;13711;4;4;0;0;0;0;0;3;3;0;3;0;3;3;0;0;0;0;0;0;0;0;0;0;0;0;0;0;0;0;0;0;0;0;0;0;0;4;0;0;0;0;0;0;0;0;0;0;0;0;0;0;0;0;0;3;3;0;0;0;3;3;0;4;0;0;0;0;0;0;0;0;0;0;0;0;
2024;2025;61932406;2619300;1240600;2422;13712;36;32;4;3;3;3;0;33;6;13;14;0;3;3;3;3;0;25;0;0;3;0;0;3;3;3;3;3;3;5;3;3;3;3;3;3;3;11;0;0;0;0;0;0;0;3;0;0;0;3;3;0;3;0;0;3;3;3;6;3;17;11;0;35;0;3;0;0;0;0;0;0;0;0;0;0;
2024;2025;61162384;2611600;1238400;2424;13714;21;20;3;3;0;0;0;19;6;5;8;0;3;3;0;3;0;10;0;0;3;3;0;0;0;0;3;3;0;0;0;0;3;3;4;0;0;11;0;0;0;0;0;0;3;0;0;0;0;3;3;0;0;0;3;3;3;0;3;3;8;9;0;21;0;0;0;0;0;0;0;0;0;0;0;0;
2024;2025;62402425;2624000;1242500;2425;13715;7;7;0;0;0;0;0;7;4;3;3;0;0;0;0;0;0;3;0;0;0;0;0;0;0;0;0;3;0;0;0;0;0;3;0;3;0;4;0;0;0;0;0;0;0;0;0;0;3;0;0;0;0;3;0;0;3;0;0;3;3;4;0;7;0;0;0;0;0;0;0;0;0;0;0;0;
2024;2025;61602404;2616000;1240400;2426;13716;22;22;0;0;0;0;0;22;6;7;9;0;0;0;0;0;0;6;0;0;0;0;0;0;3;0;0;0;0;0;0;0;3;3;0;0;3;16;0;0;0;0;3;0;0;0;3;0;0;0;3;3;3;3;3;0;6;0;3;0;9;11;0;22;0;0;0;0;0;0;0;0;0;0;0;0;
2024;2025;61442396;2614400;1239600;2427;13717;17;17;0;0;0;0;0;16;3;5;8;0;3;3;0;0;0;6;0;0;0;0;0;0;0;3;0;0;0;0;0;3;0;0;3;3;0;11;0;0;0;0;3;0;0;0;0;0;0;0;0;3;0;0;3;3;5;0;3;3;9;4;0;17;0;0;0;0;0;0;0;0;0;0;0;0;
2024;2025;61992434;2619900;1243400;2428;13718;47;42;5;5;0;0;0;41;23;9;9;0;6;6;0;0;0;18;0;0;0;0;0;0;3;0;3;3;3;3;3;3;0;3;0;3;3;29;0;0;0;3;0;0;0;0;0;3;0;3;3;0;3;3;3;12;6;3;3;3;19;23;0;45;0;3;0;0;0;0;0;0;0;0;0;0;
2024;2025;60682367;2606800;1236700;2430;16596;20;19;3;3;0;0;0;15;7;3;6;0;5;5;0;0;0;6;0;0;0;0;0;0;0;0;0;0;0;3;3;0;3;3;0;0;3;14;0;0;0;0;0;0;3;0;0;0;0;0;0;3;0;3;3;3;8;3;3;3;3;10;0;18;0;3;0;0;0;0;0;0;0;0;0;0;
2024;2025;59842181;2598400;1218100;2445;11911;3;3;0;0;0;0;0;3;0;3;3;0;0;0;0;0;0;3;0;0;0;0;0;0;0;0;0;0;0;0;0;0;0;3;0;0;0;3;0;0;0;0;0;0;0;0;0;0;0;0;0;0;0;0;3;0;3;0;0;0;3;3;0;3;0;0;0;0;0;0;0;0;0;0;0;0;
2024;2025;60562235;2605600;1223500;2455;13187;13;11;3;3;3;0;0;11;3;6;4;0;3;0;3;0;0;5;0;0;0;0;0;0;3;0;0;0;0;3;0;3;0;3;0;3;0;8;0;0;0;0;0;0;0;0;0;0;0;3;0;0;0;3;3;0;5;3;0;3;6;4;0;11;3;0;3;0;0;0;0;0;0;0;0;0;
2024;2025;60072157;2600700;1215700;2457;15380;14;14;0;0;0;0;0;12;3;3;6;0;3;3;3;0;0;7;0;0;0;0;0;3;0;3;0;0;0;0;0;3;0;3;3;0;3;7;0;0;0;0;0;0;0;0;0;0;0;0;3;0;0;0;3;3;3;0;0;0;3;11;0;14;0;0;0;0;0;0;0;0;0;0;0;0;
2024;2025;59642178;2596400;1217800;2461;13039;5;5;0;0;0;0;0;5;0;3;3;0;0;0;0;0;0;3;0;0;0;0;0;0;0;0;0;0;0;0;0;3;0;0;0;3;0;3;0;0;0;0;0;0;0;0;0;0;0;0;0;0;0;0;0;3;0;0;0;0;3;3;0;5;0;0;0;0;0;0;0;0;0;0;0;0;
2024;2025;60482266;2604800;1226600;2464;15602;12;12;0;0;0;0;0;12;4;3;5;0;0;0;0;0;0;3;0;0;0;0;0;0;0;0;0;0;0;0;3;0;3;3;0;0;0;9;0;0;0;0;0;0;0;0;0;0;0;3;3;0;0;0;3;0;4;0;3;3;8;3;0;12;0;0;0;0;0;0;0;0;0;0;0;0;
2024;2025;60282204;2602800;1220400;2465;16653;23;23;0;0;0;0;0;22;5;8;9;0;3;3;0;0;0;9;0;0;0;0;0;0;0;0;0;0;3;0;3;3;0;3;0;3;3;14;0;0;0;0;3;0;0;0;0;3;0;0;0;0;0;3;0;4;5;0;3;3;10;10;0;23;0;0;0;0;0;0;0;0;0;0;0;0;
2024;2025;60542599;2605400;1259900;2471;11696;7;7;0;0;0;0;0;6;0;3;5;0;3;3;0;0;0;3;0;0;0;0;0;0;0;0;0;0;0;0;0;0;0;0;0;3;0;6;0;0;0;0;0;0;0;0;0;0;0;0;0;0;0;3;0;3;3;0;3;0;5;3;0;7;0;0;0;0;0;0;0;0;0;0;0;0;
2024;2025;61752554;2617500;1255400;2472;11510;6;6;0;0;0;0;0;5;3;0;4;0;3;3;0;0;0;3;0;0;0;0;0;0;0;0;0;0;0;0;0;0;0;3;0;0;0;5;0;0;0;0;0;0;0;0;0;0;0;0;3;3;0;3;0;3;3;0;0;0;4;3;0;6;0;0;0;0;0;0;0;0;0;0;0;0;
2024;2025;61332588;2613300;1258800;2473;12219;15;13;3;3;0;3;0;9;3;3;7;0;6;3;0;3;3;5;0;0;0;0;0;0;0;3;0;3;0;0;3;0;0;0;3;0;0;10;0;0;0;0;0;0;0;3;0;0;0;3;0;0;3;3;3;3;3;0;3;3;11;3;0;15;0;0;0;0;0;0;0;0;0;0;0;0;
2024;2025;61662583;2616600;1258300;2474;12103;4;4;0;0;0;0;0;3;0;0;3;0;3;3;0;0;0;3;0;0;0;0;3;0;0;0;0;0;0;3;0;0;0;0;0;0;3;3;0;0;0;0;0;0;0;0;0;0;0;0;0;0;0;0;0;3;0;0;0;3;3;3;0;4;0;0;0;0;0;0;0;0;0;0;0;0;
2024;2025;61522562;2615200;1256200;2475;12134;5;5;0;0;0;0;0;4;3;0;3;0;3;3;0;0;0;3;0;0;0;0;0;0;3;0;0;0;0;0;0;0;3;0;0;3;0;3;0;0;0;0;0;0;0;0;0;0;0;0;0;0;0;0;0;0;3;0;0;0;3;4;0;5;0;0;0;0;0;0;0;0;0;0;0;0;
2024;2025;60582583;2605800;1258300;2476;13684;10;7;3;3;0;0;0;6;0;3;5;0;4;4;0;0;0;5;0;0;0;3;0;0;0;0;0;0;3;0;0;3;0;0;3;0;0;5;0;0;0;0;0;0;0;0;0;3;0;0;0;0;0;0;3;3;0;3;0;0;7;3;0;8;3;0;0;0;0;3;0;0;3;0;0;0;1
2024;2025;60202573;2602000;1257300;2477;14469;6;5;3;0;0;0;3;4;3;0;3;0;3;3;0;3;0;4;0;0;0;0;0;0;0;0;0;0;0;3;0;0;0;0;3;3;3;3;0;0;0;0;0;0;0;0;0;0;0;0;0;0;0;3;0;0;3;0;3;0;3;3;0;6;0;0;0;0;0;0;0;0;0;0;0;0;
2024;2025;61922579;2619200;1257900;2478;12545;10;10;0;0;0;0;0;9;3;3;6;0;3;3;0;0;0;4;0;0;0;0;0;0;3;3;0;0;0;0;3;0;0;3;0;0;0;6;0;0;0;0;0;0;0;0;0;3;0;0;0;0;0;0;3;0;4;0;3;0;7;3;0;10;0;0;0;0;0;0;0;0;0;0;0;0;
2024;2025;60142589;2601400;1258900;2479;12940;8;8;0;0;0;0;0;7;0;0;7;0;3;3;0;0;0;4;0;0;0;0;0;0;0;0;0;0;0;0;0;0;0;0;3;3;0;4;0;0;0;0;0;0;0;0;0;0;0;0;0;0;0;3;3;0;3;0;0;3;7;0;0;8;0;0;0;0;0;0;0;0;0;0;0;0;
2024;2025;61662537;2616600;1253700;2480;12990;6;6;0;0;0;0;0;6;3;3;3;0;0;0;0;0;0;0;0;0;0;0;0;0;0;0;0;0;0;0;0;0;0;0;0;0;0;6;0;0;0;0;3;0;3;0;0;0;0;0;0;0;0;0;3;0;3;0;3;0;3;3;0;6;0;0;0;0;0;0;0;0;0;0;0;0;
2024;2025;60632594;2606300;1259400;2481;10352;11;11;0;0;0;0;0;10;3;0;8;0;3;3;0;0;0;6;0;0;0;0;0;0;0;0;0;0;0;0;0;0;3;0;3;0;3;5;0;0;0;0;0;0;0;0;0;0;0;0;0;0;0;3;0;3;3;0;0;0;9;3;0;11;0;0;0;0;0;0;0;0;0;0;0;0;
2024;2025;63152471;2631500;1247100;2491;11985;3;3;3;0;0;3;0;3;0;0;3;0;3;0;0;3;0;3;0;0;0;0;0;3;0;0;0;0;0;0;0;0;0;0;0;0;0;3;0;0;0;0;0;0;0;0;0;0;0;0;0;0;0;0;0;0;3;3;0;3;3;0;0;3;3;0;0;0;0;0;0;0;0;0;0;0;
2024;2025;63982544;2639800;1254400;2492;12691;3;3;0;0;0;0;0;3;3;3;3;0;0;0;0;0;0;3;0;0;0;0;0;0;0;0;0;0;0;0;0;0;0;3;3;0;0;3;0;0;0;0;0;0;0;0;0;0;0;0;0;0;0;3;0;0;0;0;0;0;3;3;0;3;0;0;0;0;0;0;0;0;0;0;0;0;
2024;2025;63842482;2638400;1248200;2493;12808;48;47;3;3;0;0;0;43;6;13;24;0;5;4;0;3;0;15;0;0;0;0;0;3;0;0;3;3;0;3;3;0;0;3;3;0;3;33;0;0;0;0;0;0;0;0;0;3;0;0;0;3;3;3;7;5;15;0;3;3;38;7;0;48;0;0;0;0;0;0;0;0;0;0;0;0;
2024;2025;64172470;2641700;1247000;2495;12559;30;26;4;3;3;3;0;27;3;4;22;0;3;3;0;3;0;9;0;0;0;3;0;0;0;3;3;0;3;3;0;3;0;0;0;0;3;21;0;3;0;0;0;0;3;0;3;0;0;3;0;3;0;3;4;4;3;0;3;4;22;3;0;30;0;0;0;0;0;0;0;0;0;0;0;0;
2024;2025;63882461;2638800;1246100;2497;12462;28;24;4;4;0;0;0;26;3;3;21;0;3;3;0;3;0;12;0;0;0;3;0;3;0;0;0;0;0;3;3;3;0;0;3;4;0;16;0;0;0;3;0;3;0;0;3;0;0;3;0;0;0;3;3;5;3;0;5;3;17;4;0;28;0;0;0;0;0;0;0;0;0;0;0;0;
2024;2025;64012491;2640100;1249100;2499;16597;5;5;0;0;0;0;0;5;3;3;3;0;0;0;0;0;0;3;0;0;0;0;0;0;0;0;0;0;0;0;0;0;0;0;3;0;0;4;0;0;0;0;0;0;0;0;0;0;0;0;0;0;0;3;3;3;0;0;0;0;3;3;0;5;0;0;0;0;0;0;0;0;0;0;0;0;
2024;2025;63502459;2635000;1245900;2500;10894;118;97;21;10;4;7;0;88;8;39;41;0;30;19;3;9;0;59;0;0;0;3;3;6;4;3;7;4;4;3;6;4;3;4;3;5;3;59;3;3;0;0;0;3;0;3;3;3;3;3;3;3;4;4;10;11;14;0;18;10;74;16;0;118;0;0;0;0;0;0;0;0;0;0;0;0;
2024;2025;63742461;2637400;1246100;2501;10348;14;13;3;3;0;0;0;13;3;5;6;0;3;3;0;0;0;8;0;0;0;0;0;0;3;0;0;0;0;3;3;3;3;0;0;3;0;6;0;0;0;0;0;0;0;0;0;0;0;0;3;0;0;3;3;3;0;0;3;3;7;4;0;14;0;0;0;0;0;0;0;0;0;0;0;0;
2024;2025;64292497;2642900;1249700;2503;14531;18;16;3;3;0;3;0;12;3;5;6;0;6;5;0;3;0;5;0;0;0;0;3;3;0;0;0;0;3;3;0;0;0;0;3;0;0;13;0;0;0;0;0;0;0;0;0;3;0;0;3;0;3;3;3;3;5;0;3;0;15;0;0;18;0;0;0;0;0;0;0;0;0;0;0;0;
2024;2025;61702255;2617000;1225500;2511;15508;13;11;3;3;0;0;0;10;4;3;4;0;3;3;0;0;0;8;0;0;0;0;0;0;0;0;0;0;0;3;0;0;0;3;0;3;3;5;0;0;0;0;0;0;0;0;0;0;0;0;0;0;3;0;3;3;3;0;0;3;9;3;0;13;0;0;0;0;0;0;0;0;0;0;0;0;
2024;2025;60912257;2609100;1225700;2513;13722;91;80;11;3;6;3;0;80;4;33;43;0;11;3;4;4;0;37;3;3;0;3;0;3;3;3;3;3;3;3;3;4;4;5;4;0;3;54;3;0;0;3;3;0;3;3;6;0;3;0;4;5;6;6;10;3;5;3;11;7;59;11;0;87;3;0;3;3;0;3;3;0;0;0;0;0;1
2024;2025;61702267;2617000;1226700;2514;13723;3;3;0;0;0;0;0;3;0;3;0;0;0;0;0;0;0;0;0;0;0;0;0;0;0;0;0;0;0;0;0;0;0;0;0;0;0;3;0;0;0;0;0;0;0;0;0;0;0;0;0;0;0;0;0;3;0;0;0;0;3;0;0;3;0;0;0;0;0;0;0;0;0;0;0;0;
2024;2025;61382293;2613800;1229300;2516;13725;17;15;3;3;0;0;0;14;4;5;5;0;3;3;0;0;0;8;0;0;0;0;0;0;0;3;0;0;3;0;3;3;0;0;3;0;3;9;0;0;0;0;0;3;0;0;0;3;3;0;0;0;3;0;0;3;3;0;3;0;11;4;0;17;0;0;0;0;0;0;0;0;0;0;0;0;
2024;2025;61122272;2611200;1227200;2517;13726;60;40;20;16;3;3;0;43;3;20;22;0;17;5;3;11;0;27;0;0;0;0;3;3;3;4;3;3;3;3;3;0;3;3;3;0;0;33;3;3;0;0;3;3;0;3;4;3;3;4;3;3;3;3;3;3;3;8;14;9;29;0;0;52;6;0;0;0;3;10;9;3;0;0;0;0;1
2024;2025;61582262;2615800;1226200;2518;13727;7;7;0;0;0;0;0;7;4;3;3;0;0;0;0;0;0;3;0;0;0;0;0;0;0;0;0;0;0;0;0;0;0;0;0;0;3;6;0;0;0;0;0;0;0;0;0;3;0;0;0;0;3;0;3;3;3;0;0;0;4;3;0;7;0;0;0;0;0;0;0;0;0;0;0;0;
2024;2025;61012244;2610100;1224400;2519;13728;61;50;11;7;3;3;0;50;3;27;21;0;11;5;3;3;3;27;0;3;3;0;0;0;3;3;0;3;3;3;3;0;5;3;3;3;3;34;3;3;3;3;0;0;3;3;4;0;3;3;3;0;3;3;3;3;6;3;8;6;39;6;0;59;3;0;0;0;0;0;0;0;0;0;0;0;
2024;2025;61252243;2612500;1224300;2520;13729;9;9;0;0;0;0;0;7;4;3;3;0;3;3;0;3;0;5;0;0;0;0;0;0;0;0;0;0;0;0;3;3;0;0;3;3;0;4;0;0;0;0;0;0;0;0;0;3;0;0;0;3;0;0;0;3;3;0;0;0;6;3;0;9;0;0;0;0;0;0;0;0;0;0;0;0;
2024;2025;61412256;2614100;1225600;2523;13732;7;7;0;0;0;0;0;6;3;4;0;0;3;3;0;0;0;3;0;0;0;0;0;0;0;0;0;0;0;0;3;0;3;0;0;0;3;4;0;0;0;0;0;0;0;0;0;0;0;0;0;0;3;0;3;0;3;0;0;0;6;3;0;7;0;0;0;0;0;0;0;0;0;0;0;0;
2024;2025;61202250;2612000;1225000;2525;13734;13;9;4;4;0;0;0;7;3;3;3;0;6;5;3;0;0;7;0;0;0;0;0;0;0;3;3;0;0;0;0;0;0;0;3;3;0;6;0;0;0;0;0;0;0;0;0;0;0;3;0;0;0;3;3;0;3;3;3;0;7;3;0;10;0;0;3;0;0;0;0;0;0;0;0;0;
2024;2025;60652243;2606500;1224300;2526;13752;14;13;3;3;0;0;0;13;0;8;5;0;3;0;0;3;0;5;0;0;0;0;0;0;0;0;0;3;0;3;0;0;3;0;3;0;3;9;0;0;0;3;0;3;0;0;3;0;0;3;0;0;3;0;3;3;3;3;3;0;11;3;0;13;0;0;3;0;0;0;0;0;0;0;0;0;
2024;2025;61122294;2611200;1229400;2527;13736;33;28;5;4;3;0;0;26;3;15;10;0;7;4;3;0;0;18;0;0;0;0;0;3;0;3;3;3;3;3;4;0;0;3;3;0;3;15;0;0;0;0;0;0;0;0;0;0;0;3;0;3;3;3;3;3;5;0;6;4;20;3;0;33;0;0;0;0;0;0;0;0;0;0;0;0;
2024;2025;61112235;2611100;1223500;2528;13737;10;10;0;0;0;0;0;7;3;3;3;0;3;3;0;0;0;3;0;0;0;0;0;0;0;0;0;0;0;0;3;0;3;0;0;0;0;8;0;0;0;0;0;0;0;0;0;0;0;0;0;0;0;0;3;3;6;0;0;3;8;3;0;10;0;0;0;0;0;0;0;0;0;0;0;0;
2024;2025;61262254;2612600;1225400;2529;13738;6;5;3;3;0;0;0;5;3;3;3;0;3;3;0;0;0;4;0;0;0;0;0;0;0;0;0;0;0;0;0;3;0;3;0;0;3;3;0;0;0;0;0;0;0;0;0;0;0;0;0;0;0;0;0;3;0;3;0;0;3;3;0;5;0;3;0;0;0;0;0;0;0;0;0;0;
2024;2025;61192234;2611900;1223400;2530;13739;14;14;0;0;0;0;0;13;3;8;4;0;3;3;0;0;0;3;0;0;0;0;0;0;0;0;0;3;0;0;0;3;0;0;0;0;0;12;0;0;3;0;0;0;0;0;3;0;0;3;3;3;0;3;3;3;3;0;0;0;10;4;0;14;0;0;0;0;0;0;0;0;0;0;0;0;
2024;2025;61352273;2613500;1227300;2532;13741;29;29;0;0;0;0;0;27;0;17;10;0;3;3;0;0;0;15;0;0;0;0;0;0;3;3;0;0;3;0;3;3;3;3;0;3;3;14;0;0;0;0;0;0;0;0;0;0;3;0;0;0;0;3;0;7;5;0;3;3;22;3;0;29;0;0;0;0;0;3;3;0;0;0;0;0;1
2024;2025;60832279;2608300;1227900;2534;13743;73;56;17;7;6;4;0;57;3;32;22;0;16;9;4;3;0;38;0;0;0;3;3;3;3;0;3;3;5;3;4;7;3;3;3;3;3;35;0;0;3;3;3;0;0;3;0;0;0;3;3;3;4;0;4;7;7;3;3;5;53;12;0;73;0;0;0;0;0;0;0;0;0;0;0;0;
2024;2025;61492229;2614900;1222900;2535;15603;3;3;0;0;0;0;0;3;0;3;3;0;0;0;0;0;0;3;0;0;0;0;0;0;0;0;0;0;0;0;0;0;0;0;0;0;3;3;0;0;0;0;0;0;0;0;0;0;0;0;0;0;0;0;0;3;0;0;0;0;3;0;0;3;0;0;0;0;0;0;0;0;0;0;0;0;
2024;2025;60402290;2604000;1229000;2542;11878;53;48;5;3;3;3;0;45;3;24;20;0;8;4;3;3;0;29;0;0;3;3;3;3;3;3;3;3;3;3;0;3;3;3;3;3;3;24;0;0;0;3;3;0;0;3;0;3;3;3;3;3;3;3;4;4;3;3;7;4;38;3;0;51;3;0;0;0;3;0;0;0;0;0;0;0;
2024;2025;59892280;2598900;1228000;2543;11908;41;35;6;5;3;0;0;34;3;22;11;0;7;3;3;3;0;19;0;0;0;0;0;0;0;3;0;3;3;3;4;3;3;0;3;3;0;22;3;0;0;3;3;0;3;3;0;0;0;3;3;3;3;3;3;3;4;0;6;3;21;11;0;41;0;0;0;0;0;0;0;0;0;0;0;0;
2024;2025;60892300;2608900;1230000;2544;11986;13;12;3;3;0;0;0;9;0;7;3;0;4;3;3;0;0;4;0;0;0;0;0;0;0;0;0;0;0;0;0;0;3;3;0;3;3;9;0;0;0;0;0;0;0;0;0;0;0;0;0;0;3;0;3;4;3;0;0;0;12;3;0;13;0;0;0;0;0;0;0;0;0;0;0;0;
2024;2025;61222317;2612200;1231700;2545;11937;11;11;0;0;0;0;0;11;3;3;6;0;0;0;0;0;0;9;0;0;0;0;0;0;0;0;0;0;3;3;0;3;3;3;0;3;3;3;0;0;0;0;0;0;0;0;0;0;0;0;0;0;0;0;0;3;0;0;3;3;6;3;0;11;0;0;0;0;0;0;0;0;0;0;0;0;
2024;2025;59672269;2596700;1226900;2546;12076;98;75;23;13;4;6;0;77;20;20;37;0;21;12;5;4;0;46;0;3;0;3;3;3;5;9;3;0;3;3;3;3;3;3;3;3;3;52;0;3;3;0;4;0;5;3;0;3;3;3;3;0;3;6;7;8;7;3;18;12;50;17;0;97;0;3;0;0;0;0;0;0;0;0;0;0;
2024;2025;61052341;2610500;1234100;2547;11923;6;6;0;0;0;0;0;6;3;3;3;0;0;0;0;0;0;3;0;0;0;0;0;0;0;0;0;0;0;0;3;0;0;3;0;0;0;4;0;0;0;0;0;0;0;0;0;0;0;0;0;0;0;0;0;4;0;3;0;0;4;3;0;5;0;0;3;0;0;0;0;0;0;0;0;0;
2024;2025;61142329;2611400;1232900;2548;12215;9;8;3;0;0;3;0;6;3;3;3;0;3;3;0;3;0;3;0;0;0;0;0;0;0;0;0;0;3;0;0;0;0;3;0;3;0;6;0;0;0;0;0;0;0;0;0;0;0;0;0;3;0;0;3;3;3;0;0;0;7;3;0;9;0;0;0;0;0;0;0;0;0;0;0;0;
2024;2025;61172337;2611700;1233700;2549;12650;3;0;3;3;0;0;0;0;0;0;0;0;3;3;0;0;0;0;0;0;0;0;0;0;0;0;0;0;0;0;0;0;0;0;0;0;0;3;0;0;0;0;0;0;0;0;0;0;0;3;0;0;0;0;0;0;0;0;3;0;0;0;0;3;0;0;0;0;0;0;0;0;0;0;0;0;
2024;2025;60582301;2605800;1230100;2550;12626;39;38;3;3;0;0;0;34;0;21;13;0;5;5;0;0;0;12;0;0;0;0;0;0;0;0;3;3;0;3;3;0;3;3;0;3;3;27;0;0;0;0;0;0;0;0;3;0;3;3;3;3;3;3;4;5;7;0;3;9;27;3;0;39;0;0;0;0;0;0;0;0;0;0;0;0;
2024;2025;60252303;2602500;1230300;2551;12803;4;4;0;0;0;0;0;4;0;3;3;0;0;0;0;0;0;3;0;0;0;0;0;0;0;0;0;0;0;3;3;0;0;0;0;3;0;3;0;0;0;0;0;0;0;0;0;0;0;0;0;0;0;0;0;3;0;0;0;3;3;3;0;4;0;0;0;0;0;0;0;0;0;0;0;0;
2024;2025;60492310;2604900;1231000;2553;12502;15;15;0;0;0;0;0;15;4;8;3;0;0;0;0;0;0;7;0;0;0;0;0;0;0;0;0;0;0;0;3;0;0;0;4;3;3;8;0;0;0;0;0;0;0;0;0;0;0;3;0;0;3;3;3;0;3;0;0;3;12;3;0;15;0;0;0;0;0;0;0;0;0;0;0;0;
2024;2025;60962309;2609600;1230900;2554;15482;16;14;3;3;0;0;0;14;3;10;3;0;3;3;0;0;0;6;0;0;0;3;0;0;0;3;0;0;0;0;0;0;3;0;3;3;0;10;0;0;0;0;0;0;0;0;0;0;0;0;0;0;0;3;3;3;4;3;3;0;10;3;0;15;0;0;3;0;0;0;0;0;0;0;0;0;
2024;2025;60702311;2607000;1231100;2555;12879;11;10;3;3;0;0;0;11;3;3;5;0;0;0;0;0;0;3;0;0;0;0;0;0;0;0;0;0;3;0;3;0;0;0;0;0;0;9;0;0;0;0;0;0;0;0;0;3;0;3;0;0;0;3;3;3;3;0;3;3;5;3;0;11;0;0;0;0;0;0;0;0;0;0;0;0;
2024;2025;60112283;2601100;1228300;2556;13003;38;32;6;4;0;3;0;31;5;17;9;0;7;5;0;3;0;19;3;3;3;0;3;0;0;0;3;3;0;0;3;0;3;3;3;0;3;19;0;0;0;0;3;0;0;0;0;0;0;0;0;3;0;3;3;3;9;5;3;6;17;9;0;33;5;0;0;0;0;0;0;0;0;0;0;0;
2024;2025;63162398;2631600;1239800;2571;11789;6;3;3;3;3;3;0;5;0;3;3;0;3;0;0;3;0;3;0;0;0;0;0;3;0;3;0;0;0;0;3;0;0;0;0;0;0;3;0;0;0;3;0;0;0;0;0;0;0;0;0;0;0;0;0;3;3;0;3;3;3;0;0;6;0;0;0;0;0;0;0;0;0;0;0;0;
2024;2025;64112451;2641100;1245100;2572;11580;21;18;3;3;3;0;0;15;3;3;11;0;6;5;3;0;0;12;0;0;0;0;0;0;0;3;0;0;0;3;3;0;3;3;3;0;3;9;0;0;0;0;0;0;0;0;0;3;0;0;0;3;3;0;3;3;3;0;3;3;16;3;0;21;0;0;0;0;0;0;0;0;0;0;0;0;
2024;2025;63832443;2638300;1244300;2573;12199;56;30;26;15;3;8;0;38;3;11;24;3;18;10;3;6;3;29;0;3;3;0;3;3;0;4;3;0;3;0;3;5;3;0;3;0;3;27;0;0;3;3;0;0;0;3;3;3;3;3;3;4;0;3;3;4;4;0;11;6;29;9;3;56;0;0;0;0;0;3;0;0;3;0;0;0;1
2024;2025;64422474;2644200;1247400;2574;12309;3;3;3;3;0;0;0;3;0;0;3;0;3;3;0;0;0;3;0;0;0;0;0;3;0;3;0;0;0;0;3;0;0;0;0;0;0;0;0;0;0;0;0;0;0;0;0;0;0;0;0;0;0;0;0;0;0;0;3;0;3;0;0;3;0;0;0;0;0;3;3;0;0;0;0;0;1
2024;2025;63002361;2630000;1236100;2575;12092;15;14;3;3;0;0;0;13;3;4;8;0;3;3;0;0;0;6;0;0;0;0;0;0;3;0;0;0;0;0;3;0;3;3;3;0;0;9;0;0;0;0;0;0;0;0;0;3;0;0;0;0;0;3;0;3;4;0;0;3;9;4;0;15;0;0;0;0;0;0;0;0;0;0;0;0;
2024;2025;64222453;2642200;1245300;2576;13230;21;21;0;0;0;0;0;19;4;4;11;0;3;3;0;0;0;11;0;0;0;0;0;0;0;0;0;0;3;3;3;0;0;3;3;5;0;10;0;0;0;0;0;0;0;0;0;0;0;0;0;3;0;3;3;3;4;0;5;3;12;3;0;21;0;0;0;0;0;0;0;0;0;0;0;0;
2024;2025;62952406;2629500;1240600;2578;11936;24;22;3;0;3;0;0;20;0;5;15;0;4;3;3;0;0;11;0;0;0;0;0;3;0;3;3;0;3;3;0;3;0;3;0;3;0;13;0;0;0;0;0;3;0;0;0;3;0;0;3;0;3;0;3;3;5;3;4;3;15;3;0;22;3;0;0;0;0;0;0;0;0;0;0;0;
2024;2025;63052428;2630500;1242800;2579;12003;52;23;29;26;3;0;0;20;3;13;5;0;32;19;5;8;0;41;0;3;0;3;0;4;3;4;9;4;4;0;5;3;3;0;0;3;0;11;0;3;3;0;0;3;0;3;0;0;0;0;0;3;3;3;3;0;3;7;16;8;13;7;3;44;3;3;6;0;0;0;0;0;0;0;0;0;
2024;2025;63102415;2631000;1241500;2580;12651;25;24;3;3;0;0;0;21;3;10;9;0;4;4;0;0;0;8;0;0;0;0;0;0;0;0;0;3;0;0;3;3;0;3;3;3;3;17;0;0;0;0;0;0;0;0;0;0;0;0;3;3;3;0;5;5;4;0;3;3;19;3;0;25;0;0;0;0;0;0;0;0;0;0;0;0;
2024;2025;63472447;2634700;1244700;2581;12486;97;69;28;13;9;6;0;64;19;18;27;0;33;14;11;8;0;53;3;3;3;3;3;3;3;4;3;3;3;6;5;7;6;3;3;3;0;44;3;3;0;0;3;4;4;0;3;3;3;3;3;3;3;3;4;6;4;3;20;10;50;12;3;91;3;3;0;3;3;0;0;0;0;0;0;0;
2024;2025;63152435;2631500;1243500;2582;12905;3;3;3;0;3;0;0;3;0;3;3;0;3;0;3;0;0;3;0;0;3;0;0;0;0;0;0;0;0;0;0;0;0;0;0;0;0;3;0;0;0;0;0;0;0;3;0;0;0;0;3;0;0;0;0;0;0;0;0;3;3;0;0;3;0;0;0;0;0;0;0;0;0;0;0;0;
2024;2025;64282469;2642800;1246900;2583;12971;29;24;5;3;3;0;0;18;3;3;15;0;11;7;3;3;0;12;0;0;3;0;0;0;3;0;3;3;3;3;3;3;0;3;0;0;0;17;0;0;0;3;0;0;0;3;3;0;3;3;0;3;0;3;0;3;4;3;4;3;19;3;0;28;0;3;0;0;0;0;0;0;0;0;0;0;
2024;2025;63682447;2636800;1244700;2584;10578;7;7;0;0;0;0;0;6;0;4;3;0;3;3;0;0;0;3;0;0;0;0;0;0;0;0;0;0;0;0;3;3;0;0;0;0;0;5;0;0;0;0;0;3;0;0;0;0;0;0;0;0;0;0;3;0;3;0;3;0;5;0;0;7;0;0;0;0;0;0;0;0;0;0;0;0;
2024;2025;63952416;2639500;1241600;2585;10469;13;13;0;0;0;0;0;12;3;3;9;0;3;3;0;0;0;5;0;0;0;0;0;0;3;0;0;0;0;0;0;3;0;3;0;0;3;8;0;0;0;0;0;0;0;0;0;0;0;0;0;0;0;0;3;3;3;0;0;3;7;4;0;13;0;0;0;0;0;0;0;0;0;0;0;0;
2024;2025;63252439;2632500;1243900;2586;10472;31;29;3;3;3;0;0;27;0;16;11;0;4;3;3;0;0;13;0;3;0;0;0;0;3;0;0;3;0;3;3;3;3;0;3;0;3;18;3;0;3;0;0;0;3;0;0;0;0;3;3;3;0;0;4;3;3;3;4;4;17;5;0;30;0;0;0;0;3;3;3;0;0;0;0;0;1
2024;2025;60692288;2606900;1228800;2601;10384;146;125;21;15;3;4;0;122;43;22;57;0;24;15;5;4;0;63;0;0;3;3;4;3;3;5;8;0;7;5;6;3;0;4;6;3;6;83;3;3;0;3;3;0;3;3;3;3;3;3;3;3;6;7;13;21;18;3;17;15;97;15;3;144;3;0;0;0;3;3;3;0;0;0;0;0;1
2024;2025;60262479;2602600;1247900;2611;11690;16;15;3;0;0;3;0;15;8;3;5;0;3;0;0;3;0;7;0;0;0;0;0;0;3;3;0;3;0;0;3;0;3;3;3;0;0;9;0;0;0;0;0;0;0;0;0;0;0;3;0;0;0;3;3;3;4;0;0;3;4;11;0;16;0;0;0;0;0;0;0;0;0;0;0;0;
2024;2025;61122457;2611200;1245700;2612;11876;4;4;0;0;0;0;0;4;0;3;3;0;0;0;0;0;0;3;0;0;0;0;0;0;0;3;0;0;0;0;0;3;0;0;0;0;0;3;0;0;0;0;0;3;0;0;0;0;0;0;3;0;0;0;0;0;0;0;4;0;0;0;0;4;0;0;0;0;0;3;3;3;0;0;0;0;1
2024;2025;60792507;2607900;1250700;2613;11822;13;8;5;3;3;0;0;9;3;0;6;0;4;3;3;0;3;8;0;0;0;0;0;0;3;0;3;0;3;3;3;3;3;0;0;0;0;5;0;0;0;0;0;0;0;0;0;0;0;0;3;0;3;3;3;0;3;0;3;3;10;3;0;13;0;0;0;0;0;0;0;0;0;0;0;0;
2024;2025;60762489;2607600;1248900;2614;11511;29;25;4;3;0;3;0;22;3;6;14;0;7;5;0;3;0;12;0;0;0;3;0;3;0;0;3;0;3;3;0;0;3;0;3;3;0;17;0;0;0;3;3;3;0;0;3;0;0;3;0;0;0;0;0;4;5;0;4;5;16;4;0;29;0;0;0;0;0;0;0;0;0;0;0;0;
2024;2025;60782468;2607800;1246800;2615;12274;3;3;0;0;0;0;0;3;0;3;3;0;0;0;0;0;0;0;0;0;0;0;0;0;0;0;0;0;0;0;0;0;0;0;0;0;0;3;0;0;0;0;0;0;0;0;0;0;0;0;0;0;0;3;0;0;3;0;0;0;0;3;0;3;0;0;0;0;0;0;0;0;0;0;0;0;
2024;2025;61062495;2610600;1249500;2616;11988;4;4;0;0;0;0;0;4;0;0;4;0;0;0;0;0;0;3;0;0;0;0;3;0;0;0;0;0;0;3;3;0;0;0;0;0;0;3;0;0;0;0;0;0;0;0;0;0;0;0;0;0;0;0;3;0;0;0;3;3;3;0;0;4;0;0;0;0;0;0;0;0;0;0;0;0;
2024;2025;60482478;2604800;1247800;2617;12009;13;11;3;3;3;0;0;11;3;3;6;0;3;3;3;0;0;3;0;0;0;0;0;0;0;0;0;0;0;3;0;3;0;3;0;0;0;10;0;0;0;0;3;0;0;0;3;3;0;3;3;0;0;3;0;0;3;0;3;3;4;6;0;13;0;0;0;0;0;0;0;0;0;0;0;0;
2024;2025;61202523;2612000;1252300;2618;12154;9;9;0;0;0;0;0;6;0;3;4;0;3;3;0;3;0;3;0;0;0;0;0;0;0;3;0;0;0;0;0;0;0;0;0;3;0;7;0;0;0;0;0;3;0;0;0;0;0;0;0;0;3;0;3;3;0;0;3;3;4;3;0;9;0;0;0;0;0;0;0;0;0;0;0;0;
2024;2025;59842528;2598400;1252800;2619;12692;13;13;0;0;0;0;0;11;5;3;4;0;3;3;0;0;0;7;0;0;0;0;0;0;0;0;0;0;0;0;3;3;3;0;3;0;3;6;0;0;0;0;0;0;0;0;0;0;0;3;0;0;0;0;3;3;3;0;3;3;5;6;0;13;0;0;0;0;0;0;0;0;0;0;0;0;
2024;2025;61142486;2611400;1248600;2620;12385;6;6;0;0;0;0;0;6;3;3;3;0;0;0;0;0;0;3;0;0;0;0;0;0;0;0;0;0;0;3;0;0;0;3;0;0;0;4;0;0;0;0;0;0;0;0;0;0;0;0;0;0;3;0;3;3;0;0;0;0;3;4;0;6;0;0;0;0;0;0;0;0;0;0;0;0;
2024;2025;61362492;2613600;1249200;2621;12546;5;5;0;0;0;0;0;5;3;3;3;0;0;0;0;0;0;3;0;0;0;0;0;0;0;0;0;0;0;0;0;0;0;0;0;3;0;4;0;0;0;0;0;0;0;0;0;0;0;0;0;0;3;3;0;3;3;0;0;3;3;3;0;5;0;0;0;0;0;0;0;0;0;0;0;0;
2024;2025;61222489;2612200;1248900;2622;10324;11;7;4;0;0;4;0;9;3;3;5;0;3;0;0;3;0;3;0;0;0;0;0;0;0;0;0;3;0;0;0;0;0;0;0;3;0;9;0;0;0;3;0;0;0;0;0;3;0;0;0;0;0;3;3;3;3;0;0;3;8;3;0;11;0;0;0;0;0;0;0;0;0;0;0;0;
2024;2025;61132676;2611300;1267600;2701;11693;98;56;42;17;4;21;0;46;28;0;18;0;52;17;9;26;0;60;3;3;3;0;3;3;3;11;7;13;4;5;4;3;3;3;3;0;0;38;3;3;0;0;3;3;3;7;6;3;3;3;3;0;0;3;3;3;5;16;20;16;34;10;3;82;0;3;13;0;3;4;0;3;3;3;0;0;1
2024;2025;61712689;2617100;1268900;2702;11907;3;3;0;0;0;0;0;0;0;0;0;0;3;3;0;0;0;3;0;0;0;0;0;3;0;0;0;0;0;0;0;0;0;0;0;0;0;0;0;0;0;0;0;0;0;0;0;0;0;0;0;0;0;0;0;0;0;0;0;0;3;0;0;3;0;0;0;0;0;0;0;0;0;0;0;0;
2024;2025;61532695;2615300;1269500;2703;12895;11;6;5;3;3;3;0;8;0;3;5;0;3;3;3;0;0;6;0;0;3;0;0;3;0;0;3;0;3;0;0;0;0;0;0;0;0;5;3;0;0;3;0;0;0;0;0;3;3;0;0;0;0;0;0;0;0;3;6;0;3;3;0;11;0;0;0;0;0;0;0;0;0;0;0;0;
2024;2025;61192575;2611900;1257500;2761;13824;43;33;10;5;4;3;0;35;3;6;28;0;8;7;3;0;0;20;3;0;0;0;3;3;3;3;0;0;0;3;3;3;3;3;3;3;3;23;3;0;0;0;3;0;3;3;0;0;0;3;0;3;0;3;4;5;4;3;5;3;29;4;0;40;3;3;0;0;0;0;0;0;0;0;0;0;
2024;2025;60732667;2607300;1266700;2762;13825;107;91;16;10;3;4;0;86;3;9;74;0;21;14;3;4;0;52;0;0;3;3;3;0;3;3;4;0;6;6;5;4;3;3;3;5;4;55;0;0;3;3;0;3;3;0;0;3;0;4;3;3;3;8;5;11;12;3;11;3;79;13;0;106;0;3;0;0;0;0;0;0;0;0;0;0;
2024;2025;61372604;2613700;1260400;2763;13826;82;73;9;4;3;4;0;66;3;7;57;0;16;9;0;6;3;32;3;0;0;0;4;3;0;3;3;3;3;3;3;3;3;3;3;5;4;50;0;0;0;4;3;0;3;0;3;4;0;3;3;3;3;3;10;8;11;0;6;6;59;10;3;81;0;0;0;3;0;0;0;0;0;0;0;0;
2024;2025;60672618;2606700;1261800;2764;13827;22;17;5;3;0;4;0;16;0;3;13;0;6;3;0;4;0;12;0;0;0;0;0;3;0;0;3;3;0;0;0;0;3;3;3;3;3;10;0;0;0;0;0;0;0;0;0;0;3;0;0;0;0;0;3;4;3;0;6;3;13;0;0;22;0;0;0;0;0;0;0;0;0;0;0;0;
2024;2025;61002652;2610000;1265200;2765;13828;105;88;17;7;4;6;0;73;5;5;63;0;32;19;4;9;0;48;0;0;0;3;4;3;0;3;3;3;6;6;5;4;3;3;3;4;5;57;0;0;0;3;3;3;3;0;4;3;3;3;3;3;3;4;5;10;14;3;9;8;74;13;0;104;3;0;0;0;0;0;0;0;0;0;0;0;
2024;2025;61392669;2613900;1266900;2766;13829;68;50;18;9;5;4;0;52;3;7;44;0;16;10;3;3;0;34;3;0;3;3;3;0;4;0;0;6;3;3;3;5;3;0;3;3;3;34;0;0;0;3;0;3;3;3;3;3;3;3;3;3;0;3;3;9;5;3;3;3;51;11;0;66;0;3;0;3;0;0;0;0;0;0;0;0;
2024;2025;61012636;2610100;1263600;2767;13830;59;55;4;4;0;0;0;49;0;6;43;0;10;9;0;3;0;19;0;0;0;0;0;3;0;0;3;0;0;0;3;3;3;3;3;3;4;40;0;0;0;0;0;0;0;0;0;0;0;0;3;0;5;3;7;7;17;0;3;3;53;3;0;59;0;0;0;0;0;0;0;0;0;0;0;0;
2024;2025;60802589;2608000;1258900;2768;13831;53;49;4;3;0;3;0;40;4;4;32;0;13;11;0;3;0;26;0;0;3;0;3;0;3;3;0;0;3;3;3;0;0;4;0;7;5;27;0;0;0;0;3;3;0;0;0;0;0;0;0;0;3;3;4;8;10;3;3;3;40;6;0;52;0;3;0;0;0;3;3;0;0;0;0;0;1
2024;2025;61342625;2613400;1262500;2769;13832;74;60;14;8;4;3;0;50;0;7;43;0;24;12;6;5;3;36;0;0;0;3;3;4;3;3;4;4;3;4;3;3;3;0;0;3;4;38;3;0;0;3;3;3;3;0;3;0;3;3;3;3;4;3;5;8;5;8;8;5;46;7;0;66;5;3;0;0;0;0;0;0;0;0;0;0;
2024;2025;61512643;2615100;1264300;2770;13833;112;95;17;9;3;5;0;81;3;13;66;0;31;21;5;4;3;52;3;3;0;0;3;3;3;3;3;4;4;7;3;3;4;5;6;3;3;60;0;0;0;3;3;0;3;0;3;0;3;3;3;4;3;3;10;13;18;4;16;5;75;12;0;108;0;3;3;0;3;0;0;0;0;0;0;0;
2024;2025;60892626;2608900;1262600;2771;13834;29;21;8;3;3;4;0;19;0;3;18;0;10;5;3;4;0;15;0;0;0;0;3;0;3;3;3;0;0;4;0;0;0;3;3;3;3;14;0;0;0;0;3;3;0;0;0;0;0;3;0;3;0;0;3;3;4;0;4;6;18;3;0;29;0;0;0;0;0;0;0;0;0;0;0;0;
2024;2025;61132565;2611300;1256500;2772;13835;12;10;3;3;3;0;0;10;3;3;6;0;3;3;3;0;0;3;0;0;0;0;0;0;0;0;0;0;0;0;3;0;0;0;0;0;0;11;0;0;0;0;0;0;0;0;0;0;0;0;3;3;0;3;3;3;4;0;3;0;11;0;0;12;0;0;0;0;0;0;0;0;0;0;0;0;
2024;2025;61142603;2611400;1260300;2773;13836;171;148;23;12;4;7;0;131;3;18;111;0;40;26;3;11;0;74;0;0;0;4;5;4;3;4;5;4;3;5;4;3;3;7;6;5;14;97;0;0;3;3;3;4;3;3;3;0;3;3;7;4;5;9;12;24;21;3;13;3;139;13;0;168;3;3;0;0;0;0;0;0;0;0;0;0;
2024;2025;60472652;2604700;1265200;2774;13837;16;15;3;0;0;0;3;12;3;3;8;0;4;3;0;3;0;5;0;0;0;3;0;0;0;0;0;0;0;0;0;0;0;0;0;0;4;11;0;0;0;0;0;0;0;0;0;0;0;0;0;0;0;0;3;5;5;0;3;0;11;4;0;16;0;0;0;0;0;0;0;0;0;0;0;0;
2024;2025;60872609;2608700;1260900;2775;13838;67;57;10;5;0;5;0;50;3;4;45;0;17;10;3;6;0;25;3;0;3;3;3;3;0;0;3;0;3;0;3;3;3;3;3;4;3;42;0;0;3;3;0;3;0;3;3;3;0;3;0;0;3;3;8;12;9;3;3;9;48;5;0;65;0;3;0;0;3;0;0;0;0;0;0;0;
2024;2025;60612555;2606100;1255500;2781;13839;6;5;3;0;0;3;0;4;3;3;3;0;3;3;0;3;0;3;0;0;0;3;0;0;0;0;0;0;0;0;0;0;0;0;0;3;0;4;0;0;0;0;0;0;0;0;0;0;0;0;0;0;0;0;3;3;3;0;3;0;4;3;0;6;0;0;0;0;0;0;0;0;0;0;0;0;
2024;2025;60792519;2607900;1251900;2782;13840;7;6;3;0;0;3;0;6;3;0;5;0;3;0;0;3;0;3;0;0;0;0;0;0;0;0;0;0;0;0;0;0;0;3;0;0;3;5;0;0;0;0;3;0;0;0;0;0;0;0;0;0;0;0;3;3;3;3;3;0;5;0;0;6;0;0;3;0;0;0;0;0;0;0;0;0;
2024;2025;60022563;2600200;1256300;2783;13841;3;3;3;0;0;3;0;3;0;0;3;0;3;0;0;3;0;3;0;0;0;0;3;0;0;0;0;0;0;0;0;0;0;0;0;0;0;3;0;0;0;0;0;0;0;0;0;0;3;0;0;0;0;0;0;0;0;0;3;0;3;0;0;3;0;0;0;0;0;0;0;0;0;0;0;0;
2024;2025;60452544;2604500;1254400;2784;13842;7;7;0;0;0;0;0;6;3;0;5;0;3;0;0;3;0;3;0;0;0;0;0;0;0;0;0;0;0;0;3;0;0;0;0;0;3;5;0;0;0;0;0;3;0;0;0;0;0;0;0;0;0;0;3;0;3;3;0;0;5;3;0;6;0;0;3;0;0;0;0;0;0;0;0;0;
2024;2025;61252558;2612500;1255800;2785;13843;11;11;0;0;0;0;0;8;3;0;7;0;3;3;0;0;0;3;0;0;0;0;0;0;0;0;0;0;0;0;0;0;0;3;3;3;0;8;0;0;0;0;0;0;0;0;0;0;0;0;0;0;3;0;3;3;3;0;0;0;11;0;0;11;0;0;0;0;0;0;0;0;0;0;0;0;
2024;2025;61132546;2611300;1254600;2786;13844;24;19;5;3;3;3;0;20;3;5;13;0;4;3;3;3;0;15;0;0;0;0;3;3;0;0;3;3;3;4;3;0;0;0;0;3;3;9;0;0;0;0;0;0;0;0;0;3;0;0;0;0;3;3;0;3;0;0;4;3;13;5;0;24;0;0;0;0;0;0;0;0;0;0;0;0;
2024;2025;60472522;2604700;1252200;2787;13845;37;31;6;3;3;3;0;30;8;7;15;0;7;3;3;3;0;20;0;0;0;0;4;3;3;3;0;3;4;3;3;0;0;0;3;0;0;17;0;0;0;0;3;0;3;0;0;0;3;3;3;3;0;3;0;5;3;0;11;6;17;3;0;37;0;0;0;0;0;0;0;0;0;0;0;0;
2024;2025;59932503;2599300;1250300;2788;13846;16;13;3;0;0;3;0;12;3;3;7;0;4;4;0;0;0;8;0;0;3;3;0;3;0;0;0;0;0;0;0;0;0;0;3;3;3;8;0;0;0;0;0;0;0;3;3;0;0;0;0;0;0;0;3;3;3;0;3;3;10;4;0;16;0;0;0;0;0;0;0;0;0;0;0;0;
2024;2025;59262537;2592600;1253700;2790;13848;3;3;0;0;0;0;0;3;3;3;0;0;0;0;0;0;0;3;0;0;0;0;0;0;0;0;0;0;3;0;0;0;3;0;0;0;0;0;0;0;0;0;0;0;0;0;0;0;0;0;0;0;0;0;0;0;0;0;0;0;3;3;0;3;0;0;0;0;0;0;0;0;0;0;0;0;
2024;2025;60282526;2602800;1252600;2791;13849;16;13;3;3;0;3;0;13;4;4;5;0;3;3;0;3;0;8;0;0;0;0;3;0;0;3;0;0;0;3;0;0;0;3;3;0;3;8;0;0;0;0;0;0;0;0;0;0;0;3;3;0;3;3;3;0;3;3;3;3;9;3;0;15;0;3;0;0;0;0;0;0;0;0;0;0;
2024;2025;60582500;2605800;1250000;2792;13850;25;17;8;3;7;0;0;17;3;5;9;0;8;3;7;0;0;12;0;3;3;0;0;0;0;0;3;0;3;0;0;4;3;0;3;0;0;13;0;3;3;0;0;0;0;3;0;0;0;3;0;0;3;3;3;0;4;0;8;3;15;3;0;25;0;0;0;0;0;0;0;0;0;0;0;0;
2024;2025;60692539;2606900;1253900;2793;13851;25;20;5;4;3;0;0;19;8;3;8;0;6;6;0;0;0;11;0;0;3;0;0;0;0;0;3;0;3;0;0;3;0;3;0;3;3;14;0;0;0;0;0;0;0;3;0;0;3;0;3;3;0;0;3;5;3;3;3;3;16;3;0;23;3;0;0;0;0;0;0;0;0;0;0;0;
2024;2025;62462623;2624600;1262300;2821;13766;11;10;3;0;3;0;0;9;0;3;6;0;3;3;3;0;0;5;0;0;0;0;3;0;0;0;0;0;0;0;0;0;3;3;0;0;3;6;0;0;0;0;0;0;0;0;0;0;3;0;0;3;0;0;3;3;3;3;0;0;8;3;0;10;0;0;0;0;3;0;0;0;0;0;0;0;
2024;2025;62102650;2621000;1265000;2822;13767;17;16;3;3;0;0;0;14;0;4;10;0;3;3;0;0;0;9;0;0;0;0;0;0;0;0;0;3;3;3;3;0;0;3;3;3;3;8;0;0;0;0;0;0;0;0;0;0;0;0;0;0;3;3;3;3;3;0;3;3;10;3;0;17;0;0;0;0;0;0;0;0;0;0;0;0;
2024;2025;62252553;2622500;1255300;2823;13768;41;39;3;3;0;3;0;34;6;7;21;0;7;5;0;3;0;17;0;0;0;3;0;0;0;3;0;3;3;0;3;4;0;3;3;4;3;24;0;0;0;0;0;0;0;0;0;0;0;3;3;3;3;3;6;4;8;0;6;3;25;8;0;41;0;0;0;0;0;0;0;0;0;0;0;0;
2024;2025;62092614;2620900;1261400;2824;13769;52;46;6;3;3;0;0;39;5;14;20;0;13;8;3;3;0;19;0;0;0;0;3;3;0;0;3;0;0;0;4;0;0;3;3;4;3;33;0;0;0;0;0;0;3;0;0;3;0;3;0;3;3;5;3;5;12;0;3;3;42;5;0;52;0;0;0;0;0;0;0;0;0;0;0;0;
2024;2025;62192617;2621900;1261700;2825;13770;35;28;7;3;3;3;0;28;0;14;14;0;7;5;3;0;0;18;0;0;0;0;0;3;3;0;3;3;3;3;3;3;3;3;0;0;3;17;0;0;0;3;3;0;0;3;0;3;0;3;0;0;3;4;3;3;3;0;4;5;23;3;0;35;0;0;0;0;0;0;0;0;0;0;0;0;
2024;2025;62312636;2623100;1263600;2826;13771;5;3;3;0;0;3;0;3;0;0;3;0;3;0;0;3;0;3;0;0;0;3;3;0;0;0;0;0;0;0;0;0;0;0;0;3;0;3;0;0;0;0;3;0;0;0;0;0;0;0;0;0;0;0;0;3;0;0;3;3;3;0;0;5;0;0;0;0;0;0;0;0;0;0;0;0;
2024;2025;62602602;2626000;1260200;2827;13772;3;3;0;0;0;0;0;3;0;0;3;0;0;0;0;0;0;0;0;0;0;0;0;0;0;0;0;0;0;0;0;0;0;0;0;0;0;3;0;0;0;0;0;0;0;0;0;0;0;0;0;0;0;0;3;0;0;0;0;0;3;0;0;3;0;0;0;0;0;0;0;0;0;0;0;0;
2024;2025;62422580;2624200;1258000;2828;13773;57;48;9;3;5;3;0;44;6;12;26;0;13;8;3;3;3;25;0;0;0;0;0;3;3;3;3;3;0;3;3;3;3;6;3;3;4;32;0;0;0;0;3;0;3;0;0;0;0;0;3;3;5;4;3;5;9;0;8;8;37;4;0;57;0;0;0;0;0;0;0;0;0;0;0;0;
2024;2025;62232594;2622300;1259400;2829;13774;122;104;18;11;3;4;0;93;34;11;48;0;29;17;4;8;0;70;0;0;0;3;3;3;6;7;3;5;14;4;7;3;3;7;3;3;3;52;0;0;0;0;3;0;3;3;0;0;3;3;3;4;4;3;7;13;12;3;14;22;68;16;0;121;3;0;0;0;0;3;3;0;0;0;0;0;1
2024;2025;61932551;2619300;1255100;2830;13775;15;13;3;0;0;3;0;9;0;5;4;0;6;3;0;3;0;8;0;0;0;3;0;0;3;3;0;0;0;0;0;0;3;0;3;3;3;7;0;0;0;0;0;0;0;0;0;0;0;0;0;0;0;3;3;4;3;0;3;3;9;3;0;15;0;0;0;0;0;0;0;0;0;0;0;0;
2024;2025;61932634;2619300;1263400;2831;13776;108;62;46;17;20;9;0;64;3;23;40;0;44;25;10;8;3;47;3;3;0;4;3;3;6;3;4;3;4;6;3;0;3;3;3;3;3;61;3;3;0;3;3;3;3;5;3;3;7;3;4;3;3;3;8;5;6;3;23;11;62;10;0;107;0;0;3;0;0;0;0;0;0;0;0;0;
2024;2025;62452554;2624500;1255400;2832;13777;9;9;0;0;0;0;0;7;0;3;6;0;3;3;0;0;0;4;0;0;0;0;0;0;0;0;0;0;0;0;0;0;0;0;0;3;3;5;0;0;0;0;0;0;0;0;0;0;0;0;0;0;3;3;0;3;0;0;0;3;7;0;0;9;0;0;0;0;0;0;0;0;0;0;0;0;
2024;2025;62102566;2621000;1256600;2833;13778;13;11;3;3;0;3;0;8;0;3;5;0;5;4;0;3;0;5;0;0;0;3;0;0;0;0;0;0;0;0;3;0;0;0;3;0;3;8;0;0;0;0;0;0;0;0;0;0;0;0;0;0;3;0;3;3;3;0;3;3;8;3;0;13;0;0;0;0;0;0;0;0;0;0;0;0;
2024;2025;62032534;2620300;1253400;2834;13779;6;6;0;0;0;0;0;5;3;3;3;0;3;3;0;0;0;3;0;0;0;0;0;0;0;0;3;0;0;0;0;0;0;0;3;0;0;4;0;0;0;0;0;0;0;0;0;0;0;0;0;0;3;0;0;0;3;0;3;0;4;3;0;6;0;0;0;0;0;0;0;0;0;0;0;0;
2024;2025;63792557;2637900;1255700;2841;13780;4;3;3;0;0;3;0;3;0;3;3;0;3;0;0;3;0;3;0;0;0;3;0;0;0;0;0;0;0;0;0;0;0;3;0;0;3;3;0;0;0;0;0;0;0;0;0;0;0;0;0;0;0;0;3;0;0;0;3;0;3;0;0;4;0;0;0;0;0;0;0;0;0;0;0;0;
2024;2025;62992570;2629900;1257000;2842;13781;3;3;3;0;3;0;0;3;3;0;3;0;3;0;3;0;0;3;0;0;0;0;0;0;0;0;0;0;0;0;0;3;0;0;0;0;3;3;0;0;0;0;0;0;0;0;0;0;0;0;0;0;0;0;3;0;0;0;3;0;3;3;0;3;0;0;0;0;0;0;0;0;0;0;0;0;
2024;2025;63072511;2630700;1251100;2843;13782;14;13;3;3;0;0;0;12;3;4;6;0;3;0;3;0;0;7;0;0;0;0;0;0;0;0;0;0;3;3;3;3;3;0;0;0;0;7;0;0;0;0;0;0;0;0;0;0;0;0;0;0;0;3;0;3;5;0;4;3;8;0;0;14;0;0;0;0;0;0;0;0;0;0;0;0;
2024;2025;63212617;2632100;1261700;2844;13783;10;10;0;0;0;0;0;10;5;3;3;0;0;0;0;0;0;3;0;0;0;0;0;0;0;0;0;0;3;0;0;0;0;0;0;0;3;8;0;0;0;0;0;0;0;0;0;0;0;0;3;0;3;0;3;3;3;0;0;0;4;6;0;10;0;0;0;0;0;0;0;0;0;0;0;0;
2024;2025;63012551;2630100;1255100;2845;13784;3;3;0;0;0;0;0;3;0;3;3;0;0;0;0;0;0;3;0;0;0;0;0;0;0;0;0;0;0;0;0;0;0;0;0;0;3;3;0;0;0;0;0;0;0;0;0;0;0;0;0;0;0;0;3;3;0;0;0;3;3;0;0;3;0;0;0;0;0;0;0;0;0;0;0;0;
2024;2025;63142571;2631400;1257100;2846;13785;44;41;3;3;3;3;0;39;3;13;24;0;5;4;0;3;0;21;3;0;0;0;3;3;3;3;3;0;0;3;3;3;3;3;3;3;3;23;0;3;0;0;0;0;0;0;0;3;0;0;0;3;3;3;3;5;6;3;7;3;26;7;0;42;0;3;0;3;0;0;0;0;0;0;0;0;
2024;2025;63232516;2632300;1251600;2847;13786;5;3;3;3;0;3;0;3;0;0;3;0;3;3;0;3;0;3;0;0;0;3;0;0;0;0;0;0;0;0;3;0;0;0;0;3;0;3;0;0;0;0;0;0;0;0;0;0;0;0;0;0;0;0;3;0;3;0;0;3;3;0;0;5;0;0;0;0;0;0;0;0;0;0;0;0;
2024;2025;63422598;2634200;1259800;2848;13787;3;3;3;3;0;0;0;3;0;3;0;0;3;3;0;0;0;3;0;0;0;0;0;0;0;0;0;0;0;0;0;0;0;0;3;0;0;3;0;0;0;0;3;0;0;0;0;0;0;0;0;0;0;0;0;0;0;0;0;0;3;3;0;3;0;0;0;0;0;0;0;0;0;0;0;0;
2024;2025;62612574;2626100;1257400;2849;13788;22;19;3;3;0;3;0;15;0;7;8;0;7;5;0;3;3;10;0;0;3;3;0;0;3;0;0;0;0;0;3;0;3;0;3;3;3;12;0;0;0;3;0;0;0;3;0;0;3;0;0;0;3;0;3;3;3;0;3;0;16;3;0;22;0;0;0;0;0;0;0;0;0;0;0;0;
2024;2025;63002513;2630000;1251300;2850;13789;13;12;3;0;0;3;0;12;4;5;3;0;3;0;0;3;0;8;0;0;0;3;0;0;3;0;0;0;0;3;0;3;0;0;3;0;3;5;0;0;0;0;0;0;0;0;0;0;0;0;3;0;0;3;3;0;3;3;0;0;10;3;0;12;0;0;3;0;0;0;0;0;0;0;0;0;
2024;2025;63472529;2634700;1252900;2851;13790;3;3;0;0;0;0;0;3;0;0;3;0;0;0;0;0;0;3;0;0;0;0;0;0;0;0;0;0;0;0;0;0;0;3;0;0;0;3;0;0;0;0;0;0;0;0;0;0;0;0;0;0;0;3;0;0;3;0;0;0;3;0;0;3;0;0;0;0;0;0;0;0;0;0;0;0;
2024;2025;63162495;2631600;1249500;2852;13791;3;3;0;0;0;0;0;3;3;3;3;0;0;0;0;0;0;0;0;0;0;0;0;0;0;0;0;0;0;0;0;0;0;0;0;0;0;3;0;0;0;0;0;0;0;0;0;0;0;0;3;0;0;0;0;3;3;0;0;0;3;0;0;3;0;0;0;0;0;0;0;0;0;0;0;0;
2024;2025;63072638;2630700;1263800;2853;13792;11;9;3;3;3;0;0;9;3;3;6;0;3;3;3;0;0;3;0;0;0;0;0;0;3;0;0;0;0;0;0;0;3;0;0;0;0;9;0;0;0;0;0;0;3;0;0;0;3;3;3;0;0;0;0;3;3;0;3;0;6;4;0;11;0;0;0;0;0;3;0;3;0;0;0;0;1
2024;2025;62762601;2627600;1260100;2854;13793;4;3;3;0;3;3;0;3;0;3;3;0;3;0;3;3;0;4;0;0;0;3;3;0;0;0;0;0;0;0;3;0;0;0;0;3;0;0;0;0;0;0;0;0;0;0;0;0;0;0;0;0;0;0;0;0;0;0;3;0;3;3;0;4;0;0;0;0;0;0;0;0;0;0;0;0;
2024;2025;63742536;2637400;1253600;2855;13794;4;4;0;0;0;0;0;3;0;0;3;0;3;0;0;3;0;3;3;0;0;0;0;0;0;3;0;0;0;0;0;0;0;0;0;0;0;3;0;0;0;0;0;0;0;0;0;0;0;3;0;3;0;0;0;0;0;0;0;0;3;3;0;4;0;0;0;0;0;0;0;0;0;0;0;0;
2024;2025;63302577;2633000;1257700;2856;13795;12;12;0;0;0;0;0;11;3;3;8;0;3;3;0;0;0;3;0;0;0;0;0;3;0;0;0;0;0;3;0;0;0;3;0;0;0;9;0;0;0;0;0;0;0;0;0;0;3;3;3;3;0;0;3;3;3;0;3;3;8;3;0;12;0;0;0;0;0;0;0;0;0;0;0;0;
2024;2025;63112594;2631100;1259400;2857;13796;4;4;0;0;0;0;0;3;3;0;3;0;3;0;0;3;0;0;0;0;0;0;0;0;0;0;0;0;0;0;0;0;0;0;0;0;0;4;0;0;0;0;0;0;0;0;0;3;0;0;0;0;0;0;0;3;3;0;0;3;3;3;0;4;0;0;0;0;0;0;0;0;0;0;0;0;
2024;2025;63592567;2635900;1256700;2858;13797;6;6;0;0;0;0;0;6;0;5;3;0;0;0;0;0;0;3;0;0;0;0;0;0;0;0;0;0;0;0;3;0;3;0;0;0;0;4;0;0;0;0;0;0;0;0;0;0;0;0;0;0;0;0;0;3;3;0;0;0;5;3;0;6;0;0;0;0;0;0;0;0;0;0;0;0;
2024;2025;63092526;2630900;1252600;2859;13798;5;3;3;3;0;3;0;4;0;3;3;0;3;0;0;3;0;3;0;0;0;3;0;0;0;0;0;3;0;0;0;0;0;0;0;0;0;3;0;0;0;0;0;0;0;0;0;0;0;0;0;3;0;0;3;0;3;0;3;0;4;0;0;5;0;0;0;0;0;0;0;0;0;0;0;0;
2024;2025;63362536;2633600;1253600;2860;13799;9;9;0;0;0;0;0;7;0;5;3;0;3;3;0;0;0;3;0;0;0;0;0;0;0;0;0;0;0;0;0;0;0;0;0;0;3;7;0;0;0;0;3;0;0;0;0;3;0;0;0;0;0;3;0;3;3;0;3;0;7;3;0;9;0;0;0;0;0;0;0;0;0;0;0;0;
2024;2025;62812569;2628100;1256900;2861;13800;38;34;4;3;3;3;0;31;4;17;10;0;7;5;3;3;0;14;0;0;0;3;0;0;0;0;3;0;0;3;0;3;0;4;3;3;3;24;0;0;0;3;0;0;0;3;0;0;3;3;0;3;3;3;4;3;5;0;4;3;25;6;0;38;0;0;0;0;0;0;0;0;0;0;0;0;
2024;2025;63352556;2633500;1255600;2862;13801;6;4;3;0;3;3;0;4;3;0;3;0;3;0;3;3;0;4;0;0;3;0;0;0;0;0;0;0;3;0;0;3;0;0;0;3;0;3;0;0;0;0;3;0;0;0;0;0;0;0;0;0;0;0;0;3;0;0;3;0;5;0;0;6;0;0;0;0;0;0;0;0;0;0;0;0;
2024;2025;62822540;2628200;1254000;2863;13802;4;4;0;0;0;0;0;3;0;3;3;0;3;3;0;0;0;3;0;0;0;0;0;0;0;0;0;0;0;0;0;0;0;0;3;0;0;3;0;0;0;0;0;0;0;0;0;0;0;0;0;0;0;0;3;3;3;0;0;0;4;0;0;4;0;0;0;0;0;0;0;0;0;0;0;0;
2024;2025;62952561;2629500;1256100;2864;13803;7;5;3;3;0;3;0;5;0;3;3;0;3;3;0;3;0;5;0;0;0;0;0;0;0;3;0;0;0;0;0;0;0;3;0;3;3;3;0;0;0;0;0;0;0;0;0;0;0;0;0;0;0;3;3;0;0;0;3;3;5;0;0;7;0;0;0;0;0;0;0;0;0;0;0;0;
2024;2025;63562544;2635600;1254400;2865;13804;8;7;3;3;0;0;0;7;0;4;3;0;3;3;0;0;0;3;0;0;0;0;0;0;0;0;0;0;0;0;3;0;0;0;0;0;0;7;0;0;0;0;0;0;0;0;0;0;0;0;3;0;0;0;0;3;4;0;0;0;7;3;0;8;0;0;0;0;0;0;0;0;0;0;0;0;
2024;2025;62912604;2629100;1260400;2866;13805;4;4;0;0;0;0;0;3;3;0;0;0;3;3;0;0;0;3;0;0;0;0;0;0;0;0;0;0;0;0;0;0;0;0;3;0;3;3;0;0;0;0;0;0;0;0;0;0;0;0;0;0;0;0;0;3;0;0;0;0;3;3;0;4;0;0;0;0;0;0;0;0;0;0;0;0;
2024;2025;63042529;2630400;1252900;2867;13806;6;5;3;0;0;3;0;5;3;4;0;0;3;0;0;3;0;3;0;0;0;3;0;0;0;0;0;0;0;0;0;0;0;0;3;3;0;3;0;0;0;0;0;0;0;0;0;0;0;0;0;0;0;3;3;3;0;0;3;3;3;3;0;6;0;0;0;0;0;0;0;0;0;0;0;0;
2024;2025;63522519;2635200;1251900;2868;13807;5;5;0;0;0;0;0;5;0;5;0;0;0;0;0;0;0;3;0;0;0;0;0;0;0;0;0;0;0;0;3;0;0;0;0;0;3;3;0;0;0;0;0;0;0;0;0;0;0;0;0;0;0;0;0;3;3;0;0;3;3;3;0;5;0;0;0;0;0;0;0;0;0;0;0;0;
2024;2025;62782554;2627800;1255400;2869;13808;37;34;3;3;0;3;0;29;0;15;14;0;8;6;0;3;0;12;0;0;0;3;0;0;3;0;0;3;0;0;3;0;3;3;4;3;3;25;3;0;0;3;0;0;3;0;0;0;0;0;0;0;3;3;4;6;9;3;3;3;31;3;0;36;3;0;0;0;0;0;0;0;0;0;0;0;
2024;2025;62102518;2621000;1251800;2881;13809;10;8;3;0;0;3;0;6;3;4;0;0;4;3;0;3;0;6;0;0;0;3;0;3;0;3;0;0;0;0;0;0;0;0;3;3;0;4;0;0;0;0;0;0;0;0;0;0;0;0;0;0;0;0;3;3;3;0;3;3;5;3;0;10;0;0;0;0;0;0;0;0;0;0;0;0;
2024;2025;62582503;2625800;1250300;2882;13810;5;5;0;0;0;0;0;5;3;3;3;0;0;0;0;0;0;3;0;0;0;0;0;0;0;0;0;0;0;0;0;0;3;0;0;0;0;4;0;0;0;0;0;0;0;0;0;0;0;0;0;0;0;0;3;0;3;0;0;0;3;3;0;5;0;0;0;0;0;0;0;0;0;0;0;0;
2024;2025;61612497;2616100;1249700;2883;13811;7;5;3;0;0;3;0;5;3;3;3;0;3;0;0;3;0;4;0;0;0;3;0;0;0;0;0;0;0;3;0;0;0;0;0;3;0;3;0;0;0;0;0;0;0;0;0;0;0;0;0;0;0;0;3;0;3;0;3;3;3;3;0;7;0;0;0;0;0;0;0;0;0;0;0;0;
2024;2025;62812515;2628100;1251500;2884;13812;13;12;3;0;0;3;0;11;4;0;7;0;3;3;0;3;0;3;0;0;0;0;0;0;0;0;0;0;0;0;0;0;3;0;3;0;3;10;0;0;0;3;0;0;0;0;0;0;0;0;3;0;0;3;0;3;3;3;0;0;10;3;0;12;0;0;3;0;0;0;0;0;0;0;0;0;
2024;2025;62882484;2628800;1248400;2885;13813;6;5;3;0;0;3;0;4;3;3;3;0;3;3;0;3;0;4;0;0;0;3;0;0;0;0;0;0;0;3;0;0;0;0;3;3;0;3;0;0;0;0;0;0;0;0;3;0;0;0;0;0;0;0;0;0;3;0;3;0;3;3;0;6;0;0;0;0;0;0;0;0;0;0;0;0;
2024;2025;62502527;2625000;1252700;2886;13814;24;23;3;3;0;0;0;20;3;6;13;0;4;3;3;3;0;4;0;0;0;0;0;0;0;3;0;0;0;3;0;0;0;0;0;3;3;20;0;0;0;0;0;0;0;0;0;3;0;0;0;0;0;3;3;4;9;0;0;3;21;3;0;24;0;0;0;0;0;0;0;0;0;0;0;0;
2024;2025;62422528;2624200;1252800;2887;13815;11;11;0;0;0;0;0;11;3;6;3;0;0;0;0;0;0;3;0;0;0;0;0;0;0;0;0;0;3;0;0;0;0;0;0;3;0;8;0;0;0;0;0;0;0;0;0;0;0;0;0;0;3;0;3;3;3;0;0;3;5;5;0;11;0;0;0;0;0;0;0;0;0;0;0;0;
2024;2025;62482443;2624800;1244300;2888;13816;8;8;0;0;0;0;0;8;0;4;4;0;0;0;0;0;0;4;0;0;0;0;3;0;0;0;0;0;0;3;3;0;0;3;0;0;0;4;0;0;0;0;0;0;0;0;0;0;0;0;0;0;0;3;3;3;3;0;0;0;6;3;0;8;0;0;0;0;0;0;0;0;0;0;0;0;
2024;2025;61792488;2617900;1248800;2889;13817;4;4;0;0;0;0;0;4;3;0;3;0;0;0;0;0;0;3;0;0;0;0;0;0;0;0;0;0;0;0;0;0;0;3;0;0;3;3;0;0;0;0;0;0;0;0;0;0;0;0;0;0;0;0;0;3;3;0;0;0;3;3;0;4;0;0;0;0;0;0;0;0;0;0;0;0;
2024;2025;62362507;2623600;1250700;2891;13819;17;13;4;0;0;4;0;11;3;5;5;0;6;0;3;5;0;8;0;0;0;0;0;3;3;0;0;3;3;0;0;3;0;0;0;0;3;9;0;0;0;0;0;0;0;0;0;0;0;0;3;3;0;3;0;3;3;0;3;3;12;3;0;17;0;0;0;0;0;0;0;0;0;0;0;0;
2024;2025;62352492;2623500;1249200;2892;13820;34;28;6;4;0;3;0;25;5;10;10;0;9;6;3;3;0;13;3;0;0;0;0;3;0;0;3;3;0;3;0;3;3;3;0;3;3;21;0;0;0;3;0;0;0;0;0;3;3;3;0;3;0;3;3;8;5;0;3;6;20;6;0;34;0;0;0;0;0;0;0;0;0;0;0;0;
2024;2025;61912496;2619100;1249600;2893;13821;3;3;0;0;0;0;0;3;0;3;0;0;0;0;0;0;0;3;0;0;0;0;0;0;0;0;0;0;0;0;0;3;0;0;0;0;0;0;0;0;0;0;0;0;0;0;0;0;0;0;0;0;0;0;0;0;0;0;0;0;3;0;0;3;0;0;0;0;0;0;0;0;0;0;0;0;
2024;2025;62102502;2621000;1250200;2894;13822;3;3;0;0;0;0;0;3;3;0;3;0;0;0;0;0;0;3;0;0;0;0;0;0;0;0;0;0;0;0;3;0;0;0;0;0;0;3;0;0;0;0;0;0;0;0;0;0;0;0;0;0;0;0;0;0;3;0;0;3;3;3;0;3;0;0;0;0;0;0;0;0;0;0;0;0;
2024;2025;62322479;2623200;1247900;2895;13823;16;13;3;3;0;3;0;12;0;5;7;0;4;3;0;3;0;6;0;0;3;3;0;0;0;0;0;0;3;0;0;3;0;3;3;0;0;10;0;0;0;0;0;0;3;0;0;0;0;3;0;0;3;3;3;3;3;0;3;4;9;3;0;16;0;0;0;0;0;0;0;0;0;0;0;0;
2024;2025;67972842;2679700;1284200;2901;12071;13;13;0;0;0;0;0;12;0;7;5;0;3;3;0;0;0;6;0;0;0;0;0;0;0;0;0;3;0;3;3;0;0;3;3;3;0;7;0;0;0;0;0;0;0;0;3;0;0;3;0;0;0;3;0;0;4;0;3;3;8;3;0;13;0;0;0;0;0;0;0;0;0;0;0;0;
2024;2025;68372840;2683700;1284000;2903;12801;12;11;3;3;0;0;0;9;0;3;6;0;3;3;3;0;0;5;0;0;0;0;0;0;0;0;0;0;0;0;0;0;3;3;3;3;3;7;0;0;0;0;0;0;3;0;0;0;0;0;0;0;0;3;3;3;3;3;4;3;6;0;0;11;0;0;3;0;0;0;0;0;0;0;0;0;
2024;2025;67962827;2679600;1282700;2904;12519;12;10;3;3;0;0;0;9;0;3;7;0;3;3;0;0;0;3;0;0;0;0;0;0;0;0;3;0;0;0;0;0;3;0;0;0;3;9;0;0;0;0;0;0;3;0;0;0;0;3;0;3;0;3;3;3;3;3;3;3;9;0;0;11;0;0;3;0;0;0;0;0;0;0;0;0;
2024;2025;69112903;2691100;1290300;2914;11486;4;4;0;0;0;0;0;3;0;3;0;0;3;3;0;0;0;3;0;0;0;0;0;0;0;0;0;0;0;0;0;0;0;0;0;3;3;3;0;0;0;0;0;0;0;0;0;0;0;0;0;0;3;0;3;0;0;0;3;0;3;0;0;4;0;0;0;0;0;0;0;0;0;0;0;0;
2024;2025;69612848;2696100;1284800;2915;12184;6;3;3;3;3;0;0;3;3;0;3;0;3;3;3;0;0;4;0;0;0;0;0;0;3;0;0;3;0;0;0;0;3;0;0;3;0;3;0;0;0;0;0;0;0;0;0;0;0;0;0;0;0;3;3;0;0;0;3;0;3;3;0;6;0;0;0;0;0;0;0;0;0;0;0;0;
2024;2025;69242902;2692400;1290200;2917;12800;9;9;0;0;0;0;0;7;0;5;3;0;3;3;0;0;0;3;0;0;0;0;0;0;0;0;0;0;0;0;0;0;0;0;0;3;3;6;0;0;0;0;0;0;0;0;0;0;0;0;0;0;0;0;3;3;3;0;0;0;8;3;0;9;0;0;0;0;0;0;0;0;0;0;0;0;
2024;2025;69182884;2691800;1288400;2919;10586;11;10;3;3;0;0;0;8;0;4;4;0;3;3;0;3;0;3;0;0;0;0;0;0;0;0;0;0;0;0;0;0;3;0;3;0;0;9;0;0;0;0;0;0;0;0;0;0;0;0;0;0;0;3;3;5;3;0;0;3;8;3;0;11;0;0;0;0;0;0;0;0;0;0;0;0;
2024;2025;69512893;2695100;1289300;2920;14948;19;16;3;3;0;3;0;15;3;12;3;0;4;4;0;0;0;12;0;0;0;3;3;0;0;0;3;0;3;3;3;3;0;0;3;0;3;7;0;0;0;0;0;0;0;0;0;0;0;0;3;3;3;3;0;3;3;0;3;3;11;5;0;19;0;0;0;0;0;0;0;0;0;0;0;0;
2024;2025;68532837;2685300;1283700;2932;15604;19;14;5;3;3;3;0;12;3;5;6;0;7;4;3;3;0;10;0;0;0;0;3;3;3;0;0;0;4;0;3;0;0;0;0;0;0;9;0;0;0;0;3;0;0;0;0;0;0;3;3;3;3;3;0;3;3;0;3;4;9;3;0;19;0;0;0;0;0;0;0;0;0;0;0;0;
2024;2025;68452697;2684500;1269700;2933;11474;7;7;0;0;0;0;0;6;3;0;4;0;3;3;0;0;0;3;0;0;0;0;0;0;3;0;0;0;0;0;0;0;3;3;0;0;0;4;0;0;0;0;0;0;0;0;0;0;0;0;0;0;0;0;3;3;3;0;0;0;3;4;0;7;0;0;0;0;0;0;0;0;0;0;0;0;
2024;2025;68772907;2687700;1290700;2936;12395;13;13;0;0;0;0;0;13;3;6;4;0;0;0;0;0;0;6;0;0;0;0;0;3;0;0;0;3;0;0;3;0;0;0;3;3;0;7;0;0;0;0;0;0;0;0;0;0;0;0;0;0;3;0;3;3;3;0;0;3;8;3;0;13;0;0;0;0;0;0;0;0;0;0;0;0;
2024;2025;68852819;2688500;1281900;2937;12525;81;63;18;12;4;3;0;58;3;33;23;0;23;17;3;4;0;36;0;3;0;0;3;3;3;4;4;3;0;3;4;0;3;5;4;3;3;45;0;0;0;3;3;3;0;3;3;3;3;3;3;4;3;7;3;4;8;3;7;9;49;13;0;78;3;3;3;0;0;0;0;0;0;0;0;0;
2024;2025;68462707;2684600;1270700;2938;12846;3;3;0;0;0;0;0;3;0;0;3;0;0;0;0;0;0;0;0;0;0;0;0;0;0;0;0;0;0;0;0;0;0;0;0;0;0;3;0;0;0;0;0;0;0;0;0;0;0;0;0;0;0;0;3;0;0;0;0;0;3;0;0;3;0;0;0;0;0;0;0;0;0;0;0;0;
2024;2025;68962838;2689600;1283800;2939;14949;189;159;30;12;8;10;0;146;75;4;67;0;43;25;7;11;0;98;3;0;0;3;3;5;5;8;4;8;9;11;8;12;6;8;0;4;5;91;3;0;3;4;4;3;3;3;3;3;3;5;6;6;12;3;13;12;10;3;24;19;113;31;0;184;0;0;3;4;0;3;3;3;0;0;0;0;1
2024;2025;68242913;2682400;1291300;2951;11873;7;7;0;0;0;0;0;6;3;3;3;0;3;3;0;0;0;3;0;0;0;0;0;0;0;0;0;0;0;0;0;0;0;3;0;3;3;4;0;0;0;0;0;0;0;0;0;0;0;0;0;0;3;0;3;3;3;0;0;3;5;3;0;7;0;0;0;0;0;0;0;0;0;0;0;0;
2024;2025;67862893;2678600;1289300;2952;13045;10;9;3;3;0;0;0;6;0;5;3;0;4;4;0;0;0;4;0;0;0;0;3;0;0;0;0;0;3;3;0;0;0;0;0;0;3;6;0;0;3;3;0;0;0;0;0;0;0;0;3;0;0;0;0;3;3;0;3;3;6;0;0;10;0;0;0;0;0;0;0;0;0;0;0;0;
2024;2025;68122854;2681200;1285400;2953;12989;9;7;3;3;0;0;0;7;0;3;4;0;3;3;0;0;0;3;0;0;0;0;0;0;0;0;0;0;0;0;0;0;0;3;0;0;0;8;0;0;0;0;0;0;0;0;0;0;0;3;0;0;0;3;3;3;3;0;0;0;9;0;0;9;0;0;0;0;0;0;0;0;0;0;0;0;
2024;2025;70092860;2700900;1286000;2961;11479;3;3;0;0;0;0;0;3;0;0;3;0;0;0;0;0;0;3;0;0;0;0;0;0;0;0;0;0;0;0;0;0;0;0;0;3;0;0;0;0;0;0;0;0;0;0;0;0;0;0;0;0;0;0;0;0;0;0;0;0;3;0;0;3;0;0;0;0;0;0;0;0;0;0;0;0;
2024;2025;70292850;2702900;1285000;2963;13170;6;5;3;0;3;0;0;5;3;3;3;0;3;0;3;0;0;3;0;0;0;0;0;0;0;3;3;0;0;0;0;0;0;0;0;0;0;4;0;0;0;0;0;0;0;0;0;0;0;0;0;3;0;0;3;3;3;0;3;3;3;3;3;5;0;0;0;0;3;0;0;0;0;0;0;0;
2024;2025;70672798;2706700;1279800;2964;10592;19;16;3;3;0;0;0;10;0;3;8;0;9;5;3;3;0;6;0;0;0;0;3;0;0;0;0;3;3;0;0;0;3;0;3;0;0;13;0;0;0;0;0;0;3;0;0;0;0;3;3;3;0;3;4;0;3;0;3;3;13;3;0;19;0;0;0;0;0;3;3;0;0;0;0;0;1
2024;2025;67652834;2676500;1283400;2971;12020;12;12;0;0;0;0;0;10;3;4;4;0;3;3;0;0;0;3;0;0;0;0;0;0;0;0;0;0;0;0;3;0;0;0;0;0;3;10;0;0;0;0;0;0;0;0;3;0;3;0;0;0;0;3;0;3;4;0;3;0;9;3;0;12;0;0;0;0;0;0;0;0;0;0;0;0;
2024;2025;67802844;2678000;1284400;2972;12471;9;9;0;0;0;0;0;8;3;3;3;0;3;3;0;0;0;4;0;0;0;0;0;0;0;0;0;0;0;0;0;3;0;0;3;3;0;5;0;0;0;0;0;0;0;0;0;0;3;0;3;0;0;0;0;3;3;0;0;0;4;5;0;9;0;0;0;0;0;3;0;3;0;0;0;0;1
2024;2025;67462802;2674600;1280200;2973;10882;7;7;0;0;0;0;0;6;3;3;3;0;3;3;0;0;0;6;0;0;0;0;0;0;0;0;0;0;0;3;0;3;3;3;3;0;0;3;0;0;0;0;0;0;0;0;0;0;0;0;0;0;0;0;0;0;3;0;0;3;3;3;0;7;0;0;0;0;0;0;0;0;0;0;0;0;
2024;2025;67732801;2677300;1280100;2974;14515;3;3;0;0;0;0;0;3;0;3;0;0;0;0;0;0;0;3;0;0;0;0;0;0;0;0;3;0;0;0;0;0;0;0;0;0;0;0;0;0;0;0;0;0;0;0;0;0;0;0;0;0;0;0;0;0;0;0;0;0;0;3;0;3;0;0;0;0;0;0;0;0;0;0;0;0;
2024;2025;73872503;2738700;1250300;3001;12304;54;46;8;6;3;3;0;49;23;3;24;0;5;3;3;3;0;21;0;0;3;0;0;3;0;0;3;3;3;5;3;4;3;3;3;3;0;33;0;0;3;3;0;0;3;0;3;3;3;3;3;6;3;5;3;3;3;0;4;3;27;20;0;54;0;0;0;0;0;3;0;3;0;0;0;0;1
2024;2025;74202477;2742000;1247700;3002;12175;3;3;3;3;0;0;0;3;3;3;3;0;0;0;0;0;0;3;0;0;0;0;0;0;0;0;0;0;0;0;0;0;0;3;0;0;0;3;0;0;3;0;0;0;0;0;0;0;0;0;0;0;0;0;3;0;0;0;0;0;3;3;0;3;0;0;0;0;0;0;0;0;0;0;0;0;
2024;2025;73682461;2736800;1246100;3004;12957;3;3;0;0;0;0;0;3;0;3;3;0;3;3;0;0;0;0;0;0;0;0;0;0;0;0;0;0;0;0;0;0;0;0;0;0;0;3;0;0;0;0;0;0;0;0;0;0;0;0;0;3;0;0;0;0;3;0;0;0;3;0;0;3;0;0;0;0;0;0;0;0;0;0;0;0;
2024;2025;74392487;2743900;1248700;3005;10583;4;4;0;0;0;0;0;4;3;3;3;0;0;0;0;0;0;3;0;0;0;0;0;0;0;0;0;0;0;0;0;0;3;0;0;0;3;3;0;0;0;0;0;0;0;0;0;0;0;0;0;0;0;0;3;3;0;0;0;0;3;3;0;4;0;0;0;0;0;0;0;0;0;0;0;0;
2024;2025;73962424;2739600;1242400;3006;10946;8;7;3;3;0;0;0;6;3;3;4;0;3;3;0;3;0;3;3;0;0;0;0;0;0;0;0;3;0;0;3;0;0;0;0;0;0;5;0;0;0;0;0;0;0;0;0;0;0;0;3;0;0;3;3;0;3;0;3;3;5;3;0;8;0;0;0;0;0;0;0;0;0;0;0;0;
2024;2025;73952467;2739500;1246700;3007;10461;5;5;0;0;0;0;0;5;0;4;3;0;0;0;0;0;0;3;0;0;0;0;0;0;0;0;0;0;0;0;0;0;3;0;0;0;0;4;0;0;0;0;0;0;0;0;0;0;3;3;0;0;3;0;0;0;0;0;0;0;4;3;0;5;0;0;0;0;0;0;0;0;0;0;0;0;
2024;2025;74952488;2749500;1248800;3021;11451;6;3;4;3;3;0;0;3;0;3;3;0;3;3;3;0;0;4;0;0;0;0;0;0;0;0;3;0;3;0;0;0;0;0;0;3;0;3;0;0;0;0;0;0;0;0;0;0;0;0;3;3;0;0;0;0;0;0;3;3;3;3;0;6;0;0;0;0;0;0;0;0;0;0;0;0;
2024;2025;75222477;2752200;1247700;3022;12077;4;4;0;0;0;0;0;4;0;3;3;0;0;0;0;0;0;0;0;0;0;0;0;0;0;0;0;0;0;0;0;0;0;0;0;0;0;4;0;0;0;0;0;0;0;0;0;0;0;3;3;0;3;0;0;0;3;0;0;3;3;0;0;4;0;0;0;0;0;0;0;0;0;0;0;0;
2024;2025;75122531;2751200;1253100;3023;10157;21;20;3;3;0;0;0;18;3;3;12;0;3;3;0;0;0;9;0;0;0;0;0;3;0;0;0;0;3;0;3;0;3;3;0;0;3;12;0;0;0;0;0;0;0;0;0;0;0;0;0;0;0;3;3;3;5;0;3;3;17;3;0;21;0;0;0;0;0;0;0;0;0;0;0;0;
2024;2025;74712507;2747100;1250700;3024;10561;12;12;0;0;0;0;0;10;3;7;3;0;3;3;0;0;0;4;0;0;0;0;0;0;3;0;0;0;0;0;0;0;3;0;0;0;3;8;0;0;0;0;0;0;0;0;0;0;0;3;0;0;0;3;3;3;3;0;3;0;9;3;0;12;0;0;0;0;0;3;0;3;0;0;0;0;1
2024;2025;75292528;2752900;1252800;3025;10895;3;3;3;0;0;3;0;3;3;0;3;0;3;0;0;3;0;3;0;0;0;0;0;0;0;0;0;0;3;3;0;0;0;0;0;0;0;3;0;0;0;0;0;0;0;0;0;0;0;0;0;0;0;0;3;0;0;0;0;0;3;3;0;3;0;0;0;0;0;0;0;0;0;0;0;0;
2024;2025;75622574;2756200;1257400;3031;11956;3;3;0;0;0;0;0;0;0;0;0;0;3;0;3;0;0;3;0;0;0;0;0;0;0;3;0;0;0;0;0;0;0;0;0;0;0;3;0;0;0;0;0;0;0;0;0;0;0;0;0;0;0;0;0;0;3;0;3;3;0;0;0;3;0;0;0;0;0;0;0;0;0;0;0;0;
2024;2025;75802569;2758000;1256900;3032;12253;9;9;0;0;0;0;0;9;3;3;6;0;0;0;0;0;0;3;0;0;0;0;0;0;0;0;0;0;3;0;0;0;0;0;3;0;3;6;0;0;0;0;0;0;0;0;0;0;0;0;0;0;3;3;3;0;3;0;0;3;5;3;0;9;0;0;0;0;0;0;0;0;0;0;0;0;
2024;2025;76062587;2760600;1258700;3033;12705;8;7;3;0;0;3;0;6;0;3;5;0;3;0;0;3;0;7;0;0;0;0;0;3;0;3;0;3;0;3;0;3;0;0;0;0;0;3;3;0;0;0;0;0;0;0;0;0;0;0;0;0;0;0;0;0;0;0;3;3;3;3;0;7;0;0;0;3;0;0;0;0;0;0;0;0;
2024;2025;75422548;2754200;1254800;3034;13169;6;5;3;3;0;0;0;3;0;3;3;0;3;3;0;0;0;3;0;0;0;0;0;0;0;0;0;0;0;3;0;0;3;0;0;0;0;4;0;0;0;0;0;3;0;0;0;0;0;3;0;0;0;3;3;0;0;0;3;0;5;0;0;6;0;0;0;0;0;0;0;0;0;0;0;0;
2024;2025;76122543;2761200;1254300;3035;12915;3;3;3;3;0;0;0;3;0;0;3;0;0;0;0;0;0;0;0;0;0;0;0;0;0;0;0;0;0;0;0;0;0;0;0;0;0;3;0;0;0;3;0;0;0;0;0;0;0;0;0;0;3;0;0;0;0;0;3;0;3;0;0;3;0;0;0;0;0;0;0;0;0;0;0;0;
2024;2025;75472537;2754700;1253700;3036;10458;3;3;0;0;0;0;0;3;0;0;3;0;0;0;0;0;0;0;0;0;0;0;0;0;0;0;0;0;0;0;0;0;0;0;0;0;0;3;0;0;0;0;0;0;0;0;0;0;0;0;0;0;0;0;0;0;3;0;0;0;3;0;0;3;0;0;0;0;0;0;0;0;0;0;0;0;
2024;2025;76322577;2763200;1257700;3037;10470;7;6;3;0;3;0;0;6;0;3;3;3;3;3;0;0;0;5;3;0;0;0;0;0;3;0;0;0;0;3;3;3;0;0;0;0;0;3;0;0;0;0;0;0;0;0;0;0;0;0;0;0;0;0;0;3;3;0;0;3;4;3;0;6;0;0;0;3;0;0;0;0;0;0;0;0;
2024;2025;75922580;2759200;1258000;3038;10358;3;3;0;0;0;0;0;3;0;3;3;0;0;0;0;0;0;3;0;0;0;0;0;0;0;0;0;0;0;3;0;0;0;0;0;0;0;3;0;0;0;0;0;0;0;0;0;0;0;0;0;0;3;3;0;0;0;0;0;0;3;3;0;3;0;0;0;0;0;0;0;0;0;0;0;0;
2024;2025;74902441;2749000;1244100;3101;14097;35;31;4;3;3;0;0;28;10;3;17;0;7;3;3;3;0;12;0;3;3;0;0;0;0;0;3;3;0;0;3;3;3;0;0;3;0;23;0;4;3;0;3;3;3;3;0;3;0;3;3;3;0;3;3;3;4;3;9;3;15;7;3;32;0;3;3;0;3;0;0;0;0;0;0;0;
2024;2025;74572483;2745700;1248300;3104;14100;4;4;0;0;0;0;0;4;0;4;0;0;0;0;0;0;0;3;0;0;0;0;0;0;0;0;0;0;0;0;0;0;0;3;0;0;3;3;0;0;0;0;0;0;0;0;0;0;0;0;0;3;0;0;0;0;3;0;0;0;3;3;0;4;0;0;0;0;0;0;0;0;0;0;0;0;
2024;2025;75942546;2759400;1254600;3111;14102;20;20;0;0;0;0;0;18;9;0;9;0;3;3;0;0;0;6;0;0;0;0;0;0;0;0;0;0;3;0;3;0;3;0;3;3;3;14;0;0;0;0;0;0;0;0;0;3;0;0;0;3;0;0;3;3;7;0;0;0;9;11;0;20;0;0;0;0;0;0;0;0;0;0;0;0;
2024;2025;75052430;2750500;1243000;3112;16620;14;12;3;3;0;3;0;12;0;8;4;0;3;3;0;3;0;8;0;0;0;0;0;3;0;3;0;3;3;0;0;3;3;0;0;0;0;6;0;0;0;0;0;3;3;0;0;3;3;0;3;0;3;0;0;0;0;3;5;3;4;3;0;13;3;0;0;0;0;0;0;0;0;0;0;0;
2024;2025;74342621;2743400;1262100;3201;14378;8;7;3;0;3;0;0;7;0;5;3;0;3;0;3;0;0;3;0;0;0;0;0;0;0;0;0;0;0;0;0;0;3;0;0;0;3;6;0;0;0;0;3;0;0;0;0;0;0;0;3;0;0;0;3;0;3;3;0;0;6;3;0;8;0;0;0;0;0;0;0;0;0;0;0;0;
2024;2025;74202651;2742000;1265100;3202;14379;5;5;0;0;0;0;0;5;0;3;3;0;0;0;0;0;0;4;0;0;0;0;0;0;0;0;0;0;3;3;0;0;0;0;3;0;3;3;0;0;0;0;0;0;0;0;0;0;0;0;0;0;0;0;0;0;3;0;3;0;3;3;0;5;0;0;0;0;0;0;0;0;0;0;0;0;
2024;2025;74622546;2746200;1254600;3203;14380;378;223;155;67;58;29;3;227;117;27;83;0;151;53;58;39;3;231;4;3;9;7;29;30;20;19;19;19;13;13;12;9;4;5;6;4;6;147;13;5;4;5;11;14;8;11;9;8;11;6;13;6;5;3;7;5;4;30;141;28;110;54;15;336;8;13;9;3;11;0;0;0;0;0;0;0;
2024;2025;74632587;2746300;1258700;3204;14381;47;44;3;3;0;0;0;37;3;15;21;0;10;9;3;0;0;17;0;0;0;0;0;0;0;0;0;0;0;0;3;3;3;3;3;6;3;30;0;0;0;0;0;3;0;0;0;0;0;3;3;0;3;4;4;7;10;3;4;3;37;3;0;46;0;3;0;0;0;0;0;0;0;0;0;0;
2024;2025;74832613;2748300;1261300;3211;14382;3;3;0;0;0;0;0;3;0;3;3;0;0;0;0;0;0;3;0;0;0;0;0;0;0;0;0;0;0;0;0;0;0;0;3;0;0;3;0;0;0;0;0;0;0;0;0;0;0;0;0;3;0;0;0;0;3;0;0;0;3;0;0;3;0;0;0;0;0;0;0;0;0;0;0;0;
2024;2025;75342566;2753400;1256600;3212;14383;62;7;55;0;0;54;3;7;0;3;5;0;55;0;0;55;0;54;0;0;0;52;0;0;0;0;0;0;0;3;0;3;0;0;0;0;0;8;0;0;0;3;0;0;0;0;0;0;0;0;0;3;0;0;0;3;3;3;34;0;6;0;20;58;0;4;0;0;0;0;0;0;0;0;0;0;
2024;2025;75282600;2752800;1260000;3213;14384;41;34;7;6;0;3;0;34;3;26;7;0;7;4;3;3;0;17;0;0;0;0;3;3;0;3;3;3;3;0;0;0;3;3;3;3;3;24;0;0;0;0;3;0;3;0;3;3;3;3;3;3;0;3;3;4;5;3;3;6;26;3;0;39;3;3;0;0;0;0;0;0;0;0;0;0;
2024;2025;74962595;2749600;1259500;3214;14385;13;12;3;3;0;0;0;13;3;9;3;0;0;0;0;0;0;8;0;0;0;0;0;0;3;0;0;3;0;0;3;3;3;0;3;0;0;5;0;0;0;0;0;0;0;0;0;0;0;0;0;0;0;0;0;3;3;3;0;0;12;0;0;12;3;0;0;0;0;0;0;0;0;0;0;0;
2024;2025;75482607;2754800;1260700;3215;14386;144;103;41;29;12;0;0;105;13;50;42;0;39;34;5;0;0;70;5;3;0;3;4;4;7;7;3;3;3;6;5;6;4;3;3;0;6;74;3;3;3;3;3;3;3;3;0;3;3;3;0;4;4;3;13;11;18;14;27;13;82;8;0;130;3;7;4;0;3;0;0;0;0;0;0;0;
2024;2025;75612595;2756100;1259500;3216;14387;32;28;4;3;0;3;0;23;3;9;13;0;9;6;0;3;0;16;0;0;0;0;3;3;0;0;0;3;3;0;0;0;3;4;3;3;3;16;0;0;3;3;0;0;3;0;0;0;0;0;3;3;3;3;0;3;5;4;3;4;20;3;0;28;3;3;0;0;0;0;0;0;0;0;0;0;
2024;2025;75082633;2750800;1263300;3217;14388;14;11;3;3;0;0;0;8;0;5;3;0;6;5;0;3;0;5;0;0;0;0;0;0;0;0;0;3;3;3;3;0;0;0;0;3;0;9;0;0;0;0;0;0;0;0;0;0;0;0;0;3;0;3;3;3;3;0;3;3;10;3;0;14;0;0;0;0;0;0;0;0;0;0;0;0;
2024;2025;75172614;2751700;1261400;3218;14389;6;6;0;0;0;0;0;6;3;4;3;0;0;0;0;0;0;3;0;0;0;0;0;0;0;0;0;0;0;0;0;0;3;3;0;0;0;4;0;0;0;0;0;0;0;0;0;0;0;0;0;0;3;3;3;0;3;0;0;0;6;0;0;6;0;0;0;0;0;0;0;0;0;0;0;0;
2024;2025;75182579;2751800;1257900;3219;14390;6;6;0;0;0;0;0;6;3;5;0;0;0;0;0;0;0;3;0;0;0;0;0;0;0;0;0;0;0;0;0;0;0;3;0;3;0;4;0;0;0;0;0;0;0;0;0;0;0;0;0;0;0;3;3;3;0;0;0;0;4;3;0;6;0;0;0;0;0;0;0;0;0;0;0;0;
2024;2025;76582561;2765800;1256100;3231;14391;26;16;10;5;3;3;0;16;3;12;3;0;10;6;3;3;0;14;3;0;0;0;0;3;3;3;3;0;3;3;3;3;3;0;0;3;0;12;0;3;0;0;0;0;0;3;0;0;0;0;3;3;0;3;0;3;3;3;3;3;13;5;0;22;3;0;0;3;3;0;0;0;0;0;0;0;
2024;2025;76382530;2763800;1253000;3232;14392;17;16;3;3;0;0;0;14;3;9;4;0;3;3;0;0;0;7;0;0;0;0;0;0;3;0;0;0;0;0;3;3;3;0;0;3;0;10;0;3;0;0;0;0;3;0;0;0;0;0;3;3;3;3;3;0;3;0;7;0;10;0;0;17;0;0;0;0;0;0;0;0;0;0;0;0;
2024;2025;76402550;2764000;1255000;3233;14393;5;5;0;0;0;0;0;4;3;3;3;0;3;3;0;0;0;3;0;0;0;0;0;0;0;0;0;3;0;0;3;0;0;0;3;0;0;3;0;0;0;0;0;0;0;0;0;0;0;0;0;3;3;0;0;0;0;0;0;3;3;3;0;5;0;0;0;0;0;0;0;0;0;0;0;0;
2024;2025;76742506;2767400;1250600;3234;14394;12;10;3;3;0;0;0;9;3;3;4;0;3;3;0;0;0;8;0;0;0;0;0;0;3;0;3;0;3;3;0;3;3;0;0;0;0;4;0;0;0;0;0;0;0;0;0;0;0;3;0;0;0;0;3;3;0;3;3;0;4;4;0;10;3;0;3;0;0;0;0;0;0;0;0;0;
2024;2025;76212595;2762100;1259500;3235;14395;20;16;4;3;3;3;0;15;0;5;10;0;5;3;3;3;0;9;0;0;0;0;0;0;3;3;0;0;3;3;0;0;3;0;3;0;3;11;0;0;0;0;0;0;0;0;0;0;0;0;0;3;3;0;0;4;5;3;3;3;14;3;0;19;3;0;0;0;0;0;0;0;0;0;0;0;
2024;2025;76552581;2765500;1258100;3236;14396;72;43;29;19;6;4;0;42;3;22;19;0;30;16;9;4;3;39;0;0;3;4;3;3;3;3;3;5;3;5;4;3;3;0;3;0;3;33;3;3;3;3;0;4;3;3;3;3;3;3;3;3;3;0;3;3;3;8;12;9;29;13;3;62;5;0;4;3;0;0;0;0;0;0;0;0;
2024;2025;76072593;2760700;1259300;3237;14397;26;21;5;4;3;0;0;22;3;14;5;0;4;3;3;0;0;16;3;0;3;3;0;3;3;0;3;3;0;3;3;3;0;3;0;3;0;10;0;0;3;0;0;0;3;0;3;0;0;3;3;3;0;3;0;3;3;0;3;4;14;5;0;26;0;0;0;0;0;3;0;3;0;0;0;0;1
2024;2025;76572529;2765700;1252900;3238;14398;34;21;13;8;4;3;0;24;0;22;3;0;10;6;3;3;0;17;3;0;0;0;0;3;4;3;0;3;3;3;3;0;3;0;0;0;3;17;3;3;0;0;0;0;3;3;0;0;0;3;3;3;0;0;3;5;3;3;7;4;14;7;0;32;3;3;0;0;0;0;0;0;0;0;0;0;
2024;2025;75872496;2758700;1249600;3251;14399;46;38;8;5;3;3;0;39;10;13;16;0;7;6;0;3;0;25;3;0;3;0;3;3;3;3;3;3;3;7;0;3;0;3;3;0;0;21;0;0;3;0;0;3;0;0;3;3;0;4;3;3;3;0;3;0;5;3;14;4;20;7;0;45;0;0;0;0;3;0;0;0;0;0;0;0;
2024;2025;75752459;2757500;1245900;3252;14400;11;10;3;3;0;0;0;11;3;6;3;0;0;0;0;0;0;6;0;0;0;0;0;0;0;0;0;0;0;3;3;0;0;0;3;3;3;5;0;0;0;0;0;0;0;0;0;0;0;0;0;0;3;3;3;0;3;0;0;0;11;0;0;11;0;0;0;0;0;0;0;0;0;0;0;0;
2024;2025;76082512;2760800;1251200;3253;14401;17;15;3;3;0;0;0;15;0;7;8;0;3;3;3;0;0;10;0;0;0;0;0;0;0;0;3;0;0;3;0;3;3;3;0;3;3;7;0;0;0;0;0;0;0;0;0;0;0;0;3;3;0;3;0;4;0;0;3;4;10;0;0;17;0;0;0;0;0;0;0;0;0;0;0;0;
2024;2025;76072432;2760700;1243200;3254;14402;19;18;3;3;0;0;0;15;5;8;3;0;4;3;3;3;0;8;0;0;0;0;0;0;0;3;0;0;0;3;3;3;3;0;0;0;0;11;0;0;0;0;0;0;0;0;0;0;0;3;0;3;0;3;3;3;3;0;0;3;13;5;0;19;0;0;0;0;0;0;0;0;0;0;0;0;
2024;2025;76192521;2761900;1252100;3255;14403;35;28;7;6;3;0;0;27;3;14;10;0;8;6;3;3;0;14;0;3;3;0;3;3;0;3;0;0;3;3;3;0;0;3;0;0;0;21;0;0;0;0;3;3;0;3;0;3;3;3;3;3;0;3;0;3;5;7;3;4;17;4;0;28;5;3;3;0;0;0;0;0;0;0;0;0;
2024;2025;75882403;2758800;1240300;3256;14404;13;13;0;0;0;0;0;11;4;5;3;0;3;3;0;0;0;7;0;0;0;0;0;0;0;3;3;0;3;3;0;0;0;0;3;0;0;6;0;0;0;0;0;0;0;0;0;0;0;0;0;0;0;3;0;3;3;0;0;3;5;7;0;13;0;0;0;0;0;0;0;0;0;0;0;0;
2024;2025;75412258;2754100;1225800;3271;14405;52;44;8;4;3;3;0;42;3;19;22;0;10;5;3;3;0;27;0;0;0;3;0;0;3;3;3;3;3;5;3;3;3;3;3;3;3;25;0;0;0;0;0;0;0;3;0;3;0;3;3;3;0;3;3;5;7;3;3;6;34;6;0;49;0;3;3;0;0;0;0;0;0;0;0;0;
2024;2025;75182301;2751800;1230100;3272;14406;8;7;3;0;3;0;0;4;3;3;0;0;4;0;3;3;0;5;0;0;0;0;0;3;0;3;3;0;0;0;3;0;0;0;0;0;0;3;0;0;0;0;0;0;0;0;0;0;3;0;0;0;3;3;0;0;0;0;5;0;3;3;0;8;0;0;0;0;0;0;0;0;0;0;0;0;
2024;2025;75192277;2751900;1227700;3273;14407;11;10;3;3;0;0;0;10;4;3;3;0;3;3;0;0;0;4;0;0;0;0;0;0;0;0;0;0;0;3;0;0;0;0;3;3;0;7;0;0;0;0;3;3;0;0;0;0;3;0;0;0;0;0;3;0;3;0;3;0;6;3;0;11;0;0;0;0;0;0;0;0;0;0;0;0;
2024;2025;75632365;2756300;1236500;3274;14408;13;10;3;3;3;0;0;9;4;3;3;0;4;3;3;0;0;9;0;0;0;0;0;3;3;0;3;0;3;0;3;0;3;0;3;0;0;4;0;0;0;0;0;0;0;0;0;3;0;3;0;0;0;3;3;0;0;0;3;0;8;4;0;13;0;0;0;0;0;0;0;0;0;0;0;0;
2024;2025;75522210;2755200;1221000;3275;14409;11;8;3;3;0;3;0;8;3;5;3;0;3;3;0;3;0;3;0;0;0;0;0;0;3;0;3;3;0;0;0;0;0;0;0;0;0;8;0;0;0;0;0;0;3;0;3;0;0;0;0;3;3;3;3;3;3;3;0;0;10;0;0;10;3;0;0;0;0;0;0;0;0;0;0;0;
2024;2025;75532178;2755300;1217800;3276;14410;9;8;3;3;0;0;0;8;3;3;5;0;3;3;0;0;0;4;0;0;0;0;0;0;0;0;0;3;0;0;0;3;0;0;0;3;3;5;0;0;0;0;0;0;0;0;0;0;3;0;0;0;0;3;0;3;3;0;0;0;7;3;0;9;0;0;0;0;0;0;0;0;0;0;0;0;
2024;2025;75692079;2756900;1207900;3291;14411;24;20;4;3;0;3;0;19;3;7;10;0;5;3;0;3;0;6;0;0;0;0;0;0;0;0;3;0;3;0;0;3;3;3;0;0;0;18;0;0;0;0;0;0;0;0;0;0;3;3;3;3;3;4;3;3;3;0;3;6;15;3;0;24;0;0;0;0;0;0;0;0;0;0;0;0;
2024;2025;74452174;2744500;1217400;3292;14412;13;12;3;3;0;0;0;12;3;5;4;0;3;3;0;0;0;7;0;0;0;0;0;0;0;0;0;0;0;0;3;0;0;3;3;0;0;6;0;0;0;0;0;0;0;0;0;0;0;3;0;3;3;0;0;0;3;0;0;3;8;4;0;13;0;0;0;0;0;0;0;0;0;0;0;0;
2024;2025;75052125;2750500;1212500;3293;14413;32;28;4;3;3;0;0;27;11;11;5;0;5;4;3;0;0;19;0;0;3;0;0;0;0;0;3;0;0;3;3;3;3;4;3;3;0;13;0;0;3;0;0;0;0;3;0;0;0;3;3;0;0;3;3;5;3;0;0;3;21;9;0;32;0;0;0;0;0;0;0;0;0;0;0;0;
2024;2025;75692063;2756900;1206300;3294;14414;7;5;3;3;0;0;0;4;0;3;3;0;3;3;0;0;0;4;0;0;0;0;0;0;0;3;3;0;3;0;0;0;0;0;0;0;0;3;0;0;0;0;0;0;0;0;0;0;0;0;0;0;0;3;0;3;0;3;0;3;3;0;0;5;0;0;3;0;0;0;0;0;0;0;0;0;
2024;2025;73672190;2736700;1219000;3295;14415;13;10;3;3;3;0;0;9;5;3;3;0;4;3;3;0;0;3;0;0;0;0;0;0;0;0;0;0;0;3;0;0;0;0;0;3;0;11;0;0;0;0;0;0;0;0;0;0;0;3;3;3;0;3;3;0;5;0;3;0;7;5;0;13;0;0;0;0;0;0;0;0;0;0;0;0;
2024;2025;75212127;2752100;1212700;3296;14416;38;33;5;4;0;3;0;34;3;23;8;0;4;3;0;3;0;19;0;0;0;0;3;3;0;0;3;3;0;0;4;3;3;3;3;3;3;19;0;0;0;3;0;0;3;3;3;0;0;0;0;3;3;3;5;3;3;3;3;3;22;10;0;37;0;3;0;0;0;0;0;0;0;0;0;0;
2024;2025;75302101;2753000;1210100;3297;14417;7;5;3;3;0;0;0;5;0;3;3;0;3;3;0;0;0;3;0;0;0;0;0;0;0;0;0;0;0;0;0;3;0;0;0;0;3;4;0;0;0;0;0;0;0;0;0;3;0;0;3;0;0;0;3;3;0;0;0;0;6;3;0;7;0;0;0;0;0;3;0;3;0;0;0;0;1
2024;2025;74222209;2742200;1220900;3298;14418;27;26;3;3;0;0;0;23;9;7;7;0;4;4;0;0;0;11;0;0;0;0;0;0;0;0;3;0;3;3;0;3;3;0;0;3;0;16;0;0;0;0;0;0;0;0;0;3;3;3;0;3;0;3;0;5;5;0;3;3;18;5;0;27;0;0;0;0;0;0;0;0;0;0;0;0;
2024;2025;72982234;2729800;1223400;3311;14419;8;8;0;0;0;0;0;7;3;0;4;0;3;3;0;0;0;3;0;0;0;0;0;0;0;0;3;0;0;0;0;0;0;3;0;0;0;6;0;0;0;0;0;0;0;0;0;0;0;0;0;0;0;0;0;3;4;0;0;0;6;3;0;8;0;0;0;0;0;0;0;0;0;0;0;0;
2024;2025;71872287;2718700;1228700;3312;14420;15;12;3;3;0;3;0;12;3;6;3;0;3;3;0;3;0;9;0;0;0;0;0;3;0;0;0;0;0;3;3;0;0;3;0;3;0;6;0;0;0;0;0;0;0;0;3;0;3;3;0;0;0;3;3;3;0;0;0;3;9;4;0;15;0;0;0;0;0;0;0;0;0;0;0;0;
2024;2025;72032304;2720300;1230400;3313;14421;20;15;5;0;0;5;0;18;3;7;9;0;3;3;0;3;0;9;0;3;0;0;0;0;0;0;3;3;0;0;4;3;0;0;0;0;0;11;3;0;0;0;0;0;3;0;0;0;0;0;0;0;3;3;3;3;3;0;4;3;8;6;0;20;0;0;0;0;0;0;0;0;0;0;0;0;
2024;2025;72192245;2721900;1224500;3315;14423;15;14;3;3;0;0;0;14;0;8;6;0;3;3;0;0;0;5;0;0;3;0;0;0;3;0;3;0;0;3;3;0;0;0;0;0;0;10;0;0;3;0;0;0;0;3;0;0;0;0;0;0;3;3;3;3;3;3;3;3;6;5;0;14;0;3;0;0;0;0;0;0;0;0;0;0;
2024;2025;72552215;2725500;1221500;3316;14424;11;8;3;3;0;3;0;7;0;4;3;0;4;3;0;3;0;4;0;0;0;0;0;0;3;0;3;3;0;0;0;0;0;0;0;0;0;7;0;0;0;0;0;3;0;3;0;0;0;3;0;0;0;0;0;3;3;3;3;3;5;0;0;10;0;3;0;0;0;0;0;0;0;0;0;0;
2024;2025;71402316;2714000;1231600;3338;14432;12;12;0;0;0;0;0;10;3;3;6;0;3;3;0;0;0;6;0;0;0;0;0;0;0;3;0;0;0;3;3;3;0;0;0;0;3;6;0;0;0;0;0;0;0;0;0;0;3;0;0;3;3;0;0;3;3;0;3;3;7;3;0;12;0;0;0;0;0;0;0;0;0;0;0;0;
2024;2025;71712315;2717100;1231500;3339;14433;55;44;11;7;3;3;3;46;13;12;20;3;9;5;3;3;0;23;3;0;3;0;0;3;3;0;0;3;3;3;3;3;4;3;3;0;3;32;3;0;3;3;3;3;0;3;3;0;0;0;3;3;4;3;5;3;8;3;4;7;31;12;0;53;3;0;0;3;0;0;0;0;0;0;0;0;
2024;2025;70592322;2705900;1232200;3340;14925;61;51;10;4;3;4;0;48;4;15;29;0;13;5;4;3;3;27;0;0;0;0;3;3;3;0;3;3;4;4;3;3;3;3;0;3;0;34;3;0;0;0;0;3;3;0;3;3;0;3;0;3;3;3;5;5;9;3;6;3;39;9;3;57;0;3;0;0;3;0;0;0;0;0;0;0;
2024;2025;72002323;2720000;1232300;3341;15605;20;18;3;3;0;3;0;18;3;8;8;0;3;3;0;3;0;10;0;0;0;0;0;0;0;3;3;0;0;3;0;3;3;3;0;3;0;10;0;0;0;0;0;0;0;0;0;3;0;3;0;0;3;3;0;3;3;3;3;0;11;7;0;19;0;3;0;0;0;0;0;0;0;0;0;0;
2024;2025;71232332;2712300;1233200;3342;15606;41;35;6;5;0;3;0;29;6;10;13;0;12;8;0;4;0;19;0;3;0;3;0;3;3;0;3;3;0;3;3;0;3;0;3;3;3;22;3;0;0;0;0;3;0;0;3;3;0;3;0;3;0;3;3;4;3;0;6;3;19;12;3;41;0;0;0;0;0;0;0;0;0;0;0;0;
2024;2025;72752360;2727500;1236000;3352;14435;20;19;3;3;0;0;0;20;5;8;7;0;0;0;0;0;0;10;0;0;0;0;0;0;3;0;0;0;3;3;3;3;0;3;3;0;0;10;0;0;0;0;0;0;0;0;0;0;3;0;3;0;3;3;0;3;3;0;0;0;12;8;0;20;0;0;0;0;0;0;0;0;0;0;0;0;
2024;2025;73992286;2739900;1228600;3359;15381;11;11;0;0;0;0;0;11;3;4;6;0;0;0;0;0;0;3;0;0;0;0;0;0;0;0;0;0;0;0;0;3;0;3;0;3;0;8;0;0;0;0;0;0;3;0;0;0;0;0;0;3;3;3;0;3;3;0;0;0;9;3;0;11;0;0;0;0;0;0;0;0;0;0;0;0;
2024;2025;73342318;2733400;1231800;3360;15607;21;20;3;3;0;0;0;21;7;7;7;0;0;0;0;0;0;9;0;0;0;0;3;0;0;0;0;0;0;3;3;3;0;3;0;3;3;12;0;3;0;0;0;0;0;0;0;0;0;0;3;0;3;0;3;0;8;0;3;5;10;5;0;21;0;0;0;0;0;0;0;0;0;0;0;0;
2024;2025;72462428;2724600;1242800;3374;14443;21;20;3;3;0;0;0;18;3;8;7;0;3;3;0;0;0;7;0;0;0;0;0;0;0;3;0;0;3;0;0;0;0;3;0;3;3;14;0;0;0;0;0;0;0;0;0;0;0;0;0;3;3;3;3;3;6;0;0;4;17;0;0;21;0;0;0;0;0;0;0;0;0;0;0;0;
2024;2025;72482405;2724800;1240500;3379;15608;41;34;7;4;3;3;0;31;13;10;8;0;10;5;3;3;3;19;0;0;3;0;0;3;3;3;0;3;3;3;3;3;0;0;3;3;0;22;0;0;0;0;0;0;0;0;0;0;3;3;0;3;3;3;3;6;5;3;3;3;31;3;0;40;0;0;3;0;0;0;0;0;0;0;0;0;
2024;2025;72082524;2720800;1252400;3392;14448;38;33;5;3;3;3;0;32;7;17;8;0;6;3;3;3;0;18;0;3;0;0;0;0;3;3;3;0;3;3;3;3;3;0;0;0;0;20;0;0;0;3;0;3;0;0;3;0;0;3;3;3;3;3;3;3;3;3;3;0;25;10;0;37;0;0;3;0;0;0;0;0;0;0;0;0;
2024;2025;72382506;2723800;1250600;3393;14449;11;10;3;0;0;3;0;10;3;4;4;0;3;0;0;3;0;6;0;3;3;3;0;0;0;0;0;3;0;0;0;0;0;0;0;3;0;5;0;3;0;0;0;0;0;0;0;0;0;0;3;0;0;0;0;3;3;0;3;4;3;3;0;11;0;0;0;0;0;0;0;0;0;0;0;0;
2024;2025;72102470;2721000;1247000;3394;14450;30;30;0;0;0;0;0;29;13;11;5;0;3;3;0;0;0;9;0;0;0;0;0;0;0;0;0;0;0;0;3;3;4;3;0;0;3;21;0;0;0;0;0;0;0;0;0;0;0;0;0;3;0;3;3;6;11;3;3;0;18;7;0;28;3;0;0;0;0;0;0;0;0;0;0;0;
2024;2025;72342468;2723400;1246800;3395;15609;16;15;3;0;3;0;0;13;3;6;5;0;3;0;3;3;0;11;0;0;0;0;0;3;0;3;3;3;3;0;3;0;3;3;3;0;3;5;0;0;0;0;0;0;0;0;0;0;3;0;0;3;0;0;3;0;3;0;3;3;13;0;0;16;0;0;0;0;0;0;0;0;0;0;0;0;
2024;2025;72822471;2728200;1247100;3396;16623;20;20;0;0;0;0;0;20;3;7;10;0;0;0;0;0;0;9;0;0;0;0;0;3;0;3;0;0;0;3;3;3;3;3;0;3;0;11;0;0;0;0;0;0;3;0;0;0;0;0;3;3;3;0;3;3;3;3;3;3;11;5;0;19;0;0;3;0;0;0;0;0;0;0;0;0;
2024;2025;73282484;2732800;1248400;3401;14451;17;16;3;0;3;0;0;14;3;8;5;0;3;3;3;0;3;3;0;0;0;0;0;0;0;0;3;0;0;0;0;0;0;0;3;0;3;14;0;0;0;0;0;3;0;0;0;0;0;0;0;0;3;3;3;5;3;0;0;3;15;3;0;17;0;0;0;0;0;0;0;0;0;0;0;0;
2024;2025;73192528;2731900;1252800;3402;14452;35;25;10;3;5;3;0;28;12;10;6;0;7;3;3;3;3;23;0;0;0;3;3;3;0;3;3;3;3;6;3;3;3;3;0;3;0;12;0;0;3;0;0;0;0;0;0;3;3;3;3;0;3;0;0;3;3;3;3;5;19;7;0;34;0;0;0;0;3;0;0;0;0;0;0;0;
2024;2025;72442539;2724400;1253900;3405;14454;6;3;4;3;3;3;0;3;0;3;3;0;3;0;3;3;0;6;0;0;0;0;0;3;3;0;0;0;0;0;3;0;0;0;3;0;0;0;0;0;0;0;0;0;0;0;0;0;0;0;0;0;0;0;0;0;0;3;0;3;3;0;0;4;3;0;0;0;0;0;0;0;0;0;0;0;
2024;2025;72712547;2727100;1254700;3407;14456;24;14;10;9;3;0;0;15;3;10;4;0;9;5;3;0;3;12;0;0;0;0;0;3;3;3;3;3;0;0;0;0;3;3;0;0;3;12;3;0;0;0;0;0;0;0;3;0;0;0;0;3;3;0;3;3;3;3;4;4;11;3;0;21;3;3;0;0;0;0;0;0;0;0;0;0;
2024;2025;72852563;2728500;1256300;3408;14457;48;42;6;4;3;0;0;37;10;13;14;0;11;8;3;0;3;25;3;3;0;0;3;0;3;3;3;3;0;3;3;3;3;3;3;3;3;23;3;0;0;3;0;3;0;3;0;0;0;3;0;3;3;3;3;3;6;3;5;3;32;7;0;45;3;3;0;3;0;0;0;0;0;0;0;0;
2024;2025;73312587;2733100;1258700;3422;14459;5;5;0;0;0;0;0;5;3;4;0;0;0;0;0;0;0;3;0;0;0;0;0;0;0;0;0;0;0;0;0;0;3;0;0;0;3;3;0;0;0;0;0;0;0;0;0;0;0;0;0;0;0;3;3;0;0;0;0;0;4;3;0;5;0;0;0;0;0;0;0;0;0;0;0;0;
2024;2025;73172598;2731700;1259800;3423;14460;15;15;0;0;0;0;0;14;3;8;4;0;3;3;0;0;0;7;0;0;0;0;0;0;3;0;0;0;3;0;0;0;0;0;3;3;3;8;0;0;0;0;0;0;0;0;0;0;3;0;0;0;0;3;3;3;4;0;3;3;10;3;0;15;0;0;0;0;0;0;0;0;0;0;0;0;
2024;2025;72992570;2729900;1257000;3424;14461;29;26;3;0;3;0;0;24;0;15;9;0;5;3;3;0;0;11;0;3;0;0;0;0;0;3;0;0;3;0;3;0;3;0;3;3;3;18;0;0;0;0;0;0;0;3;0;3;3;0;0;0;3;3;3;8;3;0;5;3;19;4;0;29;0;0;0;0;0;3;0;0;3;0;0;0;1
2024;2025;72602596;2726000;1259600;3426;14463;12;12;0;0;0;0;0;11;3;6;4;0;3;3;0;0;0;6;0;0;0;0;0;0;0;3;0;0;0;0;0;3;3;0;3;3;0;6;0;0;0;0;0;3;3;0;0;0;0;0;3;0;3;3;0;0;3;0;3;3;8;3;0;12;0;0;0;0;0;0;0;0;0;0;0;0;
2024;2025;72102580;2721000;1258000;3427;15610;102;82;20;9;8;3;0;77;16;28;33;0;25;11;5;8;3;56;0;0;0;0;3;5;7;3;13;3;3;5;3;3;3;6;3;3;0;46;0;0;3;3;0;0;3;3;3;3;3;3;3;3;0;4;9;9;10;3;21;4;64;10;0;99;3;3;0;0;0;0;0;0;0;0;0;0;
2024;2025;73852555;2738500;1255500;3441;14464;7;7;0;0;0;0;0;5;0;3;3;0;3;3;0;0;0;3;0;0;0;0;0;0;0;0;0;0;3;0;3;0;0;0;0;0;0;5;0;0;0;0;0;0;0;0;0;0;0;0;0;0;3;0;0;0;4;0;3;0;5;3;0;7;0;0;0;0;0;0;0;0;0;0;0;0;
2024;2025;74322544;2743200;1254400;3442;14465;30;28;3;3;0;3;0;26;3;15;9;0;4;3;0;3;0;16;3;0;0;3;0;0;3;0;3;0;3;3;3;0;3;3;3;3;3;14;0;3;0;0;0;3;0;0;3;0;3;0;0;3;0;0;3;3;4;0;9;3;14;5;3;29;3;0;0;0;0;0;0;0;0;0;0;0;
2024;2025;73652532;2736500;1253200;3443;14466;60;46;14;9;3;3;0;42;3;23;18;0;18;11;3;4;3;33;0;0;0;3;3;3;5;3;4;0;3;3;4;3;3;0;3;0;3;27;0;0;0;0;3;4;3;0;3;3;3;3;3;0;3;3;4;3;5;5;13;3;35;5;0;55;3;3;3;0;0;0;0;0;0;0;0;0;
2024;2025;73922592;2739200;1259200;3444;14467;9;8;3;3;0;0;0;9;3;5;3;0;0;0;0;0;0;3;0;0;0;0;0;0;0;3;0;0;0;0;0;0;0;0;0;3;0;7;0;3;0;0;0;0;0;0;0;3;0;0;0;3;0;3;0;0;3;0;3;0;3;6;0;9;0;0;0;0;0;0;0;0;0;0;0;0;
2024;2025;76181773;2761800;1177300;3506;15962;12;10;3;3;0;0;0;10;3;5;3;0;3;3;0;0;0;6;0;0;0;0;3;0;0;0;3;0;0;3;3;3;0;3;0;0;0;6;0;0;0;0;0;0;0;3;0;0;0;0;0;3;0;3;0;3;3;3;3;0;4;3;0;10;0;3;3;0;0;0;0;0;0;0;0;0;
2024;2025;76251724;2762500;1172400;3513;15963;10;8;3;3;0;0;0;8;3;3;3;0;3;3;0;0;0;5;0;0;0;0;0;0;0;0;0;3;0;0;3;3;3;0;0;0;0;5;0;0;0;0;0;0;0;0;0;0;0;0;0;0;0;0;0;0;5;3;0;0;4;5;0;9;0;0;3;0;0;3;3;0;0;0;0;0;1
2024;2025;77081732;2770800;1173200;3514;15964;10;9;3;3;0;0;0;9;4;3;3;0;3;3;0;0;0;5;0;0;0;0;0;0;0;0;0;0;3;0;0;0;0;0;3;0;3;5;0;0;0;0;0;0;0;0;0;0;0;0;0;0;3;3;3;0;3;3;0;0;4;5;0;9;0;0;3;0;0;0;0;0;0;0;0;0;
2024;2025;76881721;2768800;1172100;3542;16062;11;11;0;0;0;0;0;10;3;5;3;0;3;3;0;0;0;3;0;0;0;0;0;0;0;0;0;0;0;0;0;0;0;0;3;0;3;8;0;0;0;0;0;0;0;0;0;0;0;0;3;0;0;0;0;3;4;0;0;0;8;3;0;11;0;0;0;0;0;0;0;0;0;0;0;0;
2024;2025;76551627;2765500;1162700;3543;16068;14;13;3;3;0;0;0;13;7;3;4;0;3;3;0;0;0;5;0;0;0;0;0;0;0;0;0;0;0;3;3;3;0;0;0;0;3;9;0;0;0;0;0;0;0;0;0;0;0;3;0;0;3;3;5;0;3;0;3;0;5;6;0;14;0;0;0;0;0;0;0;0;0;0;0;0;
2024;2025;77671667;2776700;1166700;3544;16085;7;7;0;0;0;0;0;7;3;3;3;0;0;0;0;0;0;3;0;0;0;0;0;0;0;0;0;0;0;0;0;0;0;3;3;0;0;4;0;0;0;0;0;0;0;0;0;0;0;0;0;0;0;3;3;0;3;0;0;0;6;3;0;7;0;0;0;0;0;0;0;0;0;0;0;0;
2024;2025;80721264;2807200;1126400;3551;15967;3;0;3;3;3;0;0;0;0;0;0;0;3;3;3;0;0;3;0;0;0;0;3;0;0;0;0;0;0;0;0;0;0;0;0;0;0;3;0;0;0;0;0;0;3;0;0;0;0;0;0;0;0;0;0;0;0;0;3;0;0;0;0;3;0;0;0;0;0;0;0;0;0;0;0;0;
2024;2025;80171338;2801700;1133800;3561;15968;6;3;5;5;0;0;0;3;0;0;3;0;4;4;0;0;0;4;0;0;0;0;0;0;0;0;0;0;0;3;3;3;0;0;0;3;0;3;0;0;0;0;0;0;0;0;0;3;0;0;0;0;0;3;0;0;0;0;0;0;6;0;0;6;0;0;0;0;0;0;0;0;0;0;0;0;
2024;2025;73691849;2736900;1184900;3572;15969;3;3;0;0;0;0;0;3;0;3;0;0;0;0;0;0;0;3;0;0;0;0;0;0;0;0;0;0;0;0;0;0;3;0;0;0;0;0;0;0;0;0;0;0;0;0;0;0;0;0;0;0;0;0;0;0;0;0;0;0;0;3;0;3;0;0;0;0;0;0;0;0;0;0;0;0;
2024;2025;73881854;2738800;1185400;3575;15970;5;3;3;0;3;3;0;3;0;0;3;0;3;0;3;3;0;3;0;0;0;0;0;0;0;0;3;0;0;0;0;0;0;3;0;0;0;3;0;0;0;0;0;0;0;0;0;3;0;0;0;0;0;0;0;3;0;0;3;3;3;0;0;5;0;0;0;0;0;0;0;0;0;0;0;0;
2024;2025;73871838;2738700;1183800;3581;15971;6;6;0;0;0;0;0;5;3;3;3;0;3;3;0;0;0;3;0;0;0;0;0;0;0;0;0;0;0;0;3;0;0;0;3;0;0;4;0;0;0;0;0;0;0;0;0;0;0;0;0;0;0;0;0;3;3;0;3;0;5;0;0;6;0;0;0;0;0;0;0;0;0;0;0;0;
2024;2025;73671835;2736700;1183500;3582;15972;3;3;0;0;0;0;0;3;3;3;0;0;0;0;0;0;0;3;0;0;0;0;0;0;0;0;0;0;0;0;0;3;0;0;0;0;0;3;0;0;0;0;0;0;0;0;0;0;0;0;0;0;0;0;0;3;3;0;0;0;3;3;0;3;0;0;0;0;0;0;0;0;0;0;0;0;
2024;2025;73341643;2733400;1164300;3603;16063;3;3;0;0;0;0;0;3;0;3;0;0;0;0;0;0;0;3;0;0;0;0;0;0;0;0;0;0;0;0;0;0;3;3;0;0;0;0;0;0;0;0;0;0;0;0;0;0;0;0;0;0;0;0;0;0;0;0;0;0;0;3;0;3;0;0;0;0;0;0;0;0;0;0;0;0;
2024;2025;73271755;2732700;1175500;3618;16058;39;37;3;3;0;0;0;36;3;6;27;0;3;3;0;0;0;23;3;0;3;3;0;3;4;3;3;0;4;3;3;0;3;3;3;0;0;16;0;0;0;0;3;3;3;3;3;3;3;3;3;0;3;3;3;0;3;5;25;3;0;8;0;34;0;5;0;0;0;0;0;0;0;0;0;0;
2024;2025;73491819;2734900;1181900;3619;16061;32;31;3;3;0;0;0;31;12;12;7;0;3;3;0;0;0;8;0;0;0;0;0;3;0;0;0;0;0;0;3;0;0;3;3;0;3;24;0;0;3;0;0;3;0;0;0;0;0;0;0;3;3;3;4;5;6;0;6;3;14;10;0;32;0;0;0;0;0;0;0;0;0;0;0;0;
2024;2025;75351764;2753500;1176400;3633;15975;3;3;0;0;0;0;0;3;0;3;0;0;0;0;0;0;0;3;0;0;0;0;0;0;0;0;0;0;3;0;0;0;0;0;0;0;0;0;0;0;0;0;0;0;0;0;0;0;0;0;0;0;0;0;0;0;0;0;0;0;3;0;0;3;0;0;0;0;0;0;0;0;0;0;0;0;
2024;2025;75181817;2751800;1181700;3637;15976;3;3;0;0;0;0;0;3;0;3;0;0;0;0;0;0;0;3;0;0;0;0;0;0;3;0;0;0;0;0;0;0;0;0;0;0;0;0;0;0;0;0;0;0;0;0;0;0;0;0;0;0;0;0;0;0;0;0;3;0;0;0;0;3;0;0;0;0;0;0;0;0;0;0;0;0;
2024;2025;75451760;2754500;1176000;3638;15977;9;9;0;0;0;0;0;9;3;3;4;0;0;0;0;0;0;3;0;0;0;0;0;0;0;0;0;0;0;0;0;0;0;0;3;0;0;8;0;0;0;0;0;0;0;0;0;0;0;0;0;0;0;3;3;4;3;0;3;3;7;0;0;9;0;0;0;0;0;0;0;0;0;0;0;0;
2024;2025;75411741;2754100;1174100;3640;15978;10;7;3;3;0;3;0;6;0;5;3;0;4;3;0;3;0;4;0;0;0;0;0;3;3;0;0;0;0;0;0;0;0;0;3;0;3;6;0;0;0;0;0;0;0;0;0;0;0;0;0;0;3;3;3;0;3;0;3;3;8;0;0;10;0;0;0;0;0;0;0;0;0;0;0;0;
2024;2025;75221764;2752200;1176400;3661;16051;75;17;58;0;12;46;0;21;3;15;3;0;54;3;11;42;0;57;4;3;0;28;6;3;4;3;0;3;0;3;0;3;0;3;0;3;0;18;0;3;3;0;0;3;3;3;3;0;0;3;0;0;0;3;3;3;3;26;28;3;10;4;4;45;23;6;0;3;0;3;0;0;3;0;0;0;1
2024;2025;75291735;2752900;1173500;3668;16084;19;18;3;3;0;0;0;17;5;8;4;0;3;3;3;0;0;8;0;0;0;0;3;0;0;3;3;0;3;3;0;0;0;3;0;0;0;11;0;0;0;3;0;0;0;0;0;0;0;3;0;3;3;0;3;3;3;0;3;3;11;3;0;19;0;0;0;0;0;0;0;0;0;0;0;0;
2024;2025;74861725;2748600;1172500;3669;15982;3;3;0;0;0;0;0;3;3;3;0;0;0;0;0;0;0;3;0;0;0;0;0;0;0;0;0;0;0;0;0;0;0;0;0;3;0;3;0;0;0;0;0;0;0;0;0;0;0;0;0;0;0;0;0;3;0;0;0;0;0;3;0;3;0;0;0;0;0;0;0;0;0;0;0;0;
2024;2025;75021730;2750200;1173000;3670;15983;3;3;0;0;0;0;0;3;0;3;0;0;0;0;0;0;0;3;0;0;0;0;0;0;0;0;0;0;0;0;0;0;0;3;0;0;0;3;0;0;0;0;0;0;0;0;0;0;0;0;0;0;0;0;0;3;0;0;0;0;0;3;0;3;0;0;0;0;0;0;0;0;0;0;0;0;
2024;2025;74081835;2740800;1183500;3672;16057;13;13;0;0;0;0;0;13;8;4;3;0;0;0;0;0;0;5;0;0;0;0;0;0;0;0;0;0;0;0;0;0;0;0;3;3;3;8;0;0;0;0;0;0;0;0;0;0;0;0;0;0;0;0;0;3;5;0;0;0;3;11;0;13;0;0;0;0;0;0;0;0;0;0;0;0;
2024;2025;75301810;2753000;1181000;3673;16064;22;22;0;0;0;0;0;22;3;11;10;0;0;0;0;0;0;6;0;0;0;0;0;0;0;0;0;0;0;0;0;3;0;3;0;3;3;16;0;0;0;0;0;0;0;0;0;0;0;0;0;0;3;0;3;6;7;0;3;0;13;8;0;22;0;0;0;0;0;0;0;0;0;0;0;0;
2024;2025;75931489;2759300;1148900;3681;15984;3;3;0;0;0;0;0;3;3;0;0;0;0;0;0;0;0;3;0;0;0;0;0;0;0;0;0;0;0;0;0;0;0;0;0;0;3;0;0;0;0;0;0;0;0;0;0;0;0;0;0;0;0;0;0;0;0;0;0;0;0;3;0;3;0;0;0;0;0;0;0;0;0;0;0;0;
2024;2025;75231632;2752300;1163200;3701;16048;5;5;0;0;0;0;0;4;3;3;0;0;3;3;0;0;0;3;0;0;0;0;0;0;0;0;0;0;0;3;0;0;0;0;0;0;0;4;0;0;0;0;0;0;3;0;0;0;0;0;0;0;0;0;0;3;3;0;3;0;4;0;0;5;0;0;0;0;0;0;0;0;0;0;0;0;
2024;2025;75351668;2753500;1166800;3712;15992;3;3;0;0;0;0;0;3;3;3;0;0;0;0;0;0;0;0;0;0;0;0;0;0;0;0;0;0;0;0;0;0;0;0;0;0;0;3;0;0;0;0;0;0;0;0;0;0;0;0;0;0;0;0;0;0;3;0;0;0;3;3;0;3;0;0;0;0;0;0;0;0;0;0;0;0;
2024;2025;74451575;2744500;1157500;3714;16125;4;4;0;0;0;0;0;4;0;4;0;0;0;0;0;0;0;4;0;0;0;0;0;0;0;0;0;0;0;0;3;0;0;3;3;3;0;0;0;0;0;0;0;0;0;0;0;0;0;0;0;0;0;0;0;0;0;0;0;3;3;3;0;4;0;0;0;0;0;0;0;0;0;0;0;0;
2024;2025;75131670;2751300;1167000;3715;16598;6;6;0;0;0;0;0;6;3;0;3;0;0;0;0;0;0;3;0;0;0;0;0;0;0;0;0;0;3;0;0;0;0;0;0;0;0;5;0;0;3;0;0;0;0;0;0;0;0;0;0;0;0;0;0;3;3;0;0;3;3;3;0;6;0;0;0;0;0;0;0;0;0;0;0;0;
2024;2025;74961864;2749600;1186400;3721;15993;29;28;3;3;0;0;0;24;4;12;8;0;5;5;0;0;0;7;0;0;0;0;0;3;0;0;0;3;0;0;0;0;0;0;3;3;3;22;0;0;0;0;0;0;0;0;0;0;0;0;0;3;3;3;6;6;3;0;4;3;21;3;0;29;0;0;0;0;0;0;0;0;0;0;0;0;
2024;2025;75351891;2753500;1189100;3722;15994;39;36;3;3;0;3;0;36;5;24;7;0;3;3;3;0;0;17;0;0;0;0;0;3;3;0;4;0;3;3;3;3;3;3;3;3;0;22;0;0;0;0;0;3;0;0;0;0;3;0;3;3;3;3;3;4;4;0;8;3;21;8;0;39;0;0;0;0;0;0;0;0;0;0;0;0;
2024;2025;74951849;2749500;1184900;3723;15995;13;13;0;0;0;0;0;12;4;5;3;0;3;3;0;0;0;4;0;0;0;0;0;0;0;0;0;0;0;0;3;0;0;0;3;3;0;9;0;0;0;0;0;0;0;0;0;0;0;0;0;0;3;0;3;3;3;0;3;0;8;4;0;13;0;0;0;0;0;0;0;0;0;0;0;0;
2024;2025;75551904;2755500;1190400;3731;15996;8;7;3;0;3;0;0;7;3;3;3;0;3;0;3;0;0;3;0;0;0;0;0;0;0;0;0;3;0;0;0;0;0;0;0;0;0;7;0;0;0;0;0;0;0;3;3;0;3;0;0;0;0;0;3;3;3;0;3;0;4;3;0;8;0;0;0;0;0;0;0;0;0;0;0;0;
2024;2025;74081890;2740800;1189000;3732;15997;3;3;0;0;0;0;0;3;0;3;3;0;0;0;0;0;0;3;0;0;0;0;0;0;0;0;0;0;0;3;0;0;0;0;0;0;0;3;0;0;0;0;0;0;0;0;0;0;0;0;0;3;0;0;0;3;0;0;0;0;3;3;0;3;0;0;0;0;0;0;0;0;0;0;0;0;
2024;2025;75021885;2750200;1188500;3733;15998;4;3;3;3;0;0;0;3;3;3;0;0;3;0;0;3;0;3;0;0;0;0;0;0;0;0;0;0;0;0;0;0;0;3;0;0;0;3;0;0;0;0;0;0;0;0;0;0;3;0;0;0;0;0;3;0;3;0;3;0;3;3;0;4;0;0;0;0;0;0;0;0;0;0;0;0;
2024;2025;74681882;2746800;1188200;3734;15999;11;11;0;0;0;0;0;11;3;8;3;0;0;0;0;0;0;3;0;0;0;0;0;0;0;0;0;0;0;0;0;0;0;0;3;3;0;9;0;0;0;0;0;0;0;0;0;0;3;3;0;0;3;3;0;3;3;0;3;3;8;3;0;11;0;0;0;0;0;0;0;0;0;0;0;0;
2024;2025;80321756;2803200;1175600;3746;16066;16;15;3;3;0;0;0;12;3;7;3;0;4;4;0;0;0;9;0;0;0;0;0;0;0;0;0;0;0;0;3;3;0;3;3;3;3;7;0;0;0;0;0;0;0;0;0;3;0;0;0;0;0;3;0;3;3;0;0;3;12;3;0;16;0;0;0;0;0;0;0;0;0;0;0;0;
2024;2025;82771954;2827700;1195400;3764;16059;5;5;0;0;0;0;0;5;4;0;3;0;0;0;0;0;0;0;0;0;0;0;0;0;0;0;0;0;0;0;0;0;0;0;0;0;0;5;0;0;0;0;0;0;0;0;0;0;0;0;0;0;0;0;3;3;3;0;0;0;3;3;0;5;0;0;0;0;0;0;0;0;0;0;0;0;
2024;2025;78591541;2785900;1154100;3782;16002;12;11;3;3;0;0;0;9;3;4;3;0;3;3;0;0;0;6;0;0;0;0;0;0;0;0;0;0;0;3;3;3;0;3;0;3;0;6;0;0;0;0;0;0;0;0;0;0;0;0;0;3;3;3;3;3;0;0;3;0;11;0;0;12;0;0;0;0;0;0;0;0;0;0;0;0;
2024;2025;78931519;2789300;1151900;3784;16004;20;17;3;3;0;0;0;14;3;8;5;0;6;5;0;3;0;7;0;0;0;0;0;0;0;0;0;0;3;0;3;3;3;0;3;0;3;13;0;0;0;0;0;3;0;0;0;0;0;0;3;0;3;3;3;3;4;3;3;4;12;3;0;19;0;0;3;0;0;3;0;3;3;0;0;0;1
2024;2025;79121612;2791200;1161200;3785;16586;8;7;3;3;0;0;0;6;0;4;3;0;3;3;0;0;0;3;0;0;0;0;0;0;0;0;0;0;0;0;0;3;3;0;0;0;0;6;0;0;0;0;0;0;0;0;3;0;0;0;3;0;3;0;0;3;0;0;3;3;6;0;0;8;0;0;0;0;0;3;3;0;0;0;0;0;1
2024;2025;78661565;2786600;1156500;3786;16006;5;5;0;0;0;0;0;5;3;3;0;0;0;0;0;0;0;3;0;0;0;0;0;0;0;0;0;3;0;3;0;3;0;0;0;0;0;3;0;0;0;0;0;0;0;0;0;0;0;0;0;0;0;0;3;0;3;0;3;3;3;3;0;5;0;0;0;0;0;0;0;0;0;0;0;0;
2024;2025;78421524;2784200;1152400;3787;16007;33;25;8;8;0;0;0;22;3;11;9;0;11;11;0;0;0;15;0;0;0;0;0;0;0;3;3;0;0;3;3;3;3;3;3;3;3;18;0;0;0;0;0;0;0;0;0;0;0;3;0;0;3;3;3;7;5;0;3;3;20;8;0;33;0;0;0;0;0;0;0;0;0;0;0;0;
2024;2025;79491654;2794900;1165400;3788;16008;4;4;0;0;0;0;0;3;0;3;3;0;3;3;0;0;0;3;0;0;0;0;0;0;0;0;0;0;0;0;0;0;0;0;0;3;0;3;0;0;0;0;0;0;0;0;0;0;0;0;0;0;3;0;3;3;0;0;0;0;4;0;0;4;0;0;0;0;0;0;0;0;0;0;0;0;
2024;2025;77861447;2778600;1144700;3789;16009;3;3;3;3;0;0;0;0;0;0;0;0;3;3;0;3;0;3;0;0;0;0;0;0;0;0;3;0;3;0;0;0;0;0;0;0;0;0;0;0;0;0;0;0;0;0;0;0;0;0;0;0;0;0;0;0;0;0;3;3;0;0;0;3;0;0;0;0;0;0;0;0;0;0;0;0;
2024;2025;78101481;2781000;1148100;3790;16010;9;7;3;3;0;0;0;6;3;3;3;0;3;3;0;3;0;4;0;0;0;0;0;0;0;0;0;0;0;0;0;0;0;3;3;0;3;5;0;0;0;0;0;3;0;0;0;0;0;0;0;0;0;0;3;3;3;3;0;3;5;3;0;7;3;0;0;0;0;0;0;0;0;0;0;0;
2024;2025;79311643;2793100;1164300;3791;16011;8;7;3;3;0;0;0;7;3;3;3;0;3;3;0;0;0;4;0;0;0;0;0;0;0;0;0;0;0;0;0;0;3;0;3;0;3;4;0;0;0;0;0;0;0;0;0;0;0;0;3;0;0;0;0;3;3;0;0;0;6;3;0;8;0;0;0;0;0;0;0;0;0;0;0;0;
2024;2025;76561347;2765600;1134700;3792;16052;3;3;0;0;0;0;0;3;3;0;0;0;0;0;0;0;0;0;0;0;0;0;0;0;0;0;0;0;0;0;0;0;0;0;0;0;0;3;0;0;0;0;0;0;0;0;0;0;0;0;0;0;0;3;0;0;0;0;0;0;3;0;0;3;0;0;0;0;0;0;0;0;0;0;0;0;
2024;2025;73131242;2731300;1124200;3805;16013;8;8;0;0;0;0;0;7;3;3;3;0;3;3;0;0;0;3;0;0;0;0;0;0;0;0;0;0;0;0;0;0;0;0;0;3;0;7;0;0;0;0;0;0;0;0;0;0;0;0;0;0;0;0;0;3;4;0;0;3;6;3;0;8;0;0;0;0;0;0;0;0;0;0;0;0;
2024;2025;73151250;2731500;1125000;3810;16015;3;3;0;0;0;0;0;3;0;0;3;0;3;3;0;0;0;3;0;0;0;0;0;0;0;0;0;0;0;0;3;0;0;0;0;0;0;3;0;0;0;0;0;0;0;0;0;0;0;3;0;0;0;0;0;0;0;0;3;0;0;0;0;3;0;0;0;0;0;0;0;0;0;0;0;0;
2024;2025;73531306;2735300;1130600;3821;16016;5;4;3;3;0;0;0;4;3;3;3;0;3;3;0;0;0;4;0;0;0;0;0;0;0;0;0;3;0;0;0;0;0;0;0;3;3;3;0;0;0;0;0;0;0;0;0;0;0;0;0;0;0;0;0;3;0;3;0;0;4;0;0;4;3;0;0;0;0;0;0;0;0;0;0;0;
2024;2025;73801395;2738000;1139500;3822;16017;4;3;3;3;0;0;0;3;0;0;3;0;3;3;0;0;0;3;0;0;0;0;0;3;0;0;0;3;0;0;0;0;3;0;0;0;0;3;0;0;0;0;0;0;0;0;0;0;0;0;3;0;0;0;0;0;0;3;3;3;0;3;0;3;0;3;0;0;0;0;0;0;0;0;0;0;
2024;2025;73731366;2737300;1136600;3823;16018;3;3;0;0;0;0;0;3;0;0;3;0;0;0;0;0;0;3;0;0;0;0;0;0;0;0;0;0;0;3;0;0;0;0;0;0;0;0;0;0;0;0;0;0;0;0;0;0;0;0;0;0;0;0;0;0;0;0;0;0;3;0;0;3;0;0;0;0;0;0;0;0;0;0;0;0;
2024;2025;73371258;2733700;1125800;3831;16019;3;3;3;3;0;0;0;3;3;3;0;0;0;0;0;0;0;0;0;0;0;0;0;0;0;0;0;0;0;0;0;0;0;0;0;0;0;3;0;0;0;0;0;0;0;0;0;0;0;0;0;0;0;3;3;0;0;0;0;0;0;3;0;3;0;0;0;0;0;0;0;0;0;0;0;0;
2024;2025;73191233;2731900;1123300;3832;15695;20;9;11;9;0;3;0;8;3;3;5;0;12;6;3;4;0;12;0;0;0;0;0;3;0;0;3;0;3;3;3;3;0;0;0;0;0;8;0;3;3;0;0;0;3;0;3;0;3;0;0;0;0;0;0;0;3;7;4;3;7;3;0;13;3;0;6;0;0;0;0;0;0;0;0;0;
2024;2025;73071222;2730700;1122200;3834;16020;20;17;3;3;0;0;0;16;7;4;5;0;4;3;3;0;0;8;0;0;0;0;0;0;0;0;0;0;3;3;0;3;0;3;0;0;3;12;0;0;0;0;0;0;0;0;0;0;3;0;0;3;0;0;3;3;4;0;3;3;9;7;0;20;0;0;0;0;0;0;0;0;0;0;0;0;
2024;2025;72881221;2728800;1122100;3835;16021;3;3;0;0;0;0;0;3;0;0;3;0;3;3;0;0;0;3;0;0;0;0;0;3;0;0;0;0;0;0;0;0;0;0;0;0;0;3;0;0;0;0;0;0;0;0;0;0;0;0;0;0;0;0;0;3;0;0;0;3;0;3;0;3;0;0;0;0;0;0;0;0;0;0;0;0;
2024;2025;72901293;2729000;1129300;3837;16067;3;3;0;0;0;0;0;3;0;3;0;0;0;0;0;0;0;0;0;0;0;0;0;0;0;0;0;0;0;0;0;0;0;0;0;0;0;3;0;0;0;0;0;0;0;0;0;0;0;0;0;0;3;0;0;0;0;0;0;0;0;3;0;3;0;0;0;0;0;0;0;0;0;0;0;0;
2024;2025;82881657;2828800;1165700;3847;16049;5;3;3;0;3;0;0;3;0;3;3;0;3;0;3;0;0;3;3;0;0;0;0;0;0;0;0;0;3;0;3;0;0;0;0;0;0;3;0;0;0;0;0;0;0;0;3;0;0;0;0;0;0;0;3;0;0;0;3;0;3;0;3;5;0;0;0;0;0;3;0;3;0;0;0;0;1
2024;2025;78221857;2782200;1185700;3851;16047;26;19;7;7;0;0;0;17;3;3;11;0;9;7;0;3;0;17;0;0;3;0;3;3;3;0;3;3;3;3;0;3;3;4;0;0;3;9;0;0;3;0;0;3;0;3;3;0;0;0;0;3;0;3;0;0;3;3;4;4;12;3;0;23;0;3;3;0;0;0;0;0;0;0;0;0;
2024;2025;77551986;2775500;1198600;3861;16022;7;7;0;0;0;0;0;7;3;3;3;0;0;0;0;0;0;0;0;0;0;0;0;0;0;0;0;0;0;0;0;0;0;0;0;0;0;7;0;0;0;0;0;0;0;0;0;0;0;3;0;0;0;0;3;3;4;0;3;0;3;4;0;7;0;0;0;0;0;0;0;0;0;0;0;0;
2024;2025;77052009;2770500;1200900;3862;16023;3;3;0;0;0;0;0;3;3;0;0;0;0;0;0;0;0;0;0;0;0;0;0;0;0;0;0;0;0;0;0;0;0;0;0;0;0;3;0;0;0;0;0;0;0;0;0;0;0;0;0;0;0;0;0;3;0;0;0;0;0;3;0;3;0;0;0;0;0;0;0;0;0;0;0;0;
2024;2025;77342001;2773400;1200100;3863;16024;3;3;0;0;0;0;0;3;3;0;0;0;0;0;0;0;0;0;0;0;0;0;0;0;0;0;0;0;0;0;0;0;0;0;0;0;0;3;0;0;0;0;0;0;0;0;0;0;0;0;0;0;3;0;0;0;0;0;0;0;0;3;0;3;0;0;0;0;0;0;0;0;0;0;0;0;
2024;2025;78601945;2786000;1194500;3871;16610;8;8;0;0;0;0;0;7;0;4;3;0;3;3;0;0;0;4;0;0;0;0;0;0;0;3;0;0;0;3;3;0;3;0;0;0;0;4;0;0;0;0;0;0;3;0;0;0;0;0;0;0;0;0;3;3;3;0;0;0;4;4;0;8;0;0;0;0;0;0;0;0;0;0;0;0;
2024;2025;77801986;2778000;1198600;3882;16026;7;7;0;0;0;0;0;6;3;3;0;0;3;3;0;0;0;3;0;0;0;0;0;0;0;0;0;0;0;0;0;0;0;0;3;0;3;4;0;0;0;0;0;0;0;0;0;0;0;0;0;0;0;0;0;3;3;0;0;3;5;3;0;7;0;0;0;0;0;0;0;0;0;0;0;0;
2024;2025;77721992;2777200;1199200;3891;16071;8;8;0;0;0;0;0;8;3;4;3;0;0;0;0;0;0;5;0;0;0;0;0;0;0;0;0;0;0;0;3;3;0;3;3;0;0;3;0;0;0;0;0;0;0;0;0;0;0;0;3;0;0;3;0;3;0;0;0;3;4;3;0;8;0;0;0;0;0;0;0;0;0;0;0;0;
2024;2025;75931910;2759300;1191000;3901;16599;180;148;32;7;5;18;3;145;70;28;45;3;35;9;5;20;3;97;3;3;3;3;4;11;5;7;11;4;11;11;7;7;4;3;3;6;3;83;3;3;3;4;3;4;3;5;3;3;4;7;4;8;4;4;7;9;9;5;41;31;78;24;3;173;5;0;0;3;3;0;0;0;0;0;0;0;
2024;2025;76061833;2760600;1183300;3911;16053;17;17;0;0;0;0;0;17;0;9;8;0;0;0;0;0;0;9;0;0;3;3;0;0;0;0;3;0;0;3;3;3;3;0;0;0;0;8;0;0;0;0;0;0;0;0;3;3;0;3;0;0;0;0;0;3;3;3;4;3;9;3;0;16;3;0;0;0;0;0;0;0;0;0;0;0;
2024;2025;77081832;2770800;1183200;3921;16060;5;5;0;0;0;0;0;4;3;3;3;0;3;3;0;0;0;3;0;0;0;0;0;0;0;0;0;0;0;0;3;0;0;0;0;3;0;3;0;0;0;0;0;0;0;0;0;0;0;0;0;0;0;3;0;3;0;3;0;0;3;3;0;4;3;0;0;0;0;0;0;0;0;0;0;0;
2024;2025;76551874;2765500;1187400;3932;16050;3;3;0;0;0;0;0;3;0;3;0;0;0;0;0;0;0;3;0;0;0;0;0;0;0;0;0;0;0;0;0;3;0;0;0;0;0;0;0;0;0;0;0;0;0;0;0;0;0;0;0;0;0;0;0;0;0;0;0;0;3;0;0;3;0;0;0;0;0;0;0;0;0;0;0;0;
2024;2025;76201963;2762000;1196300;3945;16046;12;12;0;0;0;0;0;11;3;6;4;0;3;3;0;0;0;5;0;0;0;0;0;0;0;0;0;0;0;0;0;3;3;0;0;3;3;7;0;0;0;0;0;0;0;0;0;0;0;0;0;0;3;0;3;3;3;0;0;0;8;4;0;12;0;0;0;0;0;0;0;0;0;0;0;0;
2024;2025;75961996;2759600;1199600;3946;16030;28;28;0;0;0;0;0;27;10;13;4;0;3;3;0;0;0;7;0;0;0;0;0;0;0;0;0;0;0;0;0;0;3;0;3;4;3;21;0;0;0;0;0;0;0;0;0;3;3;0;0;0;3;3;4;6;5;0;0;3;16;10;0;28;0;0;0;0;0;0;0;0;0;0;0;0;
2024;2025;76182004;2761800;1200400;3947;16031;12;10;3;3;0;0;0;10;0;3;7;0;3;3;0;0;0;6;0;0;0;0;0;3;0;0;0;3;3;0;0;3;0;0;0;3;3;6;0;0;0;0;0;0;0;0;0;0;0;0;0;3;0;0;3;0;3;3;0;3;9;0;0;10;3;0;3;0;0;0;0;0;0;0;0;0;
2024;2025;75772104;2757700;1210400;3951;16032;4;4;0;0;0;0;0;4;3;3;3;0;0;0;0;0;0;0;0;0;0;0;0;0;0;0;0;0;0;0;0;0;0;0;0;0;0;4;0;0;0;0;0;0;0;0;0;0;0;0;0;0;0;3;0;3;3;0;0;0;3;3;0;4;0;0;0;0;0;0;0;0;0;0;0;0;
2024;2025;76102078;2761000;1207800;3952;16033;3;3;0;0;0;0;0;3;3;0;3;0;0;0;0;0;0;0;0;0;0;0;0;0;0;0;0;0;0;0;0;0;0;0;0;0;0;3;0;0;0;0;0;0;0;0;0;0;0;0;0;0;0;0;3;0;3;0;0;0;3;0;0;3;0;0;0;0;0;0;0;0;0;0;0;0;
2024;2025;75912084;2759100;1208400;3953;16034;5;5;0;0;0;0;0;5;0;3;3;0;0;0;0;0;0;3;0;0;0;0;0;0;0;0;0;3;0;0;0;0;0;0;0;0;0;4;0;0;0;0;0;0;0;0;0;0;0;0;0;3;0;0;3;3;0;0;3;0;3;3;0;5;0;0;0;0;0;0;0;0;0;0;0;0;
2024;2025;76272057;2762700;1205700;3954;16035;13;13;0;0;0;0;0;10;3;7;3;0;3;3;0;0;0;3;0;0;0;0;0;0;0;0;0;0;0;0;0;0;0;3;3;0;3;10;0;0;0;0;0;0;0;0;0;0;0;0;0;0;0;0;3;3;6;0;0;3;10;3;0;13;0;0;0;0;0;0;0;0;0;0;0;0;
2024;2025;76132036;2761300;1203600;3955;16055;99;91;8;4;3;3;0;77;3;52;23;0;22;17;3;4;0;44;0;0;0;0;3;0;0;3;3;3;3;4;3;3;3;8;7;3;7;55;0;0;0;0;0;0;0;0;3;0;3;3;3;0;5;6;10;15;14;3;3;7;79;10;0;97;3;0;0;0;3;0;0;0;0;0;0;0;
2024;2025;76802057;2768000;1205700;3961;16054;26;23;3;3;0;0;0;22;5;14;3;0;4;4;0;0;0;12;0;0;0;0;0;0;0;0;0;0;0;0;0;3;3;3;0;3;3;14;0;0;0;0;0;0;0;0;0;0;0;0;0;3;0;3;3;3;6;0;3;3;18;5;0;26;0;0;0;0;0;0;0;0;0;0;0;0;
2024;2025;77132045;2771300;1204500;3962;16036;14;14;0;0;0;0;0;14;3;8;3;0;0;0;0;0;0;5;0;0;0;0;0;0;3;0;0;0;3;3;0;0;3;0;0;0;3;9;0;0;0;0;0;0;0;0;0;0;0;0;0;0;0;3;3;3;4;0;3;3;4;6;0;14;0;0;0;0;0;0;0;0;0;0;0;0;
2024;2025;76722066;2767200;1206600;3972;16037;12;12;0;0;0;0;0;12;3;4;6;0;0;0;0;0;0;5;0;0;0;0;0;0;3;0;0;3;0;0;3;3;0;0;0;0;3;7;0;0;0;0;0;0;0;0;0;0;0;0;3;0;0;0;3;0;5;0;3;0;6;5;0;12;0;0;0;0;0;0;0;0;0;0;0;0;
2024;2025;72291797;2722900;1179700;3981;16086;24;24;0;0;0;0;0;24;9;10;5;0;0;0;0;0;0;7;0;0;0;0;0;0;3;0;0;0;0;0;0;0;0;3;3;3;3;17;0;0;0;0;0;0;0;0;0;0;0;0;0;0;3;0;3;6;8;0;0;3;11;11;0;24;0;0;0;0;0;0;0;0;0;0;0;0;
2024;2025;70811734;2708100;1173400;3982;16039;9;8;3;3;0;0;0;7;3;4;3;0;3;3;0;0;0;4;0;0;0;0;0;0;0;3;0;0;0;0;3;0;0;0;0;3;0;5;0;0;0;0;0;0;0;0;0;0;0;0;0;0;0;3;3;3;3;0;0;3;5;3;0;9;0;0;0;0;0;0;0;0;0;0;0;0;
2024;2025;70871701;2708700;1170100;3983;16040;12;12;0;0;0;0;0;12;8;4;0;0;0;0;0;0;0;4;0;0;0;0;0;0;0;0;0;0;0;0;0;0;0;0;3;3;3;8;0;0;0;0;0;0;0;0;0;0;0;0;0;0;3;3;0;3;3;0;0;0;3;10;0;12;0;0;0;0;0;0;0;0;0;0;0;0;
2024;2025;71471763;2714700;1176300;3985;16041;11;10;3;3;0;0;0;9;6;3;0;0;3;3;0;0;0;4;0;0;0;0;0;0;0;0;0;0;0;3;0;0;0;0;0;3;3;7;0;0;0;0;0;0;0;0;0;0;0;0;0;0;0;3;0;0;6;0;0;0;5;6;0;11;0;0;0;0;0;0;0;0;0;0;0;0;
2024;2025;70161708;2701600;1170800;3986;16042;23;23;0;0;0;0;0;22;13;7;3;0;3;3;0;0;0;6;0;0;0;0;0;0;0;0;0;0;0;0;0;3;3;0;3;3;3;17;0;0;0;0;0;0;0;0;0;0;0;0;3;0;0;3;4;4;7;0;0;3;6;16;0;23;0;0;0;0;0;0;0;0;0;0;0;0;
2024;2025;71831780;2718300;1178000;3987;16056;11;9;3;3;0;0;0;8;6;0;3;0;3;3;0;0;0;5;0;0;0;0;0;0;0;0;0;0;0;0;3;0;3;0;3;0;3;6;0;0;0;0;0;0;0;0;0;0;0;0;0;0;0;0;3;4;3;0;0;3;5;5;0;11;0;0;0;0;0;0;0;0;0;0;0;0;
2024;2025;72701785;2727000;1178500;3988;16069;14;12;3;3;0;0;0;12;3;4;6;0;3;3;0;0;0;7;0;0;0;3;0;0;0;0;0;3;3;0;3;3;0;3;3;0;0;7;0;0;0;0;0;0;0;0;0;3;0;3;0;3;0;3;3;3;3;0;3;3;9;3;0;14;0;0;0;0;0;0;0;0;0;0;0;0;
2024;2025;64582490;2645800;1249000;4001;15385;144;103;41;7;18;16;0;101;36;21;44;0;43;9;16;18;0;78;3;3;3;5;3;6;7;4;8;4;7;10;4;6;3;3;3;3;3;66;3;0;0;3;4;3;3;0;3;3;3;3;3;3;3;6;5;11;13;3;37;12;83;8;3;140;0;0;0;3;3;0;0;0;0;0;0;0;
2024;2025;64852516;2648500;1251600;4002;11916;12;12;0;0;0;0;0;11;3;7;3;0;3;3;0;0;0;3;0;0;0;0;0;0;0;0;0;0;0;0;0;0;3;0;3;3;0;9;0;0;0;0;0;0;0;0;0;0;0;3;0;0;0;3;0;3;3;0;0;3;9;3;0;12;0;0;0;0;0;0;0;0;0;0;0;0;
2024;2025;64762487;2647600;1248700;4003;11454;39;24;15;3;7;6;0;25;0;21;4;0;14;3;7;5;0;22;0;3;0;3;3;3;3;3;3;3;3;3;0;3;3;3;3;0;0;17;0;0;0;3;0;0;3;0;3;3;3;3;0;0;0;0;3;0;4;3;9;5;18;3;3;35;3;0;3;0;0;3;0;0;3;0;0;0;1
2024;2025;64632561;2646300;1256100;4004;11556;10;10;0;0;0;0;0;9;3;4;3;0;3;3;0;0;0;3;0;0;0;0;0;0;0;0;0;0;0;0;0;3;0;0;3;3;0;7;0;0;0;0;0;0;0;0;0;0;0;3;0;0;0;0;3;3;4;0;0;3;5;3;0;10;0;0;0;0;0;0;0;0;0;0;0;0;
2024;2025;64322501;2643200;1250100;4005;14533;42;42;0;0;0;0;0;34;6;13;15;0;8;8;0;0;0;13;0;0;0;0;3;0;3;3;0;0;0;0;0;3;3;3;0;3;3;29;0;0;0;3;0;0;0;0;0;0;0;3;0;3;0;3;3;6;13;0;3;3;34;5;0;42;0;0;0;0;0;0;0;0;0;0;0;0;
2024;2025;65002454;2650000;1245400;4006;12115;16;12;4;3;0;3;0;12;3;5;5;0;4;3;0;3;0;7;0;0;0;0;0;0;0;0;0;0;3;0;3;0;3;3;3;3;3;9;0;0;0;0;0;0;0;3;0;0;0;0;3;3;0;3;3;3;3;0;0;3;10;5;0;16;0;0;0;0;0;0;0;0;0;0;0;0;
2024;2025;64652414;2646500;1241400;4007;12158;8;8;0;0;0;0;0;6;0;3;3;0;3;3;0;0;0;3;0;0;0;0;0;0;0;0;3;0;0;0;0;0;0;0;0;3;0;6;0;0;0;0;0;0;0;0;0;0;0;0;0;0;3;0;3;3;3;0;0;0;7;3;0;8;0;0;0;0;0;0;0;0;0;0;0;0;
2024;2025;64602518;2646000;1251800;4008;12594;33;26;7;4;3;3;0;25;3;11;13;0;8;4;3;3;3;16;0;0;0;0;3;3;3;3;3;3;3;3;3;3;3;3;0;0;3;17;0;0;0;0;0;0;0;3;0;3;0;3;3;3;3;0;3;3;3;0;10;4;18;3;0;33;0;0;0;0;0;0;0;0;0;0;0;0;
2024;2025;64652434;2646500;1243400;4009;12380;18;17;3;3;0;0;0;18;3;11;6;0;0;0;0;0;0;13;0;0;0;0;0;0;3;3;3;0;3;0;3;3;3;3;0;0;0;5;0;0;0;3;3;0;0;0;0;3;0;0;0;0;0;0;0;3;0;0;3;3;10;3;0;18;0;0;0;0;0;0;0;0;0;0;0;0;
2024;2025;64592452;2645900;1245200;4010;12465;46;34;12;5;3;5;0;32;3;18;13;0;14;4;4;6;0;25;0;3;3;0;0;3;3;3;3;3;3;3;3;3;3;3;3;3;3;21;0;0;0;0;3;0;3;3;0;3;3;3;3;3;0;3;3;5;0;0;10;10;23;3;0;46;0;0;0;0;0;0;0;0;0;0;0;0;
2024;2025;64842469;2648400;1246900;4012;10585;61;39;22;9;4;9;0;35;3;23;11;0;26;8;4;14;0;28;3;0;0;0;3;3;3;3;3;5;3;3;3;3;3;0;0;0;0;33;0;0;0;3;3;0;3;3;0;0;3;4;3;0;3;3;4;3;5;0;15;7;33;6;0;61;0;0;0;0;0;0;0;0;0;0;0;0;
2024;2025;64572464;2645700;1246400;4013;10888;46;34;12;7;3;3;0;35;3;19;14;3;11;7;3;3;0;19;0;0;0;0;0;0;0;3;0;3;3;3;0;0;0;3;3;3;6;27;3;0;3;0;3;0;0;0;0;0;3;3;3;3;3;3;0;5;9;0;3;3;37;3;0;45;0;0;0;3;0;0;0;0;0;0;0;0;
2024;2025;66542584;2665400;1258400;4021;16655;108;84;24;15;3;6;0;74;22;24;28;0;34;20;5;9;0;54;0;0;0;0;3;0;4;5;8;3;5;3;4;3;5;3;7;3;3;54;3;0;0;3;3;3;3;0;3;3;3;3;4;5;3;3;9;13;6;3;22;14;65;5;0;105;3;3;0;3;0;0;0;0;0;0;0;0;
2024;2025;66842491;2668400;1249100;4022;11881;3;3;3;3;0;0;0;3;3;0;0;0;3;3;0;0;0;3;0;0;0;0;0;0;0;0;0;0;0;0;0;0;0;0;0;3;0;3;0;0;0;0;0;0;0;0;0;0;0;0;0;0;0;0;0;3;0;0;0;0;3;3;0;3;0;0;0;0;0;0;0;0;0;0;0;0;
2024;2025;67162490;2671600;1249000;4023;11856;23;23;0;0;0;0;0;18;0;3;15;0;5;4;3;0;0;10;0;3;0;0;0;0;0;0;3;3;0;3;3;0;0;0;0;3;3;13;0;0;0;0;0;0;3;0;0;0;3;0;0;0;3;3;3;4;3;3;3;3;15;3;0;22;0;3;0;0;0;0;0;0;0;0;0;0;
2024;2025;66102571;2661000;1257100;4024;11899;12;9;3;3;0;3;0;11;3;6;4;0;3;0;0;3;0;5;0;0;0;0;0;3;0;0;0;0;3;0;3;0;0;3;0;0;3;7;0;0;0;0;0;0;0;0;0;0;3;0;0;0;0;3;3;3;0;0;3;0;9;3;0;12;0;0;0;0;0;0;0;0;0;0;0;0;
2024;2025;66612591;2666100;1259100;4026;12277;16;14;3;3;0;0;0;15;3;4;10;0;3;3;0;0;0;5;0;0;0;0;3;0;0;0;0;3;0;0;3;3;3;0;0;0;0;11;0;0;0;0;0;0;0;0;0;0;0;0;3;3;0;0;0;4;4;0;3;3;14;0;0;16;0;0;0;0;0;0;0;0;0;0;0;0;
2024;2025;66442543;2664400;1254300;4027;11998;24;20;4;3;3;0;0;20;3;7;10;0;4;3;3;0;0;11;0;0;0;0;3;0;3;0;0;0;0;0;3;3;3;3;3;3;3;13;0;0;0;0;0;0;0;3;0;3;0;0;3;3;0;3;3;3;3;0;7;4;12;3;0;24;0;0;0;0;0;0;0;0;0;0;0;0;
2024;2025;66692618;2666900;1261800;4028;11946;12;10;3;3;0;3;0;9;3;6;3;0;3;3;0;3;0;5;0;0;0;0;0;3;0;0;0;0;0;0;0;3;0;3;0;3;3;7;0;0;0;0;0;0;0;0;0;0;3;0;3;0;3;0;0;3;3;0;3;0;8;3;0;12;0;0;0;0;0;0;0;0;0;0;0;0;
2024;2025;66062591;2660600;1259100;4029;12110;31;25;6;3;3;3;0;22;3;13;7;0;9;4;3;3;0;16;0;0;0;0;0;0;0;0;0;3;5;0;3;3;3;3;3;3;3;15;0;0;0;0;0;0;0;0;0;0;0;0;0;3;0;3;3;4;5;0;0;3;27;3;0;31;0;0;0;0;0;0;0;0;0;0;0;0;
2024;2025;66902539;2669000;1253900;4030;12693;8;7;3;3;0;0;0;7;0;3;6;0;3;3;0;0;0;3;0;0;0;0;0;0;0;0;0;0;0;0;0;0;0;0;0;3;3;6;0;0;0;0;0;0;0;0;0;0;0;0;0;0;0;0;3;3;3;0;0;0;8;0;0;8;0;0;0;0;0;0;0;0;0;0;0;0;
2024;2025;66732491;2667300;1249100;4031;12652;4;4;0;0;0;0;0;4;3;3;3;0;0;0;0;0;0;3;0;0;0;0;0;0;0;0;0;0;0;0;3;0;0;0;0;0;0;3;0;0;0;0;0;0;0;0;0;0;3;0;0;0;0;0;0;3;0;0;0;0;3;3;0;4;0;0;0;0;0;0;0;0;0;0;0;0;
2024;2025;65972515;2659700;1251500;4032;12712;8;7;3;0;0;3;0;7;3;4;3;0;3;0;0;3;0;5;0;0;0;0;3;0;0;3;0;0;3;3;3;0;0;0;0;0;0;3;0;0;0;0;0;0;0;0;0;0;0;0;3;0;3;0;3;0;0;0;3;3;3;3;0;8;0;0;0;0;0;0;0;0;0;0;0;0;
2024;2025;66302523;2663000;1252300;4033;12384;29;25;4;3;3;3;0;17;3;8;8;0;12;6;3;3;0;16;3;0;0;0;0;3;0;3;3;3;3;0;3;3;3;3;3;0;0;13;0;0;0;0;0;0;0;0;3;0;3;0;3;3;3;3;3;4;0;0;7;3;19;3;0;29;0;0;0;0;0;3;0;3;0;0;0;0;1
2024;2025;66722554;2667200;1255400;4034;12514;51;35;16;9;5;3;0;25;0;16;9;0;26;15;5;6;0;22;0;0;0;0;0;0;3;3;3;3;3;3;3;3;3;3;0;3;3;29;0;0;0;0;3;0;3;0;3;3;3;4;3;3;5;3;3;4;3;0;5;5;39;3;0;51;0;0;0;0;0;3;0;3;0;0;0;0;1
2024;2025;66542529;2665400;1252900;4035;12565;26;24;3;3;0;3;0;23;0;10;13;0;3;3;0;3;0;11;0;0;0;0;0;3;3;0;3;3;3;3;0;0;0;0;3;0;3;15;0;0;0;3;0;3;0;3;0;3;0;0;0;0;0;3;3;5;3;3;3;3;21;0;0;25;3;0;0;0;0;0;0;0;0;0;0;0;
2024;2025;66632524;2666300;1252400;4037;12453;31;30;3;3;0;0;0;29;3;12;15;0;3;3;0;0;0;13;0;0;0;0;0;3;0;3;0;0;0;3;3;3;3;3;0;3;3;18;0;0;0;0;0;0;0;0;0;0;0;3;3;0;3;0;4;3;9;0;3;3;27;3;0;31;0;0;0;0;0;0;0;0;0;0;0;0;
2024;2025;66462600;2664600;1260000;4038;12456;50;27;23;6;8;9;0;26;3;13;10;0;24;7;8;9;0;29;0;0;0;3;6;3;4;3;3;0;3;3;3;3;3;3;0;3;3;21;0;0;0;3;3;0;0;0;0;0;0;3;3;3;3;3;3;7;3;3;14;3;23;3;4;43;4;3;0;0;3;0;0;0;0;0;0;0;
2024;2025;66702512;2667000;1251200;4039;13164;5;5;0;0;0;0;0;4;0;3;3;0;3;3;0;0;0;3;0;0;0;0;0;0;0;0;0;0;0;0;0;0;3;3;0;0;0;3;0;0;0;0;0;0;0;0;0;0;0;0;0;0;0;0;3;0;0;0;0;0;5;0;0;5;0;0;0;0;0;0;0;0;0;0;0;0;
2024;2025;66992523;2669900;1252300;4040;10366;38;25;13;6;5;3;0;25;0;10;15;0;13;3;8;3;0;26;3;0;0;3;3;3;3;3;3;3;0;3;4;3;5;3;0;0;0;12;0;0;0;0;0;3;3;0;3;0;3;3;3;0;3;0;0;3;0;3;5;6;21;3;0;34;3;3;3;3;0;0;0;0;0;0;0;0;
2024;2025;66562502;2665600;1250200;4041;10595;8;7;3;3;0;0;0;7;0;3;4;0;3;3;0;0;0;6;0;0;0;0;0;0;0;3;0;0;0;0;0;0;3;0;3;0;3;3;0;0;0;0;0;0;0;0;0;0;0;0;0;0;3;0;0;0;3;3;0;3;4;0;0;7;3;0;0;0;0;0;0;0;0;0;0;0;
2024;2025;66152616;2661500;1261600;4044;10871;31;26;5;3;3;3;0;25;3;16;8;0;6;3;3;3;0;17;0;0;0;0;0;0;0;3;3;3;4;3;0;3;3;3;3;0;0;14;0;0;0;0;0;0;0;0;0;0;0;3;0;3;3;0;4;3;6;0;3;3;24;4;0;31;0;0;0;0;0;0;0;0;0;0;0;0;
2024;2025;66632578;2666300;1257800;4045;10275;124;95;29;21;3;5;0;84;9;38;36;3;40;24;5;10;3;55;3;3;3;0;0;4;4;5;3;3;5;3;4;4;6;3;6;3;3;69;0;3;0;3;0;3;3;3;3;3;3;4;6;3;5;4;6;15;12;5;16;9;84;10;0;118;4;3;0;3;0;0;0;0;0;0;0;0;
2024;2025;66182516;2661800;1251600;4046;10356;8;5;3;0;3;3;0;3;0;3;0;0;5;3;3;3;0;5;0;0;0;0;3;0;3;0;0;0;3;3;0;3;0;0;0;0;0;3;0;0;0;0;0;0;0;0;0;0;0;0;3;0;0;0;3;3;0;3;0;0;4;3;0;6;3;0;3;0;0;0;0;0;0;0;0;0;
2024;2025;66172648;2661700;1264800;4047;10344;25;19;6;3;0;3;0;18;3;8;7;0;7;3;0;3;3;12;3;0;3;0;0;0;3;0;0;0;0;0;3;3;3;0;3;0;0;13;3;3;0;3;3;0;3;3;0;0;3;0;3;0;0;0;3;3;3;3;12;0;7;5;0;24;0;0;0;0;3;0;0;0;0;0;0;0;
2024;2025;66982551;2669800;1255100;4048;10303;18;15;3;3;0;0;0;12;0;5;7;0;6;4;0;3;3;10;0;0;3;3;0;0;0;0;3;3;3;3;0;0;0;3;0;3;3;8;0;0;0;0;0;0;0;0;0;0;0;0;0;3;0;3;3;3;3;3;3;3;11;3;0;17;0;0;3;0;0;0;0;0;0;0;0;0;
2024;2025;66872616;2668700;1261600;4049;14534;17;15;3;3;0;3;0;16;4;7;5;0;3;3;0;0;0;9;0;0;0;0;0;3;0;0;0;0;0;3;0;0;3;0;3;3;0;8;0;0;0;0;0;0;0;0;0;0;3;0;0;0;3;3;3;0;4;0;3;0;13;3;0;17;0;0;0;0;0;0;0;0;0;0;0;0;
2024;2025;67422413;2674200;1241300;4061;13668;4;3;3;3;0;0;0;3;0;3;3;0;3;3;0;0;0;3;0;0;0;0;0;0;0;0;0;0;0;0;0;3;0;0;0;0;0;3;0;0;0;0;0;0;0;0;0;0;0;0;0;0;0;0;3;0;3;0;0;0;4;0;0;4;0;0;0;0;0;0;0;0;0;0;0;0;
2024;2025;67082448;2670800;1244800;4062;11857;42;35;7;6;3;0;0;32;3;8;22;0;10;8;3;3;0;16;0;0;0;0;3;0;3;0;0;3;3;3;3;3;3;0;3;3;0;26;0;0;3;0;0;0;0;0;3;0;0;3;0;0;3;3;6;6;8;0;5;10;23;4;0;42;0;0;0;0;0;0;0;0;0;0;0;0;
2024;2025;66842448;2668400;1244800;4063;15644;43;38;5;3;3;0;0;33;3;13;18;0;10;5;3;3;3;21;0;0;0;0;3;3;0;3;0;0;3;0;3;3;5;3;0;0;3;22;0;0;0;0;0;0;0;0;3;3;3;3;3;3;3;3;0;5;6;0;5;3;30;6;0;43;0;0;0;0;0;0;0;0;0;0;0;0;
2024;2025;66282420;2662800;1242000;4064;11488;4;0;4;0;0;4;0;0;0;0;0;0;4;0;0;4;0;3;0;3;0;0;0;0;0;0;3;0;0;0;0;0;0;0;0;0;0;3;3;0;0;0;0;0;0;3;0;0;0;0;0;0;0;0;0;0;0;0;3;0;0;0;3;3;3;0;0;0;0;3;0;0;0;3;0;0;1
2024;2025;66052484;2660500;1248400;4065;12217;18;14;4;3;3;3;0;12;3;6;5;0;6;4;3;3;0;8;0;0;0;0;0;0;0;0;3;0;3;0;0;3;0;0;3;3;3;10;0;0;0;3;0;0;0;0;0;0;0;3;3;3;3;0;0;3;3;0;3;3;12;3;0;18;0;0;0;0;0;0;0;0;0;0;0;0;
2024;2025;66812470;2668100;1247000;4066;12157;7;7;0;0;0;0;0;6;3;3;3;0;3;3;0;0;0;3;0;0;0;0;0;0;0;3;0;0;0;3;3;0;0;0;0;0;0;4;0;0;0;0;0;0;0;3;0;0;0;0;0;0;0;0;0;3;0;0;0;3;3;3;0;7;0;0;0;0;0;0;0;0;0;0;0;0;
2024;2025;66592469;2665900;1246900;4067;12006;8;8;0;0;0;0;0;7;0;3;4;0;3;0;0;0;3;4;0;0;0;0;0;0;3;0;0;0;3;0;0;0;0;0;0;3;0;4;0;0;0;0;0;0;0;0;0;0;3;0;0;0;0;0;3;0;3;0;3;3;5;3;0;8;0;0;0;0;0;0;0;0;0;0;0;0;
2024;2025;66162488;2661600;1248800;4068;12004;9;9;0;0;0;0;0;7;0;4;3;0;3;3;0;0;0;3;0;0;0;0;0;0;0;0;0;0;0;3;0;0;3;3;0;0;0;6;0;0;0;0;3;0;0;0;3;0;0;0;0;0;3;0;0;3;3;0;3;3;4;3;0;9;0;0;0;0;0;0;0;0;0;0;0;0;
2024;2025;67222388;2672200;1238800;4071;12644;11;10;3;0;3;0;0;10;3;3;7;0;3;0;3;0;0;6;0;0;0;0;3;3;0;0;0;0;0;0;0;3;0;3;0;0;3;5;0;0;0;0;0;0;0;0;0;0;0;3;0;0;0;0;0;3;3;0;3;3;5;3;0;11;0;0;0;0;0;0;0;0;0;0;0;0;
2024;2025;66462478;2664600;1247800;4072;12569;14;14;0;0;0;0;0;14;0;10;4;0;0;0;0;0;0;7;0;0;3;0;0;0;0;0;0;0;0;0;0;3;0;3;0;3;3;7;0;0;0;0;0;0;0;0;0;0;0;0;3;0;3;3;0;0;3;0;3;3;8;3;0;14;0;0;0;0;0;0;0;0;0;0;0;0;
2024;2025;67212405;2672100;1240500;4073;12452;15;12;3;3;0;0;0;9;3;3;7;0;6;6;0;0;0;4;0;0;0;0;0;0;0;0;0;0;0;0;0;3;3;0;0;0;3;11;0;0;0;0;0;0;0;0;0;0;0;0;3;0;3;0;3;3;3;0;0;3;13;3;0;15;0;0;0;0;0;0;0;0;0;0;0;0;
2024;2025;67162432;2671600;1243200;4074;13681;15;12;3;3;0;0;0;11;3;5;5;0;4;4;0;0;0;7;0;0;0;0;0;0;3;3;0;0;0;0;3;3;0;0;3;0;3;8;0;0;0;0;0;0;0;0;0;0;0;0;3;0;0;0;3;4;3;0;3;0;12;3;0;15;0;0;0;0;0;0;0;0;0;0;0;0;
2024;2025;67112468;2671100;1246800;4075;12830;45;42;3;3;0;0;0;36;3;10;23;0;9;9;0;0;0;17;0;0;0;3;0;3;0;0;0;0;3;0;3;3;3;3;3;3;3;28;0;0;3;0;0;0;0;0;0;3;0;0;0;3;3;0;6;6;12;0;3;3;34;7;0;45;0;0;0;0;0;0;0;0;0;0;0;0;
2024;2025;66122403;2661200;1240300;4076;13010;8;5;3;3;0;0;0;5;0;3;3;0;3;3;0;0;0;3;0;0;0;0;0;0;0;0;0;3;0;3;0;0;0;0;0;0;0;6;0;0;0;0;0;0;0;0;0;0;0;0;3;3;0;0;3;3;0;0;0;0;7;3;0;8;0;0;0;0;0;0;0;0;0;0;0;0;
2024;2025;66342505;2663400;1250500;4077;10550;6;6;0;0;0;0;0;6;3;3;3;0;0;0;0;0;0;3;0;0;0;0;0;0;0;0;0;0;0;0;0;0;0;0;0;3;3;4;0;0;0;0;0;0;0;0;0;0;3;0;0;0;0;3;3;3;0;0;0;0;5;3;0;6;0;0;0;0;0;0;0;0;0;0;0;0;
2024;2025;66332409;2663300;1240900;4078;10853;3;3;0;0;0;0;0;3;0;0;3;0;0;0;0;0;0;3;0;0;0;0;0;0;0;0;0;0;0;0;0;0;0;0;0;0;3;0;0;0;0;0;0;0;0;0;0;0;0;0;0;0;0;0;0;0;0;0;3;0;0;0;0;3;0;0;0;0;0;0;0;0;0;0;0;0;
2024;2025;67132416;2671300;1241600;4079;10867;5;5;0;0;0;0;0;5;0;3;4;0;0;0;0;0;0;3;0;0;0;0;0;0;0;0;0;0;0;3;0;0;3;0;3;0;0;3;0;0;0;0;0;0;0;0;0;0;0;0;0;0;0;3;0;0;3;0;0;3;4;0;0;5;0;0;0;0;0;0;0;0;0;0;0;0;
2024;2025;66092444;2660900;1244400;4080;15386;27;23;4;3;3;0;0;22;4;7;11;0;5;3;3;0;3;8;0;0;0;0;3;0;0;3;3;0;0;0;3;0;3;3;0;0;0;19;0;0;0;0;0;3;3;0;0;3;0;3;3;3;3;5;3;0;3;0;5;4;15;3;0;27;0;0;0;0;0;0;0;0;0;0;0;0;
2024;2025;66982468;2669800;1246800;4081;10278;19;16;3;3;0;0;0;14;0;3;11;0;5;4;0;3;0;9;0;0;0;0;3;0;3;0;3;3;3;0;0;3;0;3;3;0;3;10;0;0;0;0;0;0;0;0;0;0;0;0;3;0;3;0;3;3;3;0;3;3;12;3;0;19;0;0;0;0;0;0;0;0;0;0;0;0;
2024;2025;66342447;2663400;1244700;4082;10354;134;79;55;40;9;6;0;85;4;43;38;0;49;25;14;10;0;91;0;3;3;3;3;7;9;4;10;8;9;6;11;5;4;3;6;0;5;43;3;0;0;3;3;3;3;3;3;3;3;3;4;0;3;3;8;5;7;9;27;13;70;14;3;124;3;0;6;0;3;0;0;0;0;0;0;0;
2024;2025;66962442;2669600;1244200;4083;10322;28;26;3;3;0;0;0;22;3;10;10;3;6;5;3;0;0;14;0;0;0;0;0;0;3;3;3;0;0;3;3;0;0;0;4;3;3;14;0;0;0;0;0;0;0;0;0;0;0;3;3;3;3;3;3;3;4;3;4;3;18;3;0;27;0;0;0;0;3;0;0;0;0;0;0;0;
2024;2025;65292520;2652900;1252000;4091;11681;11;11;0;0;0;0;0;10;3;6;3;0;3;3;0;0;0;5;0;0;0;0;0;0;3;0;3;0;0;3;0;0;3;0;0;3;0;6;0;0;0;0;0;0;0;0;0;0;0;0;0;3;0;3;3;0;3;0;0;0;9;3;0;11;0;0;0;0;0;0;0;0;0;0;0;0;
2024;2025;65752543;2657500;1254300;4092;11901;28;24;4;3;3;0;0;22;0;12;10;0;6;4;3;0;0;14;3;0;0;0;3;0;3;0;0;0;0;0;3;0;3;3;3;3;3;14;0;3;0;0;0;3;3;0;0;0;0;0;3;3;3;3;3;3;3;0;0;4;19;5;0;28;0;0;0;0;0;0;0;0;0;0;0;0;
2024;2025;66082544;2660800;1254400;4093;11837;3;3;0;0;0;0;0;3;0;3;3;0;0;0;0;0;0;0;0;0;0;0;0;0;0;0;0;0;0;0;0;0;0;0;0;0;0;3;0;0;0;0;0;0;0;0;0;0;0;0;0;0;0;0;0;3;3;0;0;0;3;3;0;3;0;0;0;0;0;0;0;0;0;0;0;0;
2024;2025;65792594;2657900;1259400;4095;16135;86;67;19;13;4;3;0;66;20;29;17;0;20;15;4;3;0;56;3;3;0;3;3;4;4;6;4;3;3;9;7;5;3;4;0;3;0;30;3;3;0;3;0;3;3;0;3;3;0;3;3;3;3;3;4;3;5;3;17;14;43;11;0;85;0;0;0;0;3;3;0;0;3;0;3;0;1
2024;2025;65832571;2658300;1257100;4100;14375;27;22;5;3;3;0;0;19;3;10;8;0;8;7;3;0;0;11;0;0;0;0;0;0;3;0;0;0;0;3;3;3;3;3;3;3;3;16;0;0;3;0;0;0;0;0;0;0;0;0;3;0;3;3;4;5;3;0;3;4;20;3;0;27;0;0;0;0;0;0;0;0;0;0;0;0;
2024;2025;65772548;2657700;1254800;4104;16087;28;24;4;3;3;0;0;15;0;10;5;0;13;11;3;0;0;12;0;0;0;0;0;3;3;0;3;0;0;0;0;0;3;0;3;3;3;16;0;0;0;0;3;0;0;0;3;0;0;0;0;0;0;0;3;6;5;4;5;4;15;0;0;24;3;0;0;0;3;0;0;0;0;0;0;0;
2024;2025;65292633;2652900;1263300;4106;12321;3;3;0;0;0;0;0;3;3;0;0;0;0;0;0;0;0;0;0;0;0;0;0;0;0;0;0;0;0;0;0;0;0;0;0;0;0;3;0;0;0;0;0;0;0;0;0;0;0;0;0;0;0;0;0;3;0;0;0;0;0;3;0;3;0;0;0;0;0;0;0;0;0;0;0;0;
2024;2025;66042566;2660400;1256600;4107;12354;3;3;0;0;0;0;0;3;0;3;0;0;0;0;0;0;0;3;0;0;0;0;0;0;0;0;0;3;0;0;0;0;3;0;0;0;0;3;0;0;0;0;0;0;0;0;0;3;0;0;0;0;0;0;0;0;0;0;0;0;3;0;0;3;0;0;0;0;0;0;0;0;0;0;0;0;
2024;2025;65652631;2656500;1263100;4110;13161;5;5;0;0;0;0;0;3;0;3;0;0;3;3;0;3;0;3;0;0;0;0;0;3;0;0;0;0;3;0;0;0;0;0;0;0;0;3;0;0;0;0;0;0;0;0;0;0;0;0;0;0;3;3;0;3;0;0;3;0;4;0;0;5;0;0;0;0;0;0;0;0;0;0;0;0;
2024;2025;65652606;2656500;1260600;4111;12890;4;4;0;0;0;0;0;4;0;3;3;0;0;0;0;0;0;3;0;0;0;0;3;0;0;0;0;0;0;0;0;0;0;0;0;0;0;3;0;0;0;0;0;0;0;0;0;3;0;0;0;0;0;0;0;3;3;0;0;3;3;0;0;4;0;0;0;0;0;0;0;0;0;0;0;0;
2024;2025;65772623;2657700;1262300;4112;12838;3;3;0;0;0;0;0;3;3;0;3;0;0;0;0;0;0;0;0;0;0;0;0;0;0;0;0;0;0;0;0;0;0;0;0;0;0;3;0;0;0;0;0;0;0;0;0;0;0;0;0;0;0;0;0;0;3;0;0;0;3;3;0;3;0;0;0;0;0;0;0;0;0;0;0;0;
2024;2025;65002542;2650000;1254200;4117;10760;7;7;0;0;0;0;0;7;4;3;3;0;0;0;0;0;0;3;0;0;0;0;0;0;0;0;0;0;0;0;0;3;0;0;0;0;0;6;0;0;0;0;0;0;0;0;0;0;0;0;0;0;0;3;3;3;3;0;0;3;0;6;0;7;0;0;0;0;0;0;0;0;0;0;0;0;
2024;2025;65352543;2653500;1254300;4120;10911;9;7;3;3;0;0;0;6;0;3;3;0;3;3;0;3;0;5;0;0;0;3;0;0;0;0;3;0;0;0;0;0;3;3;0;0;0;4;0;0;0;0;0;0;0;0;3;0;0;0;0;3;0;0;0;0;3;0;3;3;6;0;0;9;0;0;0;0;0;0;0;0;0;0;0;0;
2024;2025;65852642;2658500;1264200;4121;14535;11;9;3;3;0;3;0;9;3;4;4;0;3;3;0;3;0;5;0;0;0;0;0;0;0;0;0;0;3;0;0;0;0;0;3;0;3;6;0;0;0;0;0;0;0;0;0;0;0;0;0;3;0;3;0;3;3;0;0;0;9;3;0;11;0;0;0;0;0;0;0;0;0;0;0;0;
2024;2025;65442580;2654400;1258000;4122;10009;16;16;0;0;0;0;0;14;0;8;6;0;3;3;0;0;0;6;0;0;0;0;0;0;0;0;0;0;3;0;0;0;0;3;3;3;3;10;0;0;0;0;0;0;0;0;0;0;0;0;0;0;3;3;0;3;6;0;0;3;15;0;0;16;0;0;0;0;0;0;0;0;0;0;0;0;
2024;2025;65842590;2658400;1259000;4123;10360;58;51;7;6;3;0;0;48;0;27;21;0;10;8;3;0;3;27;0;0;3;0;0;3;3;3;3;0;0;3;3;4;6;3;3;3;3;31;0;3;3;0;0;0;0;3;3;0;3;3;3;3;3;3;8;3;6;0;10;3;40;5;0;58;0;0;0;0;0;0;0;0;0;0;0;0;
2024;2025;65412594;2654100;1259400;4124;15615;5;5;0;0;0;0;0;5;3;3;3;0;0;0;0;0;0;3;0;0;0;0;0;0;0;0;0;0;0;0;0;0;0;0;0;0;3;4;0;0;0;0;0;0;0;0;0;0;0;0;0;0;3;0;0;0;3;0;0;0;3;3;0;5;0;0;0;0;0;0;0;0;0;0;0;0;
2024;2025;65312553;2653100;1255300;4125;15645;4;4;0;0;0;0;0;4;3;3;0;0;0;0;0;0;0;3;0;0;0;0;0;0;0;0;0;0;0;3;0;0;0;0;0;0;0;3;0;0;0;0;0;0;0;0;0;0;0;0;3;3;0;0;3;0;0;0;0;3;3;3;0;4;0;0;0;0;0;0;0;0;0;0;0;0;
2024;2025;65782353;2657800;1235300;4131;11886;14;11;3;3;3;0;0;12;0;8;4;0;3;3;0;0;0;9;0;0;3;0;0;3;3;0;0;0;0;0;3;3;3;3;0;0;0;5;0;0;0;0;0;0;0;0;0;3;0;0;0;0;0;3;0;3;3;3;3;3;7;3;0;13;0;3;0;0;0;0;0;0;0;0;0;0;
2024;2025;65732380;2657300;1238000;4132;11913;9;9;0;0;0;0;0;8;3;3;5;0;3;3;0;0;0;3;0;0;0;0;0;0;0;0;0;3;0;0;0;0;0;3;0;3;0;6;0;0;0;0;0;0;0;0;0;0;0;3;0;0;3;0;0;3;3;0;3;0;8;0;0;9;0;0;0;0;0;0;0;0;0;0;0;0;
2024;2025;65432414;2654300;1241400;4134;12122;11;11;0;0;0;0;0;10;3;4;3;0;3;0;0;3;0;3;0;0;0;0;0;0;0;0;0;3;0;0;0;0;0;0;3;0;3;8;0;0;0;0;0;0;0;0;0;0;0;3;0;0;3;0;0;3;3;0;0;3;5;4;0;11;0;0;0;0;0;0;0;0;0;0;0;0;
2024;2025;65342358;2653400;1235800;4135;12047;26;24;3;3;3;0;0;22;4;11;7;0;4;3;3;0;0;12;0;0;0;0;0;0;0;3;3;0;3;0;3;0;0;3;3;3;3;14;0;0;0;0;0;0;0;0;0;3;0;0;0;0;0;3;3;4;6;0;3;0;16;7;0;26;0;0;0;0;0;0;0;0;0;0;0;0;
2024;2025;64522414;2645200;1241400;4136;12140;18;14;4;4;0;0;0;14;3;10;3;0;4;3;0;3;0;6;0;0;0;0;0;3;0;0;3;3;0;0;3;0;0;3;0;0;3;12;0;0;0;0;0;0;0;0;0;0;0;0;3;0;3;0;3;4;4;3;3;3;10;3;0;17;3;0;0;0;0;0;0;0;0;0;0;0;
2024;2025;65532360;2655300;1236000;4137;12783;4;4;0;0;0;0;0;4;0;3;3;0;0;0;0;0;0;3;0;0;0;0;0;0;0;0;0;0;3;0;0;0;0;0;0;0;3;3;0;0;0;0;0;0;0;0;0;0;0;0;0;0;0;0;0;3;0;0;0;0;3;3;0;4;0;0;0;0;0;0;0;0;0;0;0;0;
2024;2025;65562400;2655600;1240000;4138;12778;6;6;0;0;0;0;0;4;0;3;3;0;3;3;0;3;0;3;0;0;0;0;0;0;0;0;0;0;0;0;0;0;0;0;0;3;0;4;0;0;0;0;0;0;0;0;0;0;0;0;0;3;0;0;3;3;3;0;0;3;3;3;0;6;0;0;0;0;0;0;0;0;0;0;0;0;
2024;2025;65672327;2656700;1232700;4139;16625;29;19;10;4;3;3;0;20;6;6;8;0;9;4;3;4;0;19;0;0;0;0;3;3;3;3;3;4;3;0;0;3;3;3;0;3;0;10;0;0;0;0;3;0;0;3;3;0;0;3;3;0;3;0;3;3;3;3;9;3;14;3;0;28;3;0;0;0;0;0;0;0;0;0;0;0;
2024;2025;65152389;2651500;1238900;4140;12454;14;11;3;3;3;0;0;11;3;6;4;0;3;3;3;0;0;4;0;0;0;0;0;0;3;0;0;0;3;0;3;0;0;0;0;0;3;10;0;0;0;3;0;3;0;0;0;0;0;0;3;3;0;3;3;3;3;0;3;3;8;3;0;14;0;0;0;0;0;0;0;0;0;0;0;0;
2024;2025;65632339;2656300;1233900;4141;13174;56;50;6;5;3;0;0;51;3;31;17;0;5;4;0;3;0;32;0;0;0;3;0;3;0;4;3;3;0;3;3;3;3;3;3;0;4;24;0;0;3;3;0;0;3;0;3;0;3;3;3;3;3;3;3;3;5;3;12;5;31;6;0;54;3;0;0;0;3;0;0;0;0;0;0;0;
2024;2025;64912380;2649100;1238000;4142;13043;9;9;0;0;0;0;0;9;6;3;0;0;0;0;0;0;0;5;0;0;0;0;0;0;0;0;0;0;0;0;3;0;3;3;0;0;3;4;0;0;0;0;0;0;0;0;0;0;0;0;0;0;0;3;0;0;3;0;0;0;4;5;0;9;0;0;0;0;0;0;0;0;0;0;0;0;
2024;2025;65062349;2650600;1234900;4143;13042;8;8;0;0;0;0;0;8;3;3;5;0;0;0;0;0;0;5;0;0;0;0;0;0;0;0;0;0;0;3;3;0;0;0;0;3;3;3;0;0;0;0;0;0;0;0;0;0;3;3;0;0;0;0;0;0;3;0;3;0;6;3;0;8;0;0;0;0;0;0;0;0;0;0;0;0;
2024;2025;64632395;2646300;1239500;4144;13005;31;28;3;3;3;0;0;26;3;12;12;0;5;3;3;0;0;14;0;0;0;0;0;0;3;0;3;3;0;3;3;3;3;0;3;3;0;17;0;0;0;0;3;0;0;3;0;0;0;0;3;0;0;3;0;4;6;0;3;4;20;4;0;31;0;0;0;0;0;0;0;0;0;0;0;0;
2024;2025;65132422;2651300;1242200;4145;10562;21;18;3;3;0;3;0;16;3;10;4;0;5;3;0;3;0;10;0;0;0;3;0;3;0;0;0;0;0;0;3;3;0;0;0;3;3;11;0;0;0;0;0;0;0;0;0;0;3;0;0;3;0;3;3;3;3;0;3;3;13;4;0;21;0;0;0;0;0;3;3;0;0;0;0;0;1
2024;2025;65122401;2651200;1240100;4146;10866;44;42;3;3;3;0;0;40;3;20;17;0;4;4;0;0;0;19;0;0;0;0;3;0;3;5;3;0;0;3;0;3;3;3;3;3;3;25;0;0;0;0;3;3;0;0;0;0;0;3;0;3;0;3;8;5;6;0;8;4;26;6;0;44;0;0;0;0;0;0;0;0;0;0;0;0;
2024;2025;65382374;2653800;1237400;4147;10301;9;8;3;3;0;0;0;8;0;4;4;0;3;3;0;0;0;6;0;0;0;0;0;0;0;3;0;0;0;3;0;3;0;3;3;0;0;3;0;0;0;0;0;0;0;0;0;0;0;0;3;0;0;0;0;3;3;0;3;3;6;3;0;9;0;0;0;0;0;0;0;0;0;0;0;0;
2024;2025;64152647;2641500;1264700;4161;12170;9;8;3;3;0;0;0;8;3;3;4;0;3;3;0;0;0;3;0;0;0;0;0;0;0;0;0;0;0;0;0;0;0;0;0;3;0;8;0;0;0;0;0;0;3;0;0;0;0;3;0;0;0;0;3;3;4;0;0;3;6;3;0;9;0;0;0;0;0;0;0;0;0;0;0;0;
2024;2025;64392620;2643900;1262000;4163;11953;24;20;4;0;3;3;0;18;0;12;5;3;6;3;0;4;3;11;3;0;0;0;0;3;0;0;0;0;3;3;0;3;3;3;3;0;0;13;0;0;0;3;3;0;0;0;0;3;0;3;3;3;3;0;0;3;3;3;3;3;12;7;0;24;0;0;0;0;0;0;0;0;0;0;0;0;
2024;2025;65242660;2652400;1266000;4164;12114;10;10;0;0;0;0;0;10;4;4;3;0;0;0;0;0;0;4;0;0;0;0;0;0;0;0;0;0;0;0;0;3;3;0;3;0;3;6;0;0;0;0;0;0;0;0;0;0;0;0;0;0;0;0;3;4;3;0;3;0;4;5;0;10;0;0;0;0;0;0;0;0;0;0;0;0;
2024;2025;64252609;2642500;1260900;4165;12065;23;22;3;3;0;0;0;21;3;10;10;0;3;3;0;0;0;9;0;0;0;3;0;0;0;0;0;0;0;3;0;4;0;3;0;3;0;14;0;0;0;3;0;3;0;0;3;3;0;0;3;0;3;3;0;3;3;0;3;3;15;3;0;23;0;0;0;0;0;0;0;0;0;0;0;0;
2024;2025;64562656;2645600;1265600;4169;15389;25;23;3;3;3;0;0;22;9;8;5;0;3;3;3;0;0;13;0;0;0;0;0;0;0;3;0;0;0;3;3;0;0;3;0;4;3;12;0;0;0;0;0;0;0;0;3;0;0;0;0;3;0;3;5;3;3;0;3;3;14;8;0;25;0;0;0;0;0;0;0;0;0;0;0;0;
2024;2025;64682679;2646800;1267900;4170;15390;6;4;3;3;0;0;0;3;3;0;3;0;4;4;0;0;0;4;0;0;0;0;0;0;3;0;0;0;0;3;3;0;0;0;0;3;0;3;0;0;0;0;0;0;0;0;0;0;0;0;3;0;0;0;0;3;0;0;0;3;4;3;0;6;0;0;0;0;0;0;0;0;0;0;0;0;
2024;2025;63942654;2639400;1265400;4172;12357;9;7;3;3;0;0;0;5;0;3;3;0;4;4;0;0;0;4;0;0;0;0;0;0;0;0;0;0;0;0;3;0;0;0;3;0;3;5;0;0;0;0;0;0;0;0;0;0;0;0;0;3;3;3;0;0;3;0;0;0;9;0;0;9;0;0;0;0;0;0;0;0;0;0;0;0;
2024;2025;64282555;2642800;1255500;4173;12472;5;4;3;0;0;3;0;4;3;3;3;0;3;0;0;3;0;3;0;0;3;0;0;0;0;0;0;0;0;0;0;3;0;0;0;0;0;3;0;0;0;0;0;0;0;3;0;0;0;0;0;0;0;0;0;3;3;0;0;3;0;3;0;5;0;0;0;0;0;0;0;0;0;0;0;0;
2024;2025;64352633;2643500;1263300;4175;12509;9;8;3;3;0;0;0;8;0;3;5;0;3;3;0;0;0;4;0;0;0;0;0;3;0;0;0;0;0;0;0;0;0;0;3;0;0;5;0;0;0;0;0;0;0;0;0;0;0;0;0;0;0;3;3;3;3;3;3;3;5;3;0;8;0;3;0;0;0;0;0;0;0;0;0;0;
2024;2025;65312708;2653100;1270800;4176;12964;5;5;0;0;0;0;0;3;0;3;3;0;3;3;0;0;0;3;0;0;0;0;0;0;0;0;0;0;3;0;0;0;0;3;0;0;0;3;0;0;0;0;0;0;0;0;0;0;0;0;0;0;0;0;0;0;3;0;0;3;3;3;0;5;0;0;0;0;0;0;0;0;0;0;0;0;
2024;2025;64142671;2641400;1267100;4177;12980;3;3;0;0;0;0;0;3;0;3;0;0;0;0;0;0;0;3;0;0;0;0;0;0;0;0;0;0;0;0;0;0;0;3;0;0;0;3;0;0;0;0;0;3;0;0;0;0;0;0;0;0;0;0;0;0;0;0;3;0;0;3;0;3;0;0;0;0;0;0;0;0;0;0;0;0;
2024;2025;64042589;2640400;1258900;4181;10353;7;7;0;0;0;0;0;6;0;3;3;0;3;3;0;0;0;3;0;0;0;0;3;0;0;0;0;0;0;0;0;0;0;0;0;0;3;5;0;0;0;0;0;0;0;0;0;0;0;0;0;0;0;0;3;0;4;0;0;3;5;0;0;7;0;0;0;0;0;0;0;0;0;0;0;0;
2024;2025;64222569;2642200;1256900;4182;10359;9;8;3;3;0;0;0;8;3;4;3;0;3;3;0;0;0;7;0;0;0;0;0;0;0;0;0;3;0;3;0;0;3;0;3;0;3;3;0;0;0;0;0;0;0;0;0;0;0;3;0;0;3;0;0;0;0;3;0;3;4;3;0;8;0;0;3;0;0;0;0;0;0;0;0;0;
2024;2025;64872585;2648700;1258500;4183;10309;5;5;0;0;0;0;0;5;3;3;3;0;0;0;0;0;0;3;0;0;0;0;0;0;0;0;0;0;0;0;0;0;0;0;3;0;3;3;0;0;0;0;0;0;0;0;0;0;0;3;0;0;0;0;0;3;3;0;0;0;3;4;0;5;0;0;0;0;0;0;0;0;0;0;0;0;
2024;2025;65372680;2653700;1268000;4184;15388;16;16;0;0;0;0;0;15;3;8;4;0;3;3;0;0;0;7;0;0;0;0;0;0;0;0;3;0;0;3;0;3;0;0;3;0;0;9;0;0;0;0;0;0;0;0;0;0;0;0;0;3;0;3;3;0;5;0;3;0;8;7;0;16;0;0;0;0;0;0;0;0;0;0;0;0;
2024;2025;64702612;2647000;1261200;4185;16615;22;19;3;3;0;0;0;18;3;9;7;0;4;3;0;3;0;14;0;0;0;0;3;3;0;0;0;3;3;0;3;3;0;3;4;3;3;8;3;0;0;0;0;3;0;0;0;0;0;3;0;0;0;0;3;0;4;3;5;0;8;6;0;19;3;0;0;0;0;0;0;0;0;0;0;0;
2024;2025;64632581;2646300;1258100;4186;16626;11;11;0;0;0;0;0;10;3;3;6;0;3;3;0;0;0;3;0;0;0;0;0;0;0;0;0;0;0;0;0;0;0;3;0;3;0;8;0;0;0;0;0;0;0;0;0;0;0;0;0;3;0;0;0;3;6;0;3;0;8;3;0;11;0;0;0;0;0;0;0;0;0;0;0;0;
2024;2025;65812468;2658100;1246800;4191;11783;5;5;0;0;0;0;0;5;0;4;3;0;0;0;0;0;0;3;0;0;0;0;0;0;0;0;0;0;0;0;0;3;0;0;3;0;0;3;0;0;0;0;0;0;0;0;0;0;0;0;0;0;0;0;0;3;3;0;0;0;4;3;0;5;0;0;0;0;0;0;0;0;0;0;0;0;
2024;2025;65652408;2656500;1240800;4192;11790;10;8;3;3;3;0;0;7;0;4;3;0;3;3;3;0;0;4;0;0;0;0;0;0;0;0;0;0;0;3;0;0;0;0;3;3;0;6;0;0;0;0;0;3;0;0;0;0;0;0;0;0;3;0;3;0;3;0;0;3;8;3;0;10;0;0;0;0;0;0;0;0;0;0;0;0;
2024;2025;65872523;2658700;1252300;4193;11472;3;3;0;0;0;0;0;3;0;3;0;0;3;3;0;0;0;0;0;0;0;0;0;0;0;0;0;0;0;0;0;0;0;0;0;0;0;3;0;0;0;0;0;0;0;0;0;0;3;0;0;0;0;0;0;0;3;0;0;0;3;3;0;3;0;0;0;0;0;0;0;0;0;0;0;0;
2024;2025;65962462;2659600;1246200;4194;11566;18;17;3;3;0;0;0;14;3;8;4;0;4;3;0;3;0;8;0;0;0;0;0;0;0;0;0;3;0;3;3;0;0;3;3;3;3;10;0;0;0;0;0;0;0;0;0;3;0;0;3;3;0;3;0;3;4;0;3;3;12;4;0;18;0;0;0;0;0;0;0;0;0;0;0;0;
2024;2025;65662446;2656600;1244600;4195;12167;6;6;0;0;0;0;0;6;3;3;3;0;0;0;0;0;0;3;0;0;0;0;0;0;0;0;0;0;0;0;0;0;3;3;0;0;0;4;0;0;0;0;0;0;0;0;0;0;0;0;0;0;3;0;0;3;3;0;0;0;3;3;0;6;0;0;0;0;0;0;0;0;0;0;0;0;
2024;2025;66082385;2660800;1238500;4196;12252;11;11;0;0;0;0;0;11;0;8;3;0;0;0;0;0;0;7;0;0;3;0;0;0;0;0;3;3;3;3;3;0;0;0;0;0;0;4;0;0;0;0;0;0;0;0;0;3;0;0;0;0;0;0;0;0;3;0;3;3;8;0;0;11;0;0;0;0;0;0;0;0;0;0;0;0;
2024;2025;65572423;2655700;1242300;4197;11996;8;5;3;3;0;3;0;5;0;4;3;0;3;3;0;3;0;4;0;0;0;0;0;0;0;0;0;3;0;3;3;0;0;0;0;3;0;4;0;0;0;0;3;0;0;0;0;0;0;3;0;3;0;0;0;0;3;0;3;3;6;0;0;8;0;0;0;0;0;0;0;0;0;0;0;0;
2024;2025;65882487;2658800;1248700;4198;12235;3;3;3;0;0;3;0;3;3;3;0;0;3;0;0;3;0;3;0;0;0;0;0;3;0;0;0;0;0;0;0;0;0;0;0;0;0;3;0;0;0;0;0;0;0;0;0;0;0;3;0;0;0;0;0;0;3;0;3;0;3;3;0;3;0;0;0;0;0;0;0;0;0;0;0;0;
2024;2025;65512531;2655100;1253100;4199;12139;16;14;3;3;0;0;0;12;3;4;5;0;4;4;0;0;0;6;0;0;0;0;0;0;0;3;0;0;3;3;0;0;3;3;0;0;3;10;0;0;0;0;0;0;0;0;0;0;0;0;0;0;3;3;3;3;5;0;3;3;12;3;0;16;0;0;0;0;0;0;0;0;0;0;0;0;
2024;2025;65182487;2651800;1248700;4200;12179;27;26;3;3;0;0;0;23;3;8;13;0;4;3;3;0;0;11;0;0;0;0;0;0;0;3;0;0;0;0;3;3;0;3;3;0;3;16;0;0;0;0;0;0;3;3;0;0;0;0;3;3;0;3;3;0;7;0;3;3;20;3;0;27;0;0;0;0;0;0;0;0;0;0;0;0;
2024;2025;65552490;2655500;1249000;4201;12782;56;42;14;4;6;4;0;39;3;23;15;0;17;5;4;8;0;34;0;3;0;0;3;3;5;6;3;0;4;3;4;3;0;0;3;3;0;22;0;0;0;0;0;3;0;0;0;3;3;3;3;0;3;3;4;3;3;0;17;6;29;4;0;56;0;0;0;0;0;0;0;0;0;0;0;0;
2024;2025;65972385;2659700;1238500;4202;12411;25;23;3;3;0;0;0;18;3;12;5;0;7;5;0;3;0;6;0;0;0;0;0;0;0;0;0;0;3;0;0;3;3;0;3;0;3;19;0;0;0;0;0;0;0;0;0;0;0;0;3;3;3;3;3;0;10;0;3;3;22;0;0;25;0;0;0;0;0;0;0;0;0;0;0;0;
2024;2025;65612519;2656100;1251900;4203;12367;21;19;3;3;0;0;0;17;5;8;4;0;4;4;0;0;0;10;0;0;0;0;0;3;0;0;0;0;3;0;3;0;3;3;3;0;0;11;0;0;0;0;0;0;0;0;0;0;0;3;0;0;3;3;3;3;3;0;3;0;17;3;0;21;0;0;0;0;0;0;0;0;0;0;0;0;
2024;2025;65572503;2655700;1250300;4204;12561;26;18;8;4;3;3;0;19;3;12;6;0;7;5;3;3;0;14;3;0;0;3;0;3;0;3;3;0;3;0;0;3;3;0;3;0;0;12;0;0;0;0;3;0;0;0;0;3;0;3;0;3;4;0;3;3;0;0;7;3;14;3;0;26;0;0;0;0;0;0;0;0;0;0;0;0;
2024;2025;65872503;2658700;1250300;4205;13113;21;19;3;3;0;0;0;19;3;9;7;0;3;3;0;0;0;10;0;0;0;0;0;0;3;0;0;0;3;3;3;0;3;0;3;3;0;11;0;0;0;0;0;0;3;0;0;0;0;0;3;3;0;3;3;3;3;3;3;3;12;4;0;20;0;3;0;0;0;0;0;0;0;0;0;0;
2024;2025;65202505;2652000;1250500;4206;12833;14;10;4;3;3;3;0;9;3;4;4;0;5;3;3;3;0;11;0;0;0;0;3;3;0;3;3;3;3;3;0;0;3;0;0;3;0;3;0;0;0;0;0;0;0;0;0;0;0;3;0;0;0;0;3;3;0;3;3;3;7;3;0;13;0;3;0;0;0;0;0;0;0;0;0;0;
2024;2025;65322476;2653200;1247600;4207;13056;29;29;0;0;0;0;0;25;3;18;5;0;4;3;3;3;0;12;0;3;3;3;0;0;3;3;0;3;3;0;3;3;3;0;3;0;3;17;0;0;0;0;0;0;0;0;0;0;0;0;0;0;3;3;3;3;9;0;3;3;20;6;0;29;0;0;0;0;0;0;0;0;0;0;0;0;
2024;2025;65802418;2658000;1241800;4208;12949;19;19;0;0;0;0;0;16;3;11;4;0;3;3;0;3;0;6;0;0;0;0;0;0;0;0;0;0;0;3;3;3;0;0;0;3;3;13;0;0;0;0;0;0;0;0;0;0;0;0;0;0;3;0;5;3;5;0;4;3;10;3;0;19;0;0;0;0;0;0;0;0;0;0;0;0;
2024;2025;65452443;2654500;1244300;4209;12996;25;17;8;3;3;3;0;18;4;6;8;0;7;3;3;3;0;19;0;0;0;0;0;0;3;3;3;3;3;4;3;3;3;3;3;0;0;6;0;0;0;0;0;0;3;0;0;0;0;3;0;3;0;0;0;3;0;0;5;3;14;3;0;25;0;0;0;0;0;0;0;0;0;0;0;0;
2024;2025;65492482;2654900;1248200;4210;10579;27;26;3;0;0;3;0;25;3;12;10;0;3;3;0;3;0;10;0;0;0;0;0;0;0;0;3;0;0;3;0;3;3;3;0;3;3;17;0;0;0;0;0;0;0;0;0;0;0;3;3;0;3;3;0;5;6;3;3;3;20;3;0;25;3;0;0;0;0;0;0;0;0;0;0;0;
2024;2025;66952252;2669500;1225200;4221;11741;3;3;0;0;0;0;0;3;0;0;3;0;0;0;0;0;0;3;0;0;0;0;0;0;0;0;0;0;0;0;0;0;0;3;0;0;3;0;0;0;0;0;0;0;0;0;0;0;0;0;0;0;0;0;0;0;0;0;0;3;3;3;0;3;0;0;0;0;0;0;0;0;0;0;0;0;
2024;2025;67002377;2670000;1237700;4222;11764;8;8;0;0;0;0;0;8;3;4;3;0;0;0;0;0;0;3;0;0;0;0;0;0;0;0;0;0;0;0;0;3;0;3;0;0;3;5;0;0;0;0;3;0;0;0;0;0;0;0;3;0;3;0;0;3;3;0;0;0;3;5;0;8;0;0;0;0;0;0;0;0;0;0;0;0;
2024;2025;67022293;2670200;1229300;4223;11659;3;3;0;0;0;0;0;3;0;0;3;0;0;0;0;0;0;3;0;0;0;0;0;0;0;0;0;0;0;0;3;0;0;0;0;0;0;0;0;0;0;0;0;0;0;0;0;0;0;0;0;0;0;0;0;0;0;0;0;3;0;0;0;3;0;0;0;0;0;0;0;0;0;0;0;0;
2024;2025;66872315;2668700;1231500;4224;11875;17;17;0;0;0;0;0;16;3;5;8;0;3;3;0;0;0;3;0;0;0;0;0;0;3;0;0;0;0;0;3;3;0;0;0;0;0;14;0;0;0;0;0;0;3;0;0;0;0;0;0;0;3;0;3;3;7;3;0;3;11;3;0;15;0;3;0;0;0;0;0;0;0;0;0;0;
2024;2025;66852406;2668500;1240600;4226;11888;3;3;0;0;0;0;0;3;0;3;3;0;0;0;0;0;0;3;0;0;0;0;0;0;0;0;0;0;0;0;3;0;0;0;0;3;0;0;0;0;0;0;0;0;0;0;0;0;0;0;0;0;0;0;0;0;0;0;0;0;3;0;0;3;0;0;0;0;0;0;0;0;0;0;0;0;
2024;2025;66272381;2662700;1238100;4227;11910;3;3;0;0;0;0;0;3;0;3;0;0;0;0;0;0;0;3;0;0;0;0;0;0;0;0;0;0;0;0;0;0;0;0;3;0;0;0;0;0;0;0;0;0;0;0;0;0;0;0;0;0;0;0;0;0;0;0;0;0;0;3;0;3;0;0;0;0;0;0;0;0;0;0;0;0;
2024;2025;66612392;2666100;1239200;4228;11800;8;8;0;0;0;0;0;8;3;3;5;0;0;0;0;0;0;3;0;0;0;0;0;0;0;3;0;0;0;0;3;0;0;0;0;0;0;6;0;0;0;0;0;0;0;0;0;0;3;3;3;0;3;0;0;0;3;0;0;0;4;4;0;8;0;0;0;0;0;0;0;0;0;0;0;0;
2024;2025;66692403;2666900;1240300;4229;11464;7;7;0;0;0;0;0;7;3;5;3;0;0;0;0;0;0;3;0;0;0;0;0;0;0;0;0;3;0;0;0;0;0;0;0;3;0;5;0;0;0;0;0;3;0;0;0;0;0;0;0;0;0;3;0;0;3;0;0;3;4;3;0;7;0;0;0;0;0;0;0;0;0;0;0;0;
2024;2025;66602357;2666000;1235700;4230;11490;9;9;0;0;0;0;0;9;3;5;3;0;0;0;0;0;0;3;0;0;0;0;0;0;3;0;3;0;0;0;0;0;0;3;0;0;0;6;0;0;0;0;0;0;0;0;0;3;0;0;0;3;0;3;0;3;3;0;3;3;3;4;0;9;0;0;0;0;0;0;0;0;0;0;0;0;
2024;2025;67232223;2672300;1222300;4231;11564;7;6;3;3;0;0;0;6;3;0;5;0;3;3;0;0;0;3;0;0;0;0;0;3;0;0;0;0;3;0;0;0;0;0;0;0;3;4;0;0;0;0;0;0;0;0;0;0;0;0;0;3;3;0;3;0;3;0;3;0;5;3;0;7;0;0;0;0;0;0;0;0;0;0;0;0;
2024;2025;66702335;2667000;1233500;4232;12104;3;3;0;0;0;0;0;3;0;0;3;0;0;0;0;0;0;3;0;0;0;0;0;0;0;0;0;0;3;0;0;0;0;0;0;0;0;0;0;0;0;0;0;0;0;0;0;0;0;0;0;0;0;0;0;0;0;0;3;0;0;0;0;3;0;0;0;0;0;0;0;0;0;0;0;0;
2024;2025;67082348;2670800;1234800;4234;15503;28;28;0;0;0;0;0;27;11;8;8;0;3;3;0;0;0;11;0;0;0;0;0;0;3;0;0;0;0;0;3;0;0;0;0;3;6;17;0;0;0;0;0;0;0;3;0;0;0;0;0;0;3;3;4;3;8;0;3;3;19;7;0;28;0;0;0;0;0;0;0;0;0;0;0;0;
2024;2025;67202314;2672000;1231400;4235;12358;8;7;3;3;0;0;0;8;3;4;3;0;0;0;0;0;0;3;0;0;0;0;0;0;0;0;0;0;0;0;3;0;0;0;3;0;0;6;0;0;0;0;0;3;0;0;0;0;0;0;0;3;0;0;3;0;3;0;3;3;4;3;0;8;0;0;0;0;0;0;0;0;0;0;0;0;
2024;2025;66842360;2668400;1236000;4236;12438;18;14;4;3;3;3;0;14;6;0;8;0;4;3;3;3;0;12;0;0;0;0;0;3;3;0;0;3;0;3;3;3;3;3;0;3;0;6;0;0;0;0;0;0;0;0;0;0;3;0;3;0;0;0;3;0;3;3;0;3;12;3;0;17;0;0;3;0;0;3;3;0;0;0;0;0;1
2024;2025;67252243;2672500;1224300;4237;12446;12;12;0;0;0;0;0;12;3;4;7;0;0;0;0;0;0;4;0;0;0;0;0;0;0;0;0;0;0;3;0;0;3;0;0;3;3;8;0;0;0;0;0;0;3;0;0;0;0;0;0;0;3;3;3;0;3;0;0;0;9;3;0;12;0;0;0;0;0;0;0;0;0;0;0;0;
2024;2025;66992408;2669900;1240800;4238;12851;4;4;0;0;0;0;0;4;0;3;3;0;0;0;0;0;0;3;0;0;0;0;0;0;0;0;0;0;0;0;0;0;0;0;0;0;3;3;0;0;3;0;0;0;0;0;0;0;0;0;0;0;0;3;0;3;0;0;0;3;3;3;0;4;0;0;0;0;0;0;0;0;0;0;0;0;
2024;2025;67242272;2672400;1227200;4239;12983;18;15;3;3;0;3;0;14;3;3;9;0;4;3;0;3;0;7;0;0;0;0;0;0;3;0;0;0;3;0;3;3;0;0;0;3;3;11;0;0;0;0;3;0;0;0;3;0;3;0;3;0;0;3;3;3;3;0;3;3;12;4;0;18;0;0;0;0;0;0;0;0;0;0;0;0;
2024;2025;66542430;2665400;1243000;4240;10468;15;15;0;0;0;0;0;13;6;3;4;0;3;3;0;0;0;5;0;0;0;0;0;3;0;0;0;0;0;0;0;0;0;0;3;3;3;10;0;0;0;0;0;0;0;0;0;0;0;0;0;0;0;3;3;3;4;0;3;3;6;6;0;15;0;0;0;0;0;0;0;0;0;0;0;0;
2024;2025;63662622;2636600;1262200;4251;12228;11;11;0;0;0;0;0;10;0;4;6;0;3;3;0;0;0;3;0;0;0;0;0;0;0;0;0;0;0;0;0;0;3;0;0;0;0;10;0;0;0;0;0;0;0;0;0;0;0;3;0;3;0;3;3;3;5;0;3;0;5;5;0;11;0;0;0;0;0;0;0;0;0;0;0;0;
2024;2025;62152656;2621500;1265600;4252;12643;10;7;3;3;0;3;0;8;0;3;7;0;3;3;0;3;0;7;0;0;0;0;3;3;0;0;0;0;3;0;3;0;0;0;0;3;0;3;0;0;0;0;0;0;0;0;0;0;0;0;0;0;0;0;3;0;3;0;3;0;6;3;0;10;0;0;0;0;0;0;0;0;0;0;0;0;
2024;2025;62822641;2628200;1264100;4253;12711;16;16;0;0;0;0;0;12;3;3;8;0;4;4;0;0;0;3;0;0;0;0;0;0;0;0;0;0;0;0;0;0;0;3;3;3;0;13;0;0;0;0;0;0;0;0;0;0;0;0;3;0;0;3;3;4;4;0;0;3;13;3;0;16;0;0;0;0;0;0;0;0;0;0;0;0;
2024;2025;63062675;2630600;1267500;4254;12429;50;45;5;3;3;3;0;41;4;15;22;0;9;6;3;3;0;22;0;3;0;0;0;3;0;0;0;3;6;3;3;3;3;3;0;0;3;28;0;3;0;3;3;3;3;3;0;0;0;3;3;3;3;3;4;5;3;0;3;3;32;12;0;50;0;0;0;0;0;0;0;0;0;0;0;0;
2024;2025;63632662;2636300;1266200;4255;12355;6;6;0;0;0;0;0;5;0;0;5;0;3;3;0;0;0;4;0;0;0;0;0;0;0;3;0;0;0;0;3;3;0;0;0;3;0;3;0;0;0;0;3;0;0;0;0;0;0;0;0;0;0;0;0;3;0;0;3;0;5;0;0;6;0;0;0;0;0;0;0;0;0;0;0;0;
2024;2025;63762644;2637600;1264400;4256;12468;5;4;3;3;0;0;0;4;0;3;3;0;3;3;0;0;0;4;0;0;0;3;0;0;0;0;0;0;3;3;0;3;0;0;0;0;0;3;0;0;0;0;3;0;0;0;0;0;0;0;0;0;0;0;0;0;0;0;3;0;0;4;0;5;0;0;0;0;0;0;0;0;0;0;0;0;
2024;2025;62692670;2626900;1267000;4258;12911;69;59;10;6;0;4;0;45;12;4;29;0;24;16;3;7;0;35;0;0;0;0;3;3;0;3;3;3;4;3;3;3;3;3;3;4;4;34;0;0;0;0;3;0;3;0;3;3;3;3;0;3;3;3;5;4;10;0;5;7;49;8;0;69;0;0;0;0;0;0;0;0;0;0;0;0;
2024;2025;63972627;2639700;1262700;4259;12967;5;5;0;0;0;0;0;5;3;3;0;0;0;0;0;0;0;3;0;0;0;0;0;0;0;0;0;0;0;3;0;0;0;3;0;0;3;3;0;0;0;0;0;0;0;0;0;0;0;0;0;0;0;3;0;0;3;0;0;0;3;3;0;5;0;0;0;0;0;0;0;0;0;0;0;0;
2024;2025;63842660;2638400;1266000;4260;10582;40;34;6;5;3;0;0;30;3;9;20;0;10;6;3;3;3;14;0;3;0;0;0;3;3;0;0;0;3;3;0;3;3;0;3;0;3;26;3;0;0;0;0;0;0;0;3;0;0;3;0;3;3;0;6;3;11;0;3;4;31;3;0;39;0;0;0;3;0;0;0;0;0;0;0;0;
2024;2025;63502677;2635000;1267700;4261;10462;15;15;0;0;0;0;0;12;5;5;3;0;3;3;0;0;0;7;0;0;0;0;0;0;0;0;0;0;0;0;0;3;0;0;4;3;3;8;0;0;0;0;0;0;0;0;0;0;0;0;0;0;3;3;3;4;3;0;0;3;9;5;0;15;0;0;0;0;0;0;0;0;0;0;0;0;
2024;2025;63732609;2637300;1260900;4262;10446;13;13;0;0;0;0;0;11;3;6;3;0;3;3;0;0;0;3;0;0;0;0;0;0;0;0;0;0;0;0;0;0;3;0;3;3;0;10;0;0;0;0;0;0;0;0;0;0;0;3;0;0;3;0;3;3;6;0;0;3;8;4;0;13;0;0;0;0;0;0;0;0;0;0;0;0;
2024;2025;63252657;2632500;1265700;4263;10310;20;19;3;3;0;0;0;19;3;7;10;0;3;3;0;0;0;7;0;0;0;0;0;3;0;0;0;0;3;0;3;0;0;3;0;3;0;13;0;0;0;0;0;0;0;0;0;0;0;3;3;0;0;3;0;5;4;0;0;4;9;7;0;20;0;0;0;0;0;0;0;0;0;0;0;0;
2024;2025;63482638;2634800;1263800;4264;10329;5;5;0;0;0;0;0;4;3;3;0;0;3;3;0;0;0;3;0;0;0;0;0;0;0;0;0;0;0;0;3;0;0;0;0;0;0;4;0;0;0;0;0;0;0;0;3;0;0;3;3;0;0;0;3;0;0;0;0;0;3;3;0;5;0;0;0;0;0;0;0;0;0;0;0;0;
2024;2025;63492411;2634900;1241100;4271;11738;30;24;6;3;3;3;0;23;0;7;16;0;7;4;0;3;0;19;0;0;0;0;0;3;4;0;3;3;3;3;4;3;3;0;0;3;0;11;0;0;0;3;0;0;0;0;0;3;3;0;0;0;0;3;3;0;3;3;5;4;14;4;0;27;0;3;0;0;3;0;0;0;0;0;0;0;
2024;2025;64292373;2642900;1237300;4273;11845;5;4;3;3;0;0;0;4;3;3;3;0;3;3;0;0;0;3;0;0;0;0;0;0;0;0;0;0;0;0;0;0;0;0;3;0;0;4;0;0;0;0;0;0;0;0;0;0;0;0;0;0;0;0;0;3;3;0;0;0;3;3;0;5;0;0;0;0;0;0;0;0;0;0;0;0;
2024;2025;63852343;2638500;1234300;4274;11636;44;42;3;3;0;0;0;40;9;21;10;0;4;3;0;3;0;14;0;0;0;0;0;0;0;3;0;0;0;3;0;3;3;3;4;3;3;30;0;0;0;0;0;0;0;3;0;0;3;3;3;3;4;3;4;5;8;3;3;3;31;10;0;43;0;0;3;0;0;0;0;0;0;0;0;0;
2024;2025;64762363;2647600;1236300;4275;12696;5;4;3;3;0;0;0;4;3;3;0;0;3;3;0;0;0;0;0;0;0;0;0;0;0;0;0;0;0;0;0;0;0;0;0;0;0;5;0;0;0;0;0;0;0;3;0;0;0;0;3;3;0;0;3;3;0;0;3;0;3;3;0;5;0;0;0;0;0;0;0;0;0;0;0;0;
2024;2025;64412429;2644100;1242900;4276;12677;10;10;0;0;0;0;0;9;3;4;3;0;3;3;0;0;0;3;0;0;0;0;0;0;0;3;0;0;0;0;0;3;0;0;0;0;0;8;0;0;0;0;0;0;0;3;0;0;0;0;0;3;3;0;3;3;3;0;3;3;6;3;0;10;0;0;0;0;0;0;0;0;0;0;0;0;
2024;2025;64732355;2647300;1235500;4277;12328;9;9;0;0;0;0;0;9;3;5;3;0;0;0;0;0;0;3;0;0;0;0;0;0;0;3;0;0;0;0;0;0;0;3;0;0;0;7;0;0;0;0;0;0;0;3;0;0;3;0;0;0;3;0;0;3;3;0;3;0;6;0;0;9;0;0;0;0;0;3;0;3;0;0;0;0;1
2024;2025;63022353;2630200;1235300;4279;12335;29;26;3;3;3;0;0;23;7;5;11;0;6;4;3;0;0;21;0;3;0;3;3;3;3;3;0;3;0;3;3;0;0;0;3;3;0;8;0;0;0;0;0;0;0;0;3;0;0;0;0;3;0;3;0;3;3;3;5;3;11;11;0;28;3;0;0;0;0;0;0;0;0;0;0;0;
2024;2025;63652407;2636500;1240700;4280;12494;73;57;16;9;3;4;0;54;3;33;20;0;19;10;3;6;0;39;0;0;0;3;3;3;3;0;3;3;5;4;5;3;0;3;3;3;3;34;0;0;0;0;0;3;3;0;0;0;3;3;5;0;3;5;3;5;8;0;14;5;50;4;0;73;0;0;0;0;0;0;0;0;0;0;0;0;
2024;2025;64592334;2645900;1233400;4281;16126;11;11;0;0;0;0;0;11;3;5;3;0;0;0;0;0;0;5;0;0;0;0;3;0;0;0;0;0;0;0;0;0;0;3;0;3;3;6;0;0;0;0;0;0;0;0;0;0;0;0;0;0;0;0;3;3;3;0;0;0;7;4;0;11;0;0;0;0;0;0;0;0;0;0;0;0;
2024;2025;63332395;2633300;1239500;4282;12852;36;26;10;4;4;3;0;26;3;6;18;0;10;4;3;3;3;21;0;0;0;0;0;3;3;3;3;3;5;3;3;0;3;3;0;3;0;15;0;0;3;0;3;3;0;0;3;3;3;0;3;3;3;0;3;3;3;0;7;4;20;5;0;36;0;0;0;0;0;0;0;0;0;0;0;0;
2024;2025;64122413;2641200;1241300;4283;12873;10;9;3;3;0;0;0;7;3;3;5;0;3;3;0;3;0;6;0;0;0;0;0;3;3;0;0;3;0;0;0;3;0;3;0;0;0;4;0;0;0;0;3;0;0;0;3;0;0;0;0;0;0;3;0;3;0;0;3;3;4;3;0;10;0;0;0;0;0;0;0;0;0;0;0;0;
2024;2025;64592371;2645900;1237100;4284;10707;8;4;4;4;0;0;0;3;0;3;3;0;5;5;0;0;0;3;0;0;0;0;0;3;0;0;0;3;0;0;0;0;0;0;0;0;0;6;0;0;0;0;0;3;3;0;3;0;0;0;0;0;0;0;3;3;0;0;5;0;3;3;0;8;0;0;0;0;0;0;0;0;0;0;0;0;
2024;2025;63712365;2637100;1236500;4285;10590;19;13;6;4;3;3;0;15;0;7;8;0;4;3;3;0;0;9;3;0;0;0;0;3;3;3;3;3;0;0;0;0;0;0;0;3;3;10;0;0;0;0;0;0;3;0;0;3;0;0;0;0;0;3;3;3;4;0;5;3;12;3;0;19;0;0;0;0;0;0;0;0;0;0;0;0;
2024;2025;64432397;2644300;1239700;4286;10850;20;20;0;0;0;0;0;18;0;9;9;0;3;3;0;0;0;7;0;0;0;0;0;0;0;0;0;0;3;3;3;0;3;0;3;0;3;13;0;0;0;0;0;0;0;0;0;0;0;0;3;0;0;3;4;5;3;0;0;3;17;3;0;20;0;0;0;0;0;0;0;0;0;0;0;0;
2024;2025;63482360;2634800;1236000;4287;10370;15;14;3;3;0;0;0;12;3;5;4;0;3;3;0;0;0;6;0;0;0;0;0;0;0;0;0;3;3;0;3;0;0;3;3;0;0;9;0;0;0;0;0;0;0;0;0;3;0;0;0;0;0;0;3;3;5;0;3;0;11;3;0;15;0;0;0;0;0;0;0;0;0;0;0;0;
2024;2025;64422354;2644200;1235400;4288;10338;3;3;0;0;0;0;0;3;0;3;3;0;0;0;0;0;0;0;0;0;0;0;0;0;0;0;0;0;0;0;0;0;0;0;0;0;0;3;0;0;0;0;0;0;0;0;0;0;0;0;0;0;0;0;0;3;3;0;0;0;3;0;0;3;0;0;0;0;0;0;0;0;0;0;0;0;
2024;2025;63832377;2638300;1237700;4289;14361;65;53;12;4;5;3;3;55;20;9;26;0;10;4;3;4;0;34;0;0;3;3;4;0;3;3;4;3;6;3;3;3;3;0;3;3;0;31;0;0;3;3;3;3;3;3;3;3;3;0;3;4;3;3;3;3;3;3;13;13;28;10;0;64;3;0;0;0;0;0;0;0;0;0;0;0;
2024;2025;66092691;2660900;1269100;4303;11840;34;30;4;4;0;0;0;29;3;17;10;0;5;5;0;0;0;12;0;0;0;0;0;0;0;0;3;3;0;0;3;3;0;3;3;3;3;22;0;0;0;0;0;0;0;0;0;0;0;3;0;0;3;3;5;5;8;0;3;3;24;5;0;34;0;0;0;0;0;0;0;0;0;0;0;0;
2024;2025;66172691;2661700;1269100;4304;12210;21;19;3;3;0;0;0;18;3;8;8;0;3;3;0;0;0;4;0;0;0;3;0;0;3;0;0;0;0;3;0;3;0;0;0;0;0;17;0;0;0;3;0;0;0;0;0;0;0;3;3;0;0;3;5;5;3;0;3;3;16;0;0;21;0;0;0;0;0;0;0;0;0;0;0;0;
2024;2025;66412655;2664100;1265500;4305;15646;16;16;0;0;0;0;0;15;3;6;8;0;3;3;0;0;0;10;0;0;0;3;0;0;0;0;0;3;0;3;0;3;3;3;3;0;3;6;0;0;0;0;0;0;0;0;0;0;0;0;0;0;0;0;0;4;3;3;0;0;13;3;0;15;0;0;0;0;3;0;0;0;0;0;0;0;
2024;2025;67292684;2672900;1268400;4306;11999;3;0;3;0;3;0;0;0;0;0;0;0;3;0;3;0;0;3;0;0;0;0;0;0;0;0;0;0;0;3;0;0;0;0;0;0;0;3;0;0;0;0;0;0;0;0;0;0;3;0;0;0;0;0;0;0;0;0;3;0;0;0;0;3;0;0;0;0;0;3;0;3;0;0;0;0;1
2024;2025;65752738;2657500;1273800;4307;12091;4;4;0;0;0;0;0;3;0;3;3;0;3;3;0;0;0;3;0;0;0;0;0;0;0;0;0;0;0;0;0;0;0;0;0;3;0;3;0;0;0;0;0;0;0;0;0;0;0;0;0;0;0;0;0;3;3;0;3;0;3;0;0;4;0;0;0;0;0;0;0;0;0;0;0;0;
2024;2025;66142701;2661400;1270100;4309;12672;32;31;3;3;0;0;0;26;3;18;6;0;6;4;0;3;0;14;0;0;0;0;0;0;0;3;0;3;3;3;3;3;3;3;3;0;3;18;0;0;3;0;0;0;3;0;0;0;3;0;0;3;0;3;3;3;7;0;4;0;22;6;0;32;0;0;0;0;0;0;0;0;0;0;0;0;
2024;2025;65972732;2659700;1273200;4310;12685;22;19;3;3;3;0;0;17;3;7;8;0;5;4;3;0;0;9;0;0;0;0;0;3;0;0;0;0;0;0;0;3;3;3;3;0;3;13;0;0;0;0;0;0;0;0;0;0;0;3;3;0;0;0;3;3;7;0;3;0;19;3;0;22;0;0;0;0;0;0;0;0;0;0;0;0;
2024;2025;65542712;2655400;1271200;4311;12694;12;10;3;0;3;0;0;9;3;5;3;0;3;3;3;0;0;3;3;0;0;0;0;0;0;0;0;0;0;0;0;0;3;0;0;3;0;9;0;0;0;0;0;0;0;3;0;0;0;0;0;0;3;0;3;3;3;0;3;0;10;3;0;12;0;0;0;0;0;0;0;0;0;0;0;0;
2024;2025;66712637;2667100;1263700;4312;12786;12;11;3;0;3;0;0;9;3;3;4;0;3;3;3;0;0;4;0;0;0;0;0;0;0;0;0;3;3;0;3;3;0;0;0;0;0;8;0;0;0;0;0;0;0;0;0;0;0;3;3;0;3;0;3;3;3;0;0;4;6;3;0;12;0;0;0;0;0;0;0;0;0;0;0;0;
2024;2025;65862702;2658600;1270200;4313;12775;7;6;3;3;0;0;0;6;3;3;3;0;3;3;0;0;0;5;0;0;0;0;0;0;0;0;0;0;3;3;0;0;3;0;3;0;0;3;0;0;0;0;0;0;0;0;0;0;0;0;0;0;0;0;0;0;3;0;3;3;4;3;0;7;0;0;0;0;0;0;0;0;0;0;0;0;
2024;2025;66972635;2669700;1263500;4318;13040;9;8;3;3;0;0;0;6;3;3;3;0;3;3;0;0;3;3;0;0;0;0;0;0;0;0;0;0;0;0;0;0;0;0;3;0;3;6;0;0;0;0;0;0;0;0;0;0;0;0;0;0;0;0;0;3;5;0;0;0;6;3;0;9;0;0;0;0;0;0;0;0;0;0;0;0;
2024;2025;67092665;2670900;1266500;4319;12987;4;3;3;3;3;0;0;3;3;0;0;0;3;3;3;0;0;3;0;0;3;0;0;0;0;0;0;0;0;0;0;0;0;3;0;0;3;3;0;0;0;0;0;0;0;3;0;0;0;0;0;0;0;0;0;0;0;0;3;3;0;3;0;4;0;0;0;0;0;3;0;3;0;0;0;0;1
2024;2025;66382680;2663800;1268000;4320;10541;5;5;0;0;0;0;0;5;3;3;3;0;0;0;0;0;0;3;0;0;0;0;0;0;0;0;0;0;0;0;0;0;0;0;3;3;3;3;0;0;0;0;0;0;0;0;0;0;0;0;0;0;3;0;0;0;3;0;0;3;3;3;0;5;0;0;0;0;0;0;0;0;0;0;0;0;
2024;2025;66452710;2664500;1271000;4324;16616;40;33;7;5;3;3;0;29;5;16;8;0;11;8;3;3;0;12;0;3;0;0;0;0;0;0;3;3;3;3;3;3;3;3;3;0;0;28;0;0;0;0;0;0;0;3;3;0;4;3;3;3;3;3;4;4;6;0;4;3;31;4;0;40;0;0;0;0;0;0;0;0;0;0;0;0;
2024;2025;75002643;2750000;1264300;4401;15456;65;44;21;16;3;3;0;47;10;7;30;0;18;13;3;3;0;34;0;3;3;3;3;3;3;4;7;3;0;3;3;3;3;3;3;3;0;31;3;0;0;0;3;3;3;3;0;3;3;3;3;3;3;3;6;3;3;5;11;3;37;9;0;60;0;4;0;0;3;0;0;0;0;0;0;0;
2024;2025;74152712;2741500;1271200;4406;15403;9;8;3;3;0;0;0;7;0;3;5;0;3;3;0;0;0;3;0;0;0;0;0;0;0;0;0;0;0;0;0;0;3;0;0;0;3;6;0;0;0;0;0;0;0;0;0;0;0;0;0;0;0;0;3;3;3;0;0;0;8;3;0;9;0;0;0;0;0;0;0;0;0;0;0;0;
2024;2025;74602674;2746000;1267400;4411;15402;12;12;0;0;0;0;0;9;3;3;5;0;3;3;0;0;0;3;0;0;0;0;0;0;0;0;0;0;0;0;3;0;0;3;0;3;0;9;0;0;0;0;0;3;0;0;3;0;3;3;3;0;3;0;3;3;0;0;0;0;8;4;0;12;0;0;0;0;0;0;0;0;0;0;0;0;
2024;2025;74002699;2740000;1269900;4416;15406;3;3;0;0;0;0;0;3;3;3;0;0;0;0;0;0;0;0;0;0;0;0;0;0;0;0;0;0;0;0;0;0;0;0;0;0;0;3;0;0;0;0;0;0;0;3;0;0;0;0;3;0;0;0;0;0;0;0;0;0;3;3;0;3;0;0;0;0;0;0;0;0;0;0;0;0;
2024;2025;75252624;2752500;1262400;4421;15404;7;6;3;3;0;0;0;7;0;0;7;0;0;0;0;0;0;3;0;0;0;0;0;0;0;0;3;0;0;0;3;0;0;3;0;0;0;4;0;0;0;3;0;0;0;0;0;0;0;0;0;0;0;3;0;0;3;3;3;3;3;0;0;7;0;0;0;0;0;0;0;0;0;0;0;0;
2024;2025;74132731;2741300;1273100;4426;15409;3;3;0;0;0;0;0;3;0;3;0;0;0;0;0;0;0;3;0;0;0;0;0;0;0;0;0;0;0;0;0;0;0;0;0;0;3;3;0;0;0;0;0;0;0;0;0;0;0;0;0;0;0;0;0;0;3;0;0;0;3;0;0;3;0;0;0;0;0;0;0;0;0;0;0;0;
2024;2025;74742628;2747400;1262800;4431;15412;24;22;3;3;0;0;0;21;3;6;13;0;3;3;0;0;0;8;0;0;0;0;0;0;0;0;0;0;0;0;3;3;3;0;0;3;3;16;0;0;0;0;0;0;0;3;0;0;0;0;0;0;3;4;3;5;3;0;3;0;20;3;0;24;0;0;0;0;0;0;0;0;0;0;0;0;
2024;2025;74592701;2745900;1270100;4436;15411;45;39;6;3;3;3;0;36;8;11;17;0;9;6;3;3;0;24;0;0;0;0;0;3;3;3;3;3;0;0;3;3;3;3;3;3;3;21;0;0;0;0;0;0;0;3;0;3;3;3;3;3;4;3;3;3;3;0;10;3;28;4;0;45;0;0;0;0;0;0;0;0;0;0;0;0;
2024;2025;74542690;2745400;1269000;4441;15413;3;3;0;0;0;0;0;3;0;0;3;0;0;0;0;0;0;0;0;0;0;0;0;0;0;0;0;0;0;0;0;0;0;0;0;0;0;3;0;0;0;0;0;0;0;0;0;0;0;0;0;0;0;0;0;0;3;0;0;0;3;0;0;3;0;0;0;0;0;0;0;0;0;0;0;0;
2024;2025;73932701;2739300;1270100;4446;15417;4;4;0;0;0;0;0;4;0;3;3;0;0;0;0;0;0;3;0;0;0;0;0;0;0;0;0;0;0;0;3;0;0;0;0;3;0;3;0;0;0;0;0;0;0;0;0;0;0;0;0;3;0;3;0;0;0;0;0;0;4;0;0;4;0;0;0;0;0;0;0;0;0;0;0;0;
2024;2025;74312720;2743100;1272000;4451;15397;14;12;3;3;0;0;0;10;0;3;7;0;4;4;0;0;0;8;0;0;0;0;0;0;0;0;0;0;0;3;3;0;3;0;0;3;4;6;0;0;0;0;3;0;0;0;0;0;0;3;0;0;3;0;0;3;3;3;0;3;11;0;0;12;3;0;3;0;0;0;0;0;0;0;0;0;
2024;2025;74002677;2740000;1267700;4461;15451;42;34;8;7;0;3;0;31;4;14;13;0;11;9;0;3;3;18;0;0;3;3;3;3;3;3;0;3;3;0;3;3;3;3;3;0;3;24;0;0;0;0;0;0;3;3;3;0;0;3;3;3;3;3;3;3;8;3;6;7;16;11;0;40;3;0;3;0;0;0;0;0;0;0;0;0;
2024;2025;73602618;2736000;1261800;4471;15449;15;12;3;3;0;0;0;11;0;3;9;0;4;4;0;0;0;5;0;0;0;0;0;3;0;0;0;0;3;0;0;3;0;3;0;0;0;10;0;0;0;3;0;3;0;0;3;0;3;0;0;3;0;3;0;3;3;3;3;3;7;3;0;13;3;0;0;0;0;0;0;0;0;0;0;0;
2024;2025;73512679;2735100;1267900;4476;15427;9;6;3;3;3;0;0;8;0;6;3;0;3;0;3;0;0;4;0;0;0;0;0;0;0;0;3;0;0;0;0;3;0;0;0;3;3;5;0;0;0;3;0;0;0;0;0;0;3;0;3;0;3;0;0;0;3;0;0;3;5;3;0;9;0;0;0;0;0;0;0;0;0;0;0;0;
2024;2025;73902619;2739000;1261900;4486;15446;4;4;0;0;0;0;0;4;0;3;3;0;0;0;0;0;0;3;0;0;0;0;0;0;3;0;0;0;0;0;0;0;0;3;0;0;0;3;0;0;0;0;0;0;0;0;0;0;0;0;0;0;3;0;3;0;0;0;0;0;4;0;0;4;0;0;0;0;0;0;0;0;0;0;0;0;
2024;2025;73452636;2734500;1263600;4495;15466;3;3;0;0;0;0;0;3;3;0;3;0;0;0;0;0;0;3;0;0;0;0;0;0;0;0;0;0;0;0;0;0;0;0;0;3;3;3;0;0;0;0;0;0;0;0;0;0;0;0;0;0;0;0;0;0;3;0;0;0;3;3;0;3;0;0;0;0;0;0;0;0;0;0;0;0;
2024;2025;73262655;2732600;1265500;4501;15448;27;26;3;3;0;0;0;23;4;6;13;0;4;4;0;0;0;10;0;0;3;0;0;0;0;3;3;0;0;0;3;0;3;3;3;0;3;17;0;0;0;0;0;3;0;3;0;0;0;3;0;0;3;3;3;3;5;3;3;3;21;3;0;26;0;0;3;0;0;0;0;0;0;0;0;0;
2024;2025;73152668;2731500;1266800;4506;15450;15;13;3;0;3;3;0;13;0;7;6;0;3;0;3;3;0;9;0;0;0;0;0;0;3;0;3;0;0;0;3;3;3;3;0;3;3;6;0;0;0;0;0;0;0;0;0;0;0;0;0;3;3;0;0;0;3;0;0;3;9;3;0;15;0;0;0;0;0;0;0;0;0;0;0;0;
2024;2025;73642632;2736400;1263200;4511;15452;10;10;0;0;0;0;0;9;3;5;3;0;3;3;0;0;0;5;0;0;0;3;0;0;0;0;0;0;0;0;0;0;0;3;3;3;0;5;0;0;0;0;0;0;0;0;0;0;0;3;0;0;0;0;3;3;3;0;3;0;8;3;0;10;0;0;0;0;0;0;0;0;0;0;0;0;
2024;2025;69832806;2698300;1280600;4536;15468;7;6;3;0;0;3;0;6;0;3;5;0;3;0;0;3;0;3;0;0;0;0;0;0;0;0;0;0;0;0;0;0;0;3;0;0;3;5;0;0;0;0;0;3;0;0;0;0;0;0;3;0;0;3;0;3;3;0;0;3;3;4;0;7;0;0;0;0;0;0;0;0;0;0;0;0;
2024;2025;69852827;2698500;1282700;4545;15473;15;15;0;0;0;0;0;13;0;4;9;0;3;3;0;0;0;11;0;0;0;0;0;3;0;0;0;0;0;3;0;0;3;3;3;0;3;4;0;0;0;0;0;0;0;0;0;0;3;3;0;0;0;0;3;0;3;0;0;3;10;3;0;15;0;0;0;0;0;0;0;0;0;0;0;0;
2024;2025;69502797;2695000;1279700;4546;15467;8;8;0;0;0;0;0;8;0;3;6;0;0;0;0;0;0;3;0;0;0;0;0;0;0;0;0;0;3;3;0;0;0;0;0;0;0;6;0;0;0;0;0;0;0;0;0;0;0;3;0;0;3;0;3;3;0;0;3;0;4;3;0;8;0;0;0;0;0;0;0;0;0;0;0;0;
2024;2025;71082609;2710800;1260900;4551;15442;24;19;5;4;3;0;0;16;3;3;13;0;8;4;3;3;0;13;0;0;0;0;0;3;3;3;3;3;0;0;3;3;3;0;0;0;3;11;0;3;0;0;0;0;3;0;3;0;0;0;0;3;0;4;3;3;3;3;5;4;12;3;0;22;0;3;0;0;0;0;0;0;0;0;0;0;
2024;2025;71322710;2713200;1271000;4561;15423;6;5;3;3;0;0;0;4;0;3;3;0;3;3;0;0;0;3;0;0;0;0;0;0;3;0;0;0;0;0;0;0;0;0;0;3;0;4;0;0;0;0;0;0;3;0;0;3;0;0;0;0;0;0;0;3;3;0;3;3;4;0;0;6;0;0;0;0;0;0;0;0;0;0;0;0;
2024;2025;70962684;2709600;1268400;4566;15458;64;46;18;6;6;6;0;44;14;6;24;0;20;6;6;8;0;33;0;3;0;0;3;5;5;3;3;3;3;0;3;4;0;3;3;3;3;31;0;0;0;3;3;0;3;0;3;0;3;3;3;3;4;3;3;3;4;3;12;10;31;4;5;59;0;3;0;0;4;0;0;0;0;0;0;0;
2024;2025;70652662;2706500;1266200;4571;15457;13;12;3;3;0;0;0;10;0;4;6;0;3;3;3;0;0;8;0;0;0;0;0;0;3;3;3;3;0;3;3;0;3;0;0;0;0;5;0;0;0;0;0;0;0;0;3;3;0;0;3;0;0;0;0;3;3;0;3;3;7;3;0;13;0;0;0;0;0;0;0;0;0;0;0;0;
2024;2025;71262643;2712600;1264300;4591;15410;17;16;3;3;0;0;0;14;3;3;9;0;3;3;0;3;0;5;0;0;0;0;0;0;0;0;0;3;0;0;0;3;0;3;3;3;0;12;0;0;0;3;0;0;0;0;3;0;0;0;0;0;3;0;3;4;3;0;0;3;14;3;0;17;0;0;0;0;0;0;0;0;0;0;0;0;
2024;2025;70002737;2700000;1273700;4601;15447;7;7;0;0;0;0;0;7;3;3;4;0;0;0;0;0;0;5;0;0;0;0;0;0;0;0;0;0;0;0;0;3;3;3;0;0;3;3;0;0;0;0;0;0;0;0;0;0;0;0;3;0;0;0;0;3;0;0;0;0;3;4;0;7;0;0;0;0;0;0;0;0;0;0;0;0;
2024;2025;71422648;2714200;1264800;4606;15396;5;5;0;0;0;0;0;5;0;3;4;0;0;0;0;0;0;3;0;0;0;0;0;0;0;0;0;0;0;0;3;0;0;0;0;0;3;3;0;0;0;0;0;0;0;0;3;0;0;0;0;0;0;0;0;0;3;0;0;0;5;0;0;5;0;0;0;0;0;0;0;0;0;0;0;0;
2024;2025;71662678;2716600;1267800;4611;15429;13;13;0;0;0;0;0;13;3;3;9;0;0;0;0;0;0;3;0;0;0;0;0;0;0;0;0;0;0;0;0;0;0;3;0;0;3;10;0;0;0;0;0;0;0;3;0;0;3;0;3;0;3;3;3;3;3;0;0;0;11;3;0;13;0;0;0;0;0;0;0;0;0;0;0;0;
2024;2025;70522730;2705200;1273000;4616;15431;3;3;0;0;0;0;0;3;0;0;3;0;0;0;0;0;0;3;0;0;0;0;0;0;0;0;0;0;0;0;3;0;0;0;0;0;0;0;0;0;0;0;0;0;0;0;0;0;0;0;0;0;0;0;0;0;0;0;0;0;3;0;0;3;0;0;0;0;0;0;0;0;0;0;0;0;
2024;2025;70792714;2707900;1271400;4621;15430;3;3;0;0;0;0;0;3;0;0;3;0;0;0;0;0;0;3;0;0;0;0;0;0;0;0;0;0;0;0;0;0;0;0;0;3;0;0;0;0;0;0;0;0;0;0;0;0;0;0;0;0;0;0;0;0;0;0;0;0;3;0;0;3;0;0;0;0;0;0;0;0;0;0;0;0;
2024;2025;73682748;2736800;1274800;4641;15398;5;4;3;3;0;0;0;4;0;0;4;0;3;3;0;0;0;3;0;0;0;0;0;0;0;0;0;0;0;0;0;0;0;0;0;3;0;4;0;0;0;0;0;0;3;0;0;0;0;0;0;0;0;0;3;0;3;0;0;0;5;0;0;5;0;0;0;0;0;0;0;0;0;0;0;0;
2024;2025;73282780;2732800;1278000;4643;15425;4;4;0;0;0;0;0;3;0;0;3;0;3;3;0;0;0;3;0;0;0;0;0;0;0;0;0;0;0;3;3;0;0;3;0;0;0;3;0;0;0;0;0;0;0;0;0;0;0;0;0;0;0;0;0;0;3;0;3;0;3;0;0;4;0;0;0;0;0;0;0;0;0;0;0;0;
2024;2025;72362813;2723600;1281300;4646;15421;11;11;0;0;0;0;0;9;3;3;3;0;3;3;0;0;0;3;0;0;0;0;0;0;0;0;0;0;0;0;0;3;0;0;0;0;0;10;0;0;0;0;0;0;0;0;0;0;0;0;0;3;0;3;3;3;5;0;0;0;11;0;0;11;0;0;0;0;0;0;0;0;0;0;0;0;
2024;2025;72742806;2727400;1280600;4651;15401;3;0;3;3;0;0;0;0;0;0;0;0;3;3;0;0;0;3;0;0;0;0;0;0;0;0;0;3;0;0;0;0;0;0;0;0;0;0;0;0;0;0;0;0;0;0;0;0;0;0;0;0;0;0;0;0;0;0;0;0;3;0;0;3;0;0;0;0;0;0;0;0;0;0;0;0;
2024;2025;73902742;2739000;1274200;4656;15400;7;5;3;0;3;3;0;6;0;4;3;0;3;0;0;3;0;3;0;0;0;0;0;0;0;0;0;3;3;0;0;0;0;0;0;0;0;5;0;0;0;0;0;0;0;0;3;3;0;0;0;3;0;0;0;3;0;0;0;3;3;3;0;7;0;0;0;0;0;0;0;0;0;0;0;0;
2024;2025;72612734;2726100;1273400;4666;15445;11;10;3;3;0;0;0;9;3;4;3;0;3;3;0;3;0;6;0;0;0;0;0;0;0;0;0;0;0;0;3;0;0;3;3;3;0;5;0;0;0;0;0;0;0;0;3;3;0;3;0;0;0;0;0;3;3;0;0;3;6;4;0;11;0;0;0;0;0;0;0;0;0;0;0;0;
2024;2025;73012788;2730100;1278800;4671;15408;63;47;16;14;3;0;0;43;3;25;17;0;20;14;3;4;0;34;0;3;3;0;3;3;3;6;3;3;5;3;3;3;0;3;3;0;3;29;0;3;3;3;0;3;3;0;3;3;0;3;3;4;3;3;3;3;3;3;15;8;32;5;0;60;3;3;0;0;0;0;0;0;0;0;0;0;
2024;2025;73612730;2736100;1273000;4681;15459;3;3;0;0;0;0;0;3;0;0;3;0;0;0;0;0;0;3;0;0;0;0;0;0;0;0;0;0;0;0;3;0;0;0;0;0;0;0;0;0;0;0;0;0;0;0;0;0;0;0;0;0;0;0;0;0;0;0;3;0;0;0;0;3;0;0;0;0;0;0;0;0;0;0;0;0;
2024;2025;73202757;2732000;1275700;4683;15460;12;10;3;3;0;0;0;8;3;5;3;0;4;4;0;0;0;5;0;0;0;0;0;0;3;0;0;0;0;3;3;3;0;0;0;0;3;7;0;0;0;0;0;0;0;0;3;0;0;0;0;0;3;0;3;0;4;0;3;0;7;4;0;12;0;0;0;0;0;0;0;0;0;0;0;0;
2024;2025;73442770;2734400;1277000;4691;15426;21;18;3;3;0;0;0;18;6;4;8;0;3;3;0;0;0;14;3;0;0;0;0;0;0;3;3;3;0;3;3;3;3;0;3;0;3;7;0;0;0;0;0;3;0;0;0;0;0;0;3;3;0;0;0;3;3;0;3;3;14;3;0;21;0;0;0;0;0;0;0;0;0;0;0;0;
2024;2025;72732796;2727300;1279600;4696;15394;17;13;4;4;0;0;0;12;0;9;3;0;5;5;0;0;0;8;0;0;0;0;0;0;0;3;0;3;3;0;3;0;3;0;0;3;0;9;0;0;0;0;0;3;0;3;0;0;0;3;0;3;0;0;3;3;3;3;0;3;9;4;0;16;0;3;0;0;0;0;0;0;0;0;0;0;
2024;2025;72452773;2724500;1277300;4701;15432;7;7;0;0;0;0;0;7;3;3;5;0;0;0;0;0;0;3;0;0;0;0;0;0;0;0;0;0;3;0;0;0;0;0;3;0;0;5;0;0;0;0;0;0;0;0;0;0;0;0;0;0;0;0;3;3;3;0;0;0;5;3;0;7;0;0;0;0;0;0;0;0;0;0;0;0;
2024;2025;71992653;2719900;1265300;4711;15433;23;7;16;16;0;0;0;7;3;3;3;0;16;15;3;0;0;15;0;0;0;0;3;4;5;3;3;0;0;3;3;0;3;0;0;0;0;8;0;0;0;0;3;3;0;3;0;3;0;0;3;3;0;0;3;0;3;3;16;3;3;3;0;20;0;3;3;0;0;0;0;0;0;0;0;0;
2024;2025;71962619;2719600;1261900;4716;15434;5;5;0;0;0;0;0;4;0;3;3;0;3;3;0;0;0;3;0;0;0;0;0;0;0;0;0;0;0;0;0;0;0;0;0;3;3;3;0;0;0;0;0;0;0;0;0;0;0;0;0;0;0;0;0;0;3;0;0;0;4;3;0;5;0;0;0;0;0;0;0;0;0;0;0;0;
2024;2025;71312569;2713100;1256900;4721;15443;10;9;3;3;0;0;0;8;3;3;3;0;3;3;0;0;0;3;0;0;0;0;0;0;0;0;0;0;0;0;0;3;0;3;0;3;0;7;0;0;0;0;0;0;0;0;0;0;0;0;0;0;3;0;3;3;4;0;3;0;5;4;0;10;0;0;0;0;0;0;0;0;0;0;0;0;
2024;2025;72312626;2723100;1262600;4723;15470;4;3;3;3;0;0;0;3;3;3;3;0;3;3;0;0;0;3;0;0;0;0;0;0;0;3;0;0;0;0;0;3;3;0;0;0;0;3;0;0;0;0;0;0;0;0;0;0;0;0;3;0;0;0;0;0;0;0;3;3;3;0;0;4;0;0;0;0;0;0;0;0;0;0;0;0;
2024;2025;71552583;2715500;1258300;4724;15454;12;12;0;0;0;0;0;11;3;3;8;0;3;3;0;0;0;8;0;3;0;0;0;3;0;3;0;0;0;3;3;0;3;0;0;0;0;4;0;0;0;0;0;0;0;0;0;0;0;0;0;0;3;3;0;0;3;0;3;3;5;3;0;12;0;0;0;0;0;0;0;0;0;0;0;0;
2024;2025;71552526;2715500;1252600;4726;15419;17;16;3;0;0;3;0;14;3;3;10;0;3;0;3;3;0;9;3;0;0;0;0;0;0;3;0;0;3;3;3;3;0;3;0;0;0;8;3;0;0;0;0;0;0;3;0;0;0;3;0;0;0;3;3;3;3;0;4;0;8;5;0;17;0;0;0;0;0;0;0;0;0;0;0;0;
2024;2025;71572647;2715700;1264700;4741;15435;6;6;0;0;0;0;0;4;0;0;4;0;3;3;0;0;0;3;0;0;0;0;0;0;0;0;0;0;3;0;0;3;0;0;0;0;0;4;0;0;0;0;0;0;0;0;0;3;0;0;0;0;0;0;0;3;3;3;0;0;4;0;0;4;3;3;0;0;0;0;0;0;0;0;0;0;
2024;2025;71752598;2717500;1259800;4746;15407;11;10;3;3;0;0;0;11;0;5;6;0;0;0;0;0;0;7;0;0;0;0;3;0;3;0;0;3;0;0;3;0;0;3;3;0;0;4;0;0;0;0;0;0;0;0;0;0;0;0;0;0;3;0;0;3;3;0;3;3;6;3;0;11;0;0;0;0;0;0;0;0;0;0;0;0;
2024;2025;72162566;2721600;1256600;4751;15463;21;20;3;3;0;0;0;18;0;3;17;0;3;3;0;0;0;8;0;0;0;0;0;3;3;0;0;0;3;3;0;0;0;0;3;3;3;13;0;0;3;0;0;3;0;0;0;0;0;0;0;3;3;3;3;4;3;3;6;0;14;0;0;20;0;3;0;0;0;0;0;0;0;0;0;0;
2024;2025;72822642;2728200;1264200;4756;15415;3;3;0;0;0;0;0;3;0;3;3;0;0;0;0;0;0;0;0;0;0;0;0;0;0;0;0;0;0;0;0;0;0;0;0;0;0;3;0;0;0;0;0;3;0;0;0;0;0;0;0;0;0;3;0;0;0;0;0;3;0;3;0;3;0;0;0;0;0;0;0;0;0;0;0;0;
2024;2025;71882566;2718800;1256600;4761;15453;36;30;6;4;3;3;0;28;3;8;19;0;8;5;3;3;0;19;3;3;0;0;0;0;6;3;0;3;0;3;3;3;0;3;3;0;0;17;0;0;3;0;0;0;3;3;0;0;3;0;3;3;3;3;3;0;3;3;12;3;14;6;0;35;0;3;0;0;0;0;0;0;0;0;0;0;
2024;2025;71412617;2714100;1261700;4781;15441;11;10;3;0;3;0;0;10;4;3;5;0;3;0;0;0;3;5;0;0;0;0;0;0;0;0;3;0;0;0;0;0;0;3;3;3;0;6;0;0;0;0;0;0;0;3;0;0;0;3;0;0;0;3;3;3;3;0;0;0;9;3;0;11;0;0;0;0;0;0;0;0;0;0;0;0;
2024;2025;72032569;2720300;1256900;4786;15462;8;5;3;0;3;0;0;5;0;3;3;0;3;0;3;0;0;4;0;0;0;0;0;0;3;0;0;3;0;0;3;3;0;0;0;0;0;4;0;0;0;0;0;0;0;0;0;0;0;0;0;3;0;0;0;3;3;3;4;3;3;0;0;7;0;3;0;0;0;0;0;0;0;0;0;0;
2024;2025;72572620;2725700;1262000;4791;15418;11;10;3;3;0;0;0;10;5;3;4;0;3;3;0;0;0;4;0;0;0;0;0;0;0;0;0;0;0;0;0;3;0;3;3;0;0;7;0;0;0;0;0;0;0;0;0;0;0;0;0;0;3;0;3;3;3;0;0;0;9;3;0;11;0;0;0;0;0;0;0;0;0;0;0;0;
2024;2025;71872813;2718700;1281300;4801;15399;7;6;3;0;0;3;0;6;0;4;3;0;3;0;0;3;0;3;0;0;0;0;0;0;0;0;0;0;0;3;0;3;0;3;0;0;0;4;0;0;0;3;0;0;0;0;0;0;0;0;0;0;3;0;0;3;0;0;0;3;4;3;0;7;0;0;0;0;0;0;0;0;0;0;0;0;
2024;2025;70782785;2707800;1278500;4806;15405;12;12;0;0;0;0;0;11;3;4;5;0;3;3;0;0;0;7;0;0;0;0;0;0;0;0;0;3;3;0;3;3;3;3;0;0;0;5;0;0;0;0;0;0;0;0;0;0;0;0;0;0;3;0;3;3;3;0;0;3;7;4;0;12;0;0;0;0;0;0;0;0;0;0;0;0;
2024;2025;71062737;2710600;1273700;4811;15464;3;3;3;3;0;0;0;3;0;0;3;0;3;3;0;0;0;3;0;0;0;0;0;0;3;0;0;0;0;0;0;0;0;0;0;0;0;3;0;0;0;0;0;0;0;0;0;0;0;0;0;0;0;0;3;0;0;0;0;0;3;0;3;3;0;3;0;0;0;0;0;0;0;0;0;0;
2024;2025;71792771;2717900;1277100;4816;15472;4;4;0;0;0;0;0;4;3;3;0;0;0;0;0;0;0;3;0;0;0;0;0;0;0;0;0;0;3;0;0;0;0;0;0;0;0;3;0;0;0;0;0;0;0;3;0;0;0;0;0;0;0;0;0;0;3;0;0;0;3;3;0;4;0;0;0;0;0;0;0;0;0;0;0;0;
2024;2025;70772739;2707700;1273900;4821;15455;7;7;0;0;0;0;0;7;3;3;3;0;0;0;0;0;0;4;0;0;0;0;0;0;0;0;0;0;0;0;0;3;3;0;3;0;3;3;0;0;0;0;0;0;0;3;3;0;0;3;0;0;0;0;0;0;0;0;0;0;3;5;0;7;0;0;0;0;0;0;0;0;0;0;0;0;
2024;2025;71102783;2711000;1278300;4826;15424;6;5;3;0;0;3;0;4;0;3;3;0;3;3;0;3;0;3;0;0;0;0;0;0;0;0;0;0;0;0;0;0;0;0;0;0;3;5;0;0;0;0;0;3;0;0;0;0;0;0;3;0;0;0;0;3;3;0;0;3;3;3;0;6;0;0;0;0;0;0;0;0;0;0;0;0;
2024;2025;71762736;2717600;1273600;4831;15416;24;22;3;3;0;0;0;22;3;13;7;0;3;3;0;0;0;14;0;0;3;0;3;3;3;0;0;3;0;0;0;0;3;3;3;3;3;10;0;0;0;0;0;0;0;3;0;0;0;0;0;0;0;3;3;3;3;0;3;3;18;3;0;24;0;0;0;0;0;0;0;0;0;0;0;0;
2024;2025;71402728;2714000;1272800;4841;15465;7;6;3;3;0;0;0;7;3;3;4;0;0;0;0;0;0;4;0;0;0;0;3;0;0;0;3;0;0;0;0;0;0;3;0;0;0;3;0;0;0;0;0;0;0;0;0;0;3;0;0;3;3;0;0;0;0;0;3;0;4;3;0;7;0;0;0;0;0;0;0;0;0;0;0;0;
2024;2025;72052770;2720500;1277000;4846;15414;3;3;0;0;0;0;0;3;3;0;0;0;0;0;0;0;0;0;0;0;0;0;0;0;0;0;0;0;0;0;0;0;0;0;0;0;0;3;0;0;0;0;0;0;0;0;0;0;0;0;0;0;3;0;0;0;0;0;0;0;0;3;0;3;0;0;0;0;0;0;0;0;0;0;0;0;
2024;2025;72172811;2721700;1281100;4851;15422;8;8;0;0;0;0;0;5;0;4;3;0;3;3;3;0;0;3;0;0;0;0;0;0;0;0;0;0;0;0;3;0;0;0;0;0;0;7;0;0;0;0;0;0;0;0;3;0;0;0;0;0;0;3;3;3;3;0;0;0;7;3;0;8;0;0;0;0;0;0;0;0;0;0;0;0;
2024;2025;71582804;2715800;1280400;4864;15395;18;15;3;3;0;0;0;16;3;5;9;0;3;3;0;0;0;8;0;3;0;3;0;0;3;0;0;0;0;0;0;3;3;0;0;0;3;10;3;0;0;3;3;0;0;0;0;0;0;0;3;3;0;0;3;0;3;3;3;3;10;3;0;17;0;3;0;0;0;0;0;0;0;0;0;0;
2024;2025;70532790;2705300;1279000;4871;15440;9;8;3;0;0;3;0;8;3;4;3;0;3;0;0;3;0;3;0;0;0;0;0;0;0;0;3;0;0;0;0;0;0;0;0;3;0;7;0;0;0;0;0;0;0;0;3;0;0;0;0;0;0;3;3;3;3;0;3;0;7;3;0;9;0;0;0;0;0;0;0;0;0;0;0;0;
2024;2025;72192701;2721900;1270100;4881;15436;5;5;0;0;0;0;0;5;3;3;3;0;0;0;0;0;0;3;0;0;0;0;0;0;3;0;0;0;0;0;0;0;0;0;0;0;3;3;0;0;0;0;0;0;0;0;0;0;0;0;0;0;0;0;0;0;3;3;0;0;3;3;0;4;3;0;0;0;0;0;0;0;0;0;0;0;
2024;2025;73002712;2730000;1271200;4891;15461;6;6;0;0;0;0;0;5;0;3;3;0;3;3;0;0;0;4;0;0;0;0;0;0;0;3;0;0;0;0;0;3;3;0;0;0;3;3;0;0;0;0;0;0;0;0;0;0;0;0;0;0;0;0;3;3;0;0;0;3;4;0;0;6;0;0;0;0;0;0;0;0;0;0;0;0;
2024;2025;73232716;2732300;1271600;4901;15438;12;12;0;0;0;0;0;11;3;3;6;0;3;3;0;0;0;3;0;0;0;0;0;0;0;0;0;0;0;0;0;0;3;0;3;0;3;9;0;0;0;0;0;0;0;0;0;0;0;0;0;3;0;3;3;3;3;0;0;0;9;3;0;12;0;0;0;0;0;0;0;0;0;0;0;0;
2024;2025;72902680;2729000;1268000;4911;15428;18;17;3;3;0;0;0;14;3;4;8;0;4;3;3;0;0;7;0;0;3;0;0;0;0;0;0;0;0;0;0;3;0;3;0;3;3;11;0;0;0;0;0;3;0;0;0;0;0;0;0;0;3;3;3;3;4;0;3;3;14;3;0;18;0;0;0;0;0;0;0;0;0;0;0;0;
2024;2025;72342688;2723400;1268800;4921;15444;5;5;0;0;0;0;0;5;0;3;4;0;0;0;0;0;0;3;0;0;0;0;0;0;0;0;0;0;0;3;0;3;0;0;3;0;0;3;3;0;0;0;0;0;0;0;0;0;0;0;0;0;0;0;0;0;3;0;0;0;4;3;0;5;0;0;0;0;0;0;0;0;0;0;0;0;
2024;2025;72262726;2722600;1272600;4941;15420;14;14;0;0;0;0;0;14;3;6;7;0;0;0;0;0;0;7;0;0;0;0;0;0;0;0;0;0;0;3;0;3;0;3;3;3;3;7;0;0;0;0;0;0;0;0;0;0;0;0;0;3;0;3;3;3;3;0;0;4;9;3;0;14;0;0;0;0;0;0;0;0;0;0;0;0;
2024;2025;72572698;2725700;1269800;4946;15437;43;40;3;3;3;0;0;38;6;15;17;0;5;3;3;0;0;22;0;0;3;3;3;3;0;3;0;3;3;0;0;0;3;3;3;3;4;21;0;0;0;0;0;0;0;0;0;0;3;0;0;0;3;3;3;4;7;3;3;4;32;3;0;42;0;3;0;0;0;0;0;0;0;0;0;0;
2024;2025;71972731;2719700;1273100;4951;15439;19;15;4;0;4;0;0;13;0;4;9;0;6;3;4;0;0;9;3;0;0;3;3;0;0;0;0;0;0;3;3;0;3;3;3;0;0;10;0;0;0;3;0;0;0;0;3;0;3;3;0;0;0;0;3;3;3;0;5;3;12;3;0;19;0;0;0;0;0;3;0;0;0;3;0;0;1
2024;2025;72391192;2723900;1119200;5001;11768;51;39;12;11;3;0;0;34;6;22;6;0;17;14;3;0;3;22;0;0;0;0;0;0;0;3;0;3;3;0;3;3;0;3;3;8;3;29;0;0;0;0;0;0;0;3;3;0;0;0;3;3;3;3;5;3;12;3;5;5;36;4;0;50;0;0;0;0;3;0;0;0;0;0;0;0;
2024;2025;72241168;2722400;1116800;5002;16078;321;262;59;51;3;5;0;230;117;72;41;0;91;73;5;12;3;133;3;3;4;3;4;3;7;6;3;4;3;5;5;13;8;14;14;25;14;188;0;0;3;3;4;0;3;3;0;3;3;4;5;7;10;13;21;45;65;4;22;28;154;113;0;318;3;3;3;0;0;0;0;0;0;0;0;0;
2024;2025;71671122;2716700;1112200;5003;14518;26;17;9;6;3;3;0;16;5;9;3;0;10;6;3;3;0;14;0;0;0;3;0;3;0;3;0;3;0;0;3;3;3;0;0;3;3;12;0;0;0;0;0;0;0;0;0;3;3;3;0;0;3;3;3;3;5;3;5;3;12;5;0;25;3;0;0;0;0;3;0;3;0;0;0;0;1
2024;2025;71961098;2719600;1109800;5009;12665;5;5;0;0;0;0;0;4;3;3;0;0;3;3;0;0;0;3;0;0;0;0;0;0;0;0;0;0;0;0;0;0;0;0;3;0;3;3;0;0;0;0;0;0;0;0;0;0;0;0;3;0;0;0;0;0;3;0;0;0;3;3;0;5;0;0;0;0;0;0;0;0;0;0;0;0;
2024;2025;72551212;2725500;1121200;5010;12725;11;11;0;0;0;0;0;11;3;4;5;0;0;0;0;0;0;3;0;0;0;0;0;0;0;0;0;0;0;0;0;0;0;0;0;0;3;10;0;0;0;0;0;0;0;0;0;0;0;0;0;0;0;0;3;0;8;0;0;0;9;3;0;11;0;0;0;0;0;0;0;0;0;0;0;0;
2024;2025;71901125;2719000;1112500;5017;13012;18;14;4;4;0;0;0;12;3;7;3;0;6;6;0;0;0;7;0;0;0;0;0;0;0;0;0;3;0;3;0;0;3;3;3;0;3;11;0;0;0;0;0;0;0;0;0;0;3;0;0;0;0;3;3;3;6;0;3;3;12;3;0;18;0;0;0;0;0;0;0;0;0;0;0;0;
2024;2025;71461467;2714600;1146700;5048;14492;6;5;3;3;0;0;0;5;3;3;0;0;3;3;0;0;0;4;0;0;0;0;0;0;0;0;0;0;3;0;3;0;0;3;0;0;3;3;0;0;0;0;0;0;0;0;0;0;0;0;0;0;0;3;0;0;0;3;0;0;3;3;0;5;0;3;0;0;0;0;0;0;0;0;0;0;
2024;2025;71521542;2715200;1154200;5049;14918;34;33;3;3;0;0;0;28;9;18;3;0;6;6;0;0;0;9;0;0;0;0;0;0;0;0;0;0;0;0;0;3;3;0;0;3;3;25;0;0;0;0;0;0;0;0;0;0;0;0;0;0;0;3;4;8;10;3;3;0;20;11;0;33;3;0;0;0;0;0;0;0;0;0;0;0;
2024;2025;71871409;2718700;1140900;5050;15509;37;35;3;3;0;0;0;32;12;17;3;0;5;5;0;0;0;17;0;0;0;0;0;0;0;0;3;0;3;3;0;3;3;3;3;3;3;20;0;0;0;0;0;0;0;0;0;0;0;0;0;3;3;0;3;4;12;0;3;0;18;18;0;37;0;0;0;0;0;0;0;0;0;0;0;0;
2024;2025;68981537;2689800;1153700;5061;11719;29;28;3;3;0;0;0;24;10;10;4;0;5;3;3;3;0;12;0;0;0;0;0;0;0;0;0;0;3;0;3;3;3;0;3;3;3;17;0;0;0;0;0;0;0;0;3;0;0;0;0;0;3;0;3;4;8;0;3;3;17;9;0;29;0;0;0;0;0;0;0;0;0;0;0;0;
2024;2025;68231511;2682300;1151100;5063;11872;9;9;0;0;0;0;0;9;0;8;3;0;0;0;0;0;0;7;0;0;0;0;0;0;0;3;3;3;3;0;3;0;0;3;0;0;3;3;0;0;0;0;0;0;0;0;0;0;0;3;3;0;0;0;0;0;0;3;3;3;4;0;0;7;3;0;0;0;0;0;0;0;0;0;0;0;
2024;2025;71341373;2713400;1137300;5064;11815;11;8;3;3;3;0;0;7;3;4;3;0;4;3;3;0;0;4;0;0;0;0;0;0;0;0;0;0;0;0;0;0;3;3;0;0;0;7;0;0;0;0;0;0;0;3;0;0;0;0;0;0;0;0;3;3;3;0;0;0;9;3;0;11;0;0;0;0;0;0;0;0;0;0;0;0;
2024;2025;70261478;2702600;1147800;5071;11579;3;3;0;0;0;0;0;3;3;0;0;0;0;0;0;0;0;0;0;0;0;0;0;0;0;0;0;0;0;0;0;0;0;0;0;0;0;3;0;0;0;0;0;0;0;0;0;0;0;0;0;0;0;0;0;3;0;0;0;0;0;3;0;3;0;0;0;0;0;0;0;0;0;0;0;0;
2024;2025;70461484;2704600;1148400;5072;15685;19;15;4;4;0;0;0;13;4;6;3;0;6;6;0;0;0;10;0;0;0;0;0;0;0;0;3;3;3;3;3;3;0;0;0;0;3;9;0;0;0;0;0;0;0;0;3;0;0;0;3;3;0;0;3;3;3;0;4;3;9;5;0;19;0;0;0;0;0;0;0;0;0;0;0;0;
2024;2025;71061400;2710600;1140000;5073;12066;5;5;0;0;0;0;0;4;0;3;3;0;3;3;0;0;0;3;0;0;0;0;0;0;0;0;0;0;0;0;0;0;0;0;0;3;0;4;0;0;0;0;0;0;0;0;0;0;0;0;0;0;0;3;3;0;3;0;0;3;3;3;0;5;0;0;0;0;0;0;0;0;0;0;0;0;
2024;2025;71381364;2713800;1136400;5076;13153;3;3;3;3;0;0;0;3;3;0;0;0;3;3;0;0;0;3;0;0;0;0;0;0;0;0;0;0;0;0;0;0;0;0;3;3;0;3;0;0;0;0;0;0;0;0;0;0;0;0;0;0;0;0;0;3;0;0;0;0;3;3;0;3;0;0;0;0;0;0;0;0;0;0;0;0;
2024;2025;71581359;2715800;1135900;5077;13084;8;6;3;3;0;3;0;4;3;3;3;0;4;3;0;3;0;3;0;0;0;0;0;3;0;0;0;0;0;0;0;0;0;3;0;0;0;6;0;0;0;0;0;0;0;0;0;0;0;0;0;0;0;3;3;3;3;0;0;0;3;5;3;8;0;0;0;0;0;0;0;0;0;0;0;0;
2024;2025;70131488;2701300;1148800;5078;13099;11;10;3;3;0;0;0;9;0;8;3;0;3;3;0;0;0;4;0;0;0;0;0;0;3;0;0;0;0;3;0;3;0;0;0;0;3;7;0;0;0;0;0;0;3;0;0;0;3;3;0;0;0;0;0;4;0;0;3;3;5;3;0;11;0;0;0;0;0;0;0;0;0;0;0;0;
2024;2025;69771519;2697700;1151900;5079;13092;13;12;3;3;0;0;0;10;3;5;3;0;3;3;0;0;0;5;0;0;0;0;0;0;0;3;0;0;0;0;0;3;3;0;0;3;3;8;0;0;0;0;0;0;0;0;0;0;0;0;0;0;0;3;3;3;3;0;0;3;7;5;0;13;0;0;0;0;0;0;0;0;0;0;0;0;
2024;2025;70291124;2702900;1112400;5091;11673;110;85;25;24;0;3;0;64;3;29;32;0;46;37;3;7;0;48;0;0;0;3;0;3;0;3;3;3;3;3;5;7;3;3;3;10;4;62;3;0;0;3;0;3;3;3;3;0;3;3;6;8;3;5;7;12;12;20;29;8;47;6;0;90;7;8;5;0;0;0;0;0;0;0;0;0;
2024;2025;70631156;2706300;1115600;5096;11832;7;5;3;3;0;0;0;6;3;3;3;0;3;3;0;0;0;4;0;0;0;0;0;0;0;0;0;0;0;3;0;0;0;3;0;3;0;3;0;0;0;0;0;0;0;0;0;0;0;0;0;0;0;0;3;0;3;0;0;3;4;3;0;7;0;0;0;0;0;0;0;0;0;0;0;0;
2024;2025;69831083;2698300;1108300;5097;11833;10;9;3;3;0;0;0;7;4;3;3;0;3;3;0;3;0;3;0;0;0;0;0;0;0;0;0;0;0;0;0;0;0;0;0;3;0;7;0;0;0;0;0;0;0;0;0;0;0;3;3;0;0;0;3;3;3;0;3;0;6;3;0;10;0;0;0;0;0;0;0;0;0;0;0;0;
2024;2025;71001155;2710000;1115500;5108;12051;33;28;5;5;0;0;0;28;3;20;5;0;5;4;0;3;0;18;3;0;0;0;0;0;3;3;0;3;3;0;0;3;0;3;3;3;3;15;0;0;0;0;0;3;3;3;0;0;3;0;3;0;3;0;3;3;4;4;4;7;13;5;0;28;4;0;0;3;0;0;0;0;0;0;0;0;
2024;2025;71191152;2711900;1115200;5112;16588;20;17;3;3;0;0;0;17;6;7;4;0;3;3;0;0;0;7;0;0;0;0;0;0;0;0;0;0;0;3;0;3;0;0;3;3;3;13;0;0;3;0;0;0;0;0;0;0;0;0;3;0;0;3;3;3;5;0;3;3;8;7;0;20;0;0;0;0;0;0;0;0;0;0;0;0;
2024;2025;70471138;2704700;1113800;5113;12828;205;148;57;43;8;6;0;120;44;34;42;0;85;66;9;10;0;93;3;0;3;3;3;4;7;3;5;4;5;7;8;3;7;3;12;11;11;112;0;0;3;3;4;3;3;3;3;0;3;3;3;5;8;9;10;25;38;7;42;17;118;20;3;198;4;0;3;0;3;3;0;3;0;0;0;0;1
2024;2025;70221135;2702200;1113500;5115;12807;48;40;8;8;0;0;0;34;4;23;7;0;14;14;0;0;0;16;0;0;0;3;3;0;0;0;0;0;0;3;3;3;0;3;0;3;7;32;0;0;3;3;0;0;0;0;3;0;3;0;0;3;3;3;7;4;12;0;5;0;39;4;0;48;0;0;0;0;0;0;0;0;0;0;0;0;
2024;2025;70871185;2708700;1118500;5117;12393;3;3;0;0;0;0;0;3;0;3;0;0;0;0;0;0;0;0;0;0;0;0;0;0;0;0;0;0;0;0;0;0;0;0;0;0;0;3;0;0;0;0;0;0;0;0;0;0;0;0;0;0;3;0;0;0;0;0;0;0;0;3;0;3;0;0;0;0;0;0;0;0;0;0;0;0;
2024;2025;70631150;2706300;1115000;5118;12436;66;55;11;9;0;3;0;44;4;25;15;0;22;19;0;3;0;23;0;0;0;0;0;0;3;3;3;0;3;3;3;3;0;3;3;3;5;43;0;0;0;0;0;0;0;0;3;0;3;3;3;4;0;5;3;11;15;0;5;7;50;4;0;66;0;0;0;0;0;0;0;0;0;0;0;0;
2024;2025;70561145;2705600;1114500;5120;12463;22;20;3;3;0;0;0;16;4;8;4;0;6;5;3;0;0;8;0;0;0;0;0;0;0;3;0;3;0;3;3;0;0;3;0;3;3;14;0;0;0;0;0;0;0;0;0;0;0;0;0;0;0;3;5;4;3;0;3;3;17;3;3;22;0;0;0;0;0;0;0;0;0;0;0;0;
2024;2025;70521152;2705200;1115200;5121;13135;5;5;0;0;0;0;0;4;0;3;3;0;3;3;0;0;0;3;0;0;0;0;0;0;0;0;0;0;0;3;0;0;0;0;0;0;0;3;0;0;0;0;0;0;0;0;0;0;0;3;0;0;0;0;3;0;3;0;0;0;5;0;0;5;0;0;0;0;0;0;0;0;0;0;0;0;
2024;2025;69951111;2699500;1111100;5125;12922;6;6;0;0;0;0;0;5;0;3;3;0;3;3;0;0;0;3;0;0;0;0;0;0;0;0;0;0;3;0;0;3;3;0;0;0;0;3;0;0;0;0;0;0;0;0;0;0;3;0;0;0;0;0;0;3;3;0;3;3;3;0;0;6;0;0;0;0;0;0;0;0;0;0;0;0;
2024;2025;70881153;2708800;1115300;5131;10558;38;26;12;11;0;3;0;24;3;13;8;0;14;12;3;3;0;10;0;0;0;0;0;3;0;0;0;0;0;3;0;0;0;3;4;3;3;28;0;0;0;0;0;0;0;0;0;0;3;3;0;0;3;3;5;6;11;0;8;5;22;3;0;38;0;0;0;0;0;0;0;0;0;0;0;0;
2024;2025;69131174;2691300;1117400;5136;15686;19;17;3;3;0;3;0;17;3;11;5;0;3;3;0;3;0;11;0;0;0;0;0;0;3;3;0;3;0;4;3;0;3;3;0;3;0;8;0;0;0;0;0;3;3;0;3;0;3;3;3;3;0;0;0;0;0;3;11;3;3;3;0;17;3;0;0;0;0;0;0;0;0;0;0;0;
2024;2025;71421147;2714200;1114700;5138;16587;28;25;3;3;0;0;0;22;8;11;3;0;6;6;0;0;0;12;0;0;0;0;0;0;0;0;0;0;3;3;3;0;3;0;0;3;4;16;0;0;0;0;0;0;0;0;0;0;3;0;0;0;3;3;3;3;8;0;3;0;15;11;0;28;0;0;0;0;0;0;0;0;0;0;0;0;
2024;2025;71310950;2713100;1095000;5141;11722;21;17;4;4;0;0;0;15;0;10;5;0;6;4;0;3;0;8;0;0;0;0;0;3;0;3;0;0;3;3;0;0;0;3;3;3;3;13;0;0;0;3;0;0;3;0;0;0;0;0;0;3;0;0;3;3;3;0;3;3;17;0;0;21;0;0;0;0;0;0;0;0;0;0;0;0;
2024;2025;71090972;2710900;1097200;5143;11757;3;3;0;0;0;0;0;3;3;0;0;0;0;0;0;0;0;0;0;0;0;0;0;0;0;0;0;0;0;0;0;0;0;0;0;0;0;3;0;0;0;0;0;0;0;0;0;0;0;0;0;0;0;0;0;0;3;0;0;0;0;3;0;3;0;0;0;0;0;0;0;0;0;0;0;0;
2024;2025;72010910;2720100;1091000;5144;11703;6;6;0;0;0;0;0;5;3;3;0;0;3;3;0;0;0;3;0;0;0;0;0;0;0;0;0;0;0;0;0;0;0;3;0;0;3;4;0;0;0;0;0;0;0;0;0;0;0;0;0;0;3;0;0;3;3;0;0;3;3;4;0;6;0;0;0;0;0;0;0;0;0;0;0;0;
2024;2025;70670966;2706700;1096600;5146;11684;3;3;0;0;0;0;0;3;3;0;0;0;3;3;0;0;0;3;0;0;0;0;0;0;0;0;0;0;0;0;0;0;3;0;0;0;0;3;0;0;0;0;0;0;0;0;0;0;0;0;0;0;0;0;0;0;3;0;0;3;0;3;0;3;0;0;0;0;0;0;0;0;0;0;0;0;
2024;2025;71451010;2714500;1101000;5148;11902;3;3;0;0;0;0;0;3;3;3;0;0;0;0;0;0;0;0;0;0;0;0;0;0;0;0;0;0;0;0;0;0;0;0;0;0;0;3;0;0;0;0;0;0;0;0;0;0;0;0;0;0;0;0;0;0;3;0;0;0;3;3;0;3;0;0;0;0;0;0;0;0;0;0;0;0;
2024;2025;70870955;2708700;1095500;5149;11770;6;5;3;3;0;0;0;4;0;3;3;0;3;3;0;3;0;3;0;0;0;0;0;0;0;0;0;0;0;3;0;0;0;0;0;0;0;5;0;0;0;0;0;0;0;0;0;0;0;0;0;3;0;0;3;0;3;0;0;0;6;0;0;6;0;0;0;0;0;0;0;0;0;0;0;0;
2024;2025;71380968;2713800;1096800;5151;14939;18;15;3;3;0;0;0;14;0;12;3;0;4;4;0;0;0;9;0;0;0;0;0;0;0;0;0;0;0;0;3;0;0;3;3;3;3;9;0;0;0;0;0;0;0;0;0;0;0;0;0;0;3;3;3;3;4;0;3;0;14;3;0;18;0;0;0;0;0;0;0;0;0;0;0;0;
2024;2025;71840902;2718400;1090200;5154;11806;12;12;0;0;0;0;0;10;3;5;3;0;3;3;0;0;0;4;0;0;0;0;0;0;3;0;0;0;0;0;3;3;0;0;3;0;0;8;0;0;0;0;0;0;0;0;0;0;3;3;0;3;0;3;0;0;4;3;0;0;6;3;0;9;3;3;0;0;0;0;0;0;0;0;0;0;
2024;2025;71640874;2716400;1087400;5160;11475;5;5;0;0;0;0;0;4;3;3;3;0;3;3;0;0;0;3;0;0;0;0;0;0;0;0;0;0;0;0;0;0;3;0;0;0;3;3;0;0;0;0;0;0;0;0;0;0;0;0;0;0;0;0;3;3;3;0;0;0;5;0;0;5;0;0;0;0;0;0;0;0;0;0;0;0;
2024;2025;71270977;2712700;1097700;5161;11492;6;6;0;0;0;0;0;6;3;4;0;0;0;0;0;0;0;3;0;0;0;0;0;0;0;3;0;0;0;3;0;0;0;0;3;0;0;3;0;0;0;0;0;0;0;0;0;0;0;0;0;0;0;0;0;0;3;3;0;0;3;4;0;5;0;0;3;0;0;0;0;0;0;0;0;0;
2024;2025;71590991;2715900;1099100;5162;11484;9;7;3;3;0;3;0;7;0;5;3;0;3;3;0;3;0;4;0;0;0;0;0;0;0;0;0;0;3;0;3;0;0;0;0;3;0;5;0;0;0;0;0;0;0;0;0;0;0;0;0;3;0;0;0;3;3;0;3;0;6;3;0;9;0;0;0;0;0;0;0;0;0;0;0;0;
2024;2025;71830993;2718300;1099300;5167;11404;15;10;5;5;0;0;0;9;3;7;3;0;6;6;0;0;0;7;0;0;0;0;0;0;3;0;0;0;3;0;3;0;0;0;3;0;3;8;0;0;0;0;0;0;0;3;0;0;0;0;0;0;0;0;3;3;3;0;3;3;11;3;0;15;0;0;0;0;0;0;0;0;0;0;0;0;
2024;2025;71180923;2711800;1092300;5171;11413;49;42;7;6;0;3;0;31;3;15;14;0;18;16;0;3;0;16;0;0;0;0;3;3;0;0;0;3;0;0;3;0;0;3;5;4;3;33;0;0;0;0;0;0;0;0;0;0;0;0;0;3;3;3;8;11;9;0;5;7;34;3;0;49;0;0;0;0;0;0;0;0;0;0;0;0;
2024;2025;71740994;2717400;1099400;5176;11616;26;26;0;0;0;0;0;22;3;17;4;0;4;4;0;0;0;13;0;0;0;0;0;0;0;3;3;0;0;3;0;3;3;0;3;3;3;13;0;0;0;0;0;0;0;0;0;0;0;0;0;0;3;3;3;3;7;0;3;3;18;4;0;26;0;0;0;0;0;0;0;0;0;0;0;0;
2024;2025;71660995;2716600;1099500;5180;11570;11;10;3;3;0;0;0;9;0;6;3;0;3;3;0;0;0;3;0;0;0;0;0;0;0;3;0;0;0;0;0;0;0;0;0;0;3;9;0;0;0;0;0;0;0;0;0;0;3;0;0;3;3;3;3;4;0;0;3;3;6;0;0;11;0;0;0;0;0;0;0;0;0;0;0;0;
2024;2025;71550918;2715500;1091800;5186;12042;4;3;3;3;0;0;0;3;0;3;0;0;3;3;0;0;0;0;0;0;0;0;0;0;0;0;0;0;0;0;0;0;0;0;0;0;0;4;0;0;0;0;0;0;0;0;0;0;0;0;0;0;0;0;0;3;3;0;0;3;3;3;0;4;0;0;0;0;0;0;0;0;0;0;0;0;
2024;2025;71441000;2714400;1100000;5187;12118;12;9;3;3;3;0;0;3;0;3;3;0;9;8;3;0;0;6;0;0;0;0;0;0;0;0;0;0;0;3;0;0;0;3;3;3;0;6;0;0;0;0;0;0;0;0;0;0;0;0;0;0;0;0;3;3;3;0;0;0;12;0;0;12;0;0;0;0;0;0;0;0;0;0;0;0;
2024;2025;71571004;2715700;1100400;5189;12623;22;15;7;7;0;0;0;10;3;7;3;0;12;11;3;0;0;5;0;0;0;0;0;0;0;0;0;0;0;0;0;3;0;0;0;3;3;17;0;0;0;0;0;0;0;0;0;0;0;3;0;0;0;3;3;6;8;0;3;3;18;3;0;22;0;0;0;0;0;0;0;0;0;0;0;0;
2024;2025;71710959;2717100;1095900;5192;15628;211;161;50;35;10;5;0;135;45;60;30;0;76;50;11;14;3;113;0;3;3;9;4;7;7;11;6;5;8;9;11;8;7;4;3;6;7;98;3;3;3;3;4;5;3;4;4;5;3;3;7;4;3;9;3;11;23;3;35;23;110;39;3;208;3;3;0;0;3;0;0;0;0;0;0;0;
2024;2025;71240935;2712400;1093500;5193;12714;15;14;3;3;0;0;0;13;3;8;3;0;3;3;0;0;3;3;0;0;0;0;0;0;0;0;0;3;0;0;0;0;3;0;0;3;0;12;0;0;0;0;0;0;0;0;0;0;0;0;3;3;0;3;0;3;6;3;3;0;11;3;0;14;3;0;0;0;0;0;0;0;0;0;0;0;
2024;2025;71460992;2714600;1099200;5194;12765;11;8;3;3;0;3;0;4;0;3;3;0;7;6;0;3;0;3;0;0;0;0;0;0;0;0;0;0;0;0;0;0;0;0;0;3;3;9;0;0;0;0;0;0;0;0;0;0;0;0;0;0;0;3;3;3;3;0;3;3;3;5;0;11;0;0;0;0;0;0;0;0;0;0;0;0;
2024;2025;71640969;2716400;1096900;5196;12749;3;3;0;0;0;0;0;3;0;3;0;0;0;0;0;0;0;3;0;0;0;3;0;0;0;0;0;0;0;0;0;0;0;0;0;0;0;3;0;0;3;0;0;0;0;0;0;0;0;0;0;0;0;0;0;0;0;0;3;0;0;0;0;3;0;0;0;0;0;0;0;0;0;0;0;0;
2024;2025;71690903;2716900;1090300;5198;12388;26;20;6;5;3;0;0;19;3;9;8;0;7;5;3;0;0;5;0;0;0;0;0;3;0;0;0;0;0;0;0;3;0;3;3;0;0;21;0;0;3;0;0;0;0;0;0;0;0;0;3;3;0;3;4;3;10;0;4;3;17;3;0;26;0;0;0;0;0;0;0;0;0;0;0;0;
2024;2025;71441054;2714400;1105400;5199;12442;6;5;3;3;0;0;0;5;3;3;3;0;3;3;0;0;0;3;0;0;0;0;0;0;0;0;0;0;0;0;0;0;0;0;0;3;0;5;0;0;0;0;0;0;0;0;0;0;0;0;0;0;0;0;0;4;3;0;0;0;4;3;0;6;0;0;0;0;0;0;0;0;0;0;0;0;
2024;2025;70990980;2709900;1098000;5200;12420;3;3;0;0;0;0;0;3;3;3;0;0;0;0;0;0;0;0;0;0;0;0;0;0;0;0;0;0;0;0;0;0;0;0;0;0;0;3;0;0;0;0;0;0;0;0;0;0;3;0;0;0;0;0;0;3;0;0;0;0;3;3;0;3;0;0;0;0;0;0;0;0;0;0;0;0;
2024;2025;71400873;2714000;1087300;5203;12331;3;3;0;0;0;0;0;3;0;3;3;0;0;0;0;0;0;3;0;0;0;0;0;0;0;0;0;0;0;0;0;0;3;0;0;0;0;3;0;0;0;0;0;0;0;0;0;0;0;0;0;0;0;3;0;0;0;0;0;0;3;3;0;3;0;0;0;0;0;0;0;0;0;0;0;0;
2024;2025;71500951;2715000;1095100;5205;12531;6;5;3;3;0;0;0;5;0;5;0;0;3;0;0;3;0;3;0;0;0;0;0;0;0;0;0;0;0;0;0;0;0;3;0;3;3;3;0;0;0;0;0;3;0;0;0;0;0;0;0;3;0;0;0;3;0;0;0;0;4;3;0;6;0;0;0;0;0;0;0;0;0;0;0;0;
2024;2025;70970964;2709700;1096400;5207;12564;14;13;3;3;0;0;0;10;3;4;5;0;4;4;0;0;0;5;0;0;0;0;0;0;0;0;0;0;0;0;0;0;0;3;3;0;3;9;0;0;0;0;0;0;0;0;3;0;3;0;0;0;0;3;0;3;3;0;0;3;10;3;0;14;0;0;0;0;0;0;0;0;0;0;0;0;
2024;2025;71651014;2716500;1101400;5208;12488;8;8;0;0;0;0;0;7;3;4;3;0;3;3;0;0;0;3;0;0;0;0;0;0;0;0;0;0;0;0;0;3;0;0;0;3;0;6;0;0;0;0;0;0;0;0;0;0;0;0;0;0;0;3;3;3;3;0;3;0;4;3;0;8;0;0;0;0;0;0;0;0;0;0;0;0;
2024;2025;71670944;2716700;1094400;5210;13116;25;14;11;10;3;0;0;10;0;5;5;0;15;12;3;3;0;9;0;0;0;0;0;0;0;0;0;3;3;3;3;3;3;3;3;0;0;16;0;3;0;3;0;3;3;0;0;0;3;0;0;0;0;3;0;3;8;0;4;3;18;3;0;25;0;0;0;0;0;0;0;0;0;0;0;0;
2024;2025;71701023;2717000;1102300;5212;13138;27;24;3;3;3;0;0;18;3;15;3;0;9;7;3;3;0;9;0;0;0;0;0;0;0;0;0;0;0;0;3;0;0;3;3;3;3;18;0;0;0;0;0;0;0;0;3;0;0;0;3;3;0;3;3;4;6;3;3;0;22;3;0;26;0;0;3;0;0;0;0;0;0;0;0;0;
2024;2025;71730985;2717300;1098500;5214;13073;32;28;4;4;0;0;0;21;3;16;3;0;11;11;0;0;0;9;0;0;0;3;0;0;0;0;0;0;3;3;0;0;0;3;3;3;3;23;0;0;3;3;0;0;0;0;0;3;0;0;0;0;3;3;6;4;6;0;7;5;16;4;0;32;0;0;0;0;0;0;0;0;0;0;0;0;
2024;2025;71090936;2710900;1093600;5216;13093;11;10;3;0;3;0;0;10;3;4;3;0;3;0;3;0;0;6;0;3;0;0;0;0;0;0;0;0;0;3;0;0;0;3;3;0;3;5;0;0;0;0;0;0;0;3;0;0;0;0;0;0;0;3;0;3;3;0;0;3;6;4;0;11;0;0;0;0;0;0;0;0;0;0;0;0;
2024;2025;71700978;2717000;1097800;5221;13059;15;12;3;3;0;0;0;7;3;4;3;0;8;6;3;3;0;3;0;0;0;0;0;0;3;0;0;0;0;0;0;0;0;0;0;0;3;13;0;0;0;0;0;0;3;0;0;3;3;3;0;0;0;3;3;0;4;0;3;3;11;0;0;15;0;0;0;0;0;0;0;0;0;0;0;0;
2024;2025;71590950;2715900;1095000;5225;10415;11;9;3;3;0;0;0;8;3;5;3;0;3;3;0;0;0;5;3;0;0;0;0;0;0;0;0;0;0;0;3;0;0;0;3;0;3;6;0;0;0;0;0;0;0;3;0;0;0;0;0;0;0;3;0;0;3;0;3;3;7;3;0;11;0;0;0;0;0;0;0;0;0;0;0;0;
2024;2025;71821029;2718200;1102900;5226;14938;44;42;3;3;0;0;0;37;10;19;8;0;7;7;0;0;0;15;0;0;0;0;0;0;3;3;0;0;0;0;3;0;0;3;3;4;5;29;3;3;0;3;0;0;0;3;0;0;0;0;0;0;4;4;7;5;4;0;3;5;29;8;0;44;0;0;0;0;0;0;0;0;0;0;0;0;
2024;2025;71551026;2715500;1102600;5227;10880;28;21;7;7;0;0;0;17;6;9;3;0;11;11;0;0;0;11;0;0;0;0;0;0;0;3;3;0;0;0;0;3;3;0;3;3;3;17;0;0;0;3;0;0;0;0;0;0;0;3;0;0;3;3;3;4;7;3;3;0;15;9;0;27;3;0;0;0;0;0;0;0;0;0;0;0;
2024;2025;71210947;2712100;1094700;5230;10916;3;3;0;0;0;0;0;0;0;0;0;0;3;0;0;3;0;0;0;0;0;0;0;0;0;0;0;0;0;0;0;0;0;0;0;0;0;3;0;0;0;0;0;0;0;0;0;0;0;0;0;0;3;0;0;0;0;0;0;0;3;0;0;3;0;0;0;0;0;0;0;0;0;0;0;0;
2024;2025;71610979;2716100;1097900;5231;10943;24;16;8;6;0;3;0;13;3;10;3;0;11;9;0;3;0;14;0;0;0;0;3;0;3;3;3;0;3;0;0;3;0;3;3;3;0;10;0;0;3;0;0;0;3;0;0;0;0;0;0;0;0;0;3;3;3;3;6;3;12;3;3;23;3;0;0;0;0;0;0;0;0;0;0;0;
2024;2025;71460934;2714600;1093400;5236;15512;66;51;15;12;3;3;0;41;6;23;12;0;25;19;3;3;0;28;0;0;0;3;0;0;0;3;3;3;0;0;3;0;3;0;4;8;8;38;0;0;3;0;0;0;0;3;0;0;3;0;3;0;3;3;6;14;10;0;4;12;46;4;0;66;0;0;0;0;0;0;0;0;0;0;0;0;
2024;2025;71321007;2713200;1100700;5237;14519;9;8;3;3;0;0;0;7;3;5;0;0;3;3;0;0;0;3;3;0;0;0;0;0;0;0;3;0;0;0;0;0;3;0;0;0;0;6;0;0;0;0;0;0;0;0;3;0;0;0;0;3;0;0;3;3;3;3;0;0;4;4;0;8;0;0;3;0;0;0;0;0;0;0;0;0;
2024;2025;71461085;2714600;1108500;5238;15392;45;38;7;3;5;0;0;35;16;17;3;0;10;5;5;0;0;13;0;0;3;3;0;0;0;0;3;0;0;3;3;0;3;3;0;3;3;32;0;0;0;0;0;0;0;3;3;0;3;0;3;0;0;3;3;9;16;0;3;3;11;25;5;45;0;0;0;0;0;3;0;0;0;3;0;0;1
2024;2025;70600944;2706000;1094400;5239;16611;15;13;3;3;0;3;0;11;5;4;3;0;4;3;0;3;0;8;0;0;0;0;0;0;0;3;0;0;0;0;3;3;3;0;3;3;0;7;0;0;0;0;0;0;3;0;0;3;0;0;0;3;0;3;3;3;0;0;3;0;12;3;0;15;0;0;0;0;0;0;0;0;0;0;0;0;
2024;2025;72020880;2720200;1088000;5240;16619;33;31;3;3;0;0;0;24;8;11;5;0;9;9;0;0;0;7;0;0;0;0;0;0;0;0;0;0;0;0;0;0;0;4;3;3;0;26;0;0;0;0;0;0;0;0;0;0;0;0;3;0;3;3;5;11;6;0;3;3;20;8;0;33;0;0;0;0;0;0;0;0;0;0;0;0;
2024;2025;72180787;2721800;1078700;5242;11707;31;22;9;8;3;0;0;18;3;12;5;0;13;11;3;3;0;13;3;0;0;0;3;3;3;3;0;0;3;0;0;0;0;3;3;3;0;18;0;0;0;0;0;0;0;3;0;0;3;0;0;0;3;3;3;5;5;3;7;3;19;3;0;29;3;0;0;0;0;0;0;0;0;0;0;0;
2024;2025;72190802;2721900;1080200;5249;14499;16;12;4;4;0;0;0;12;3;6;3;0;4;4;0;0;0;5;0;3;0;0;0;0;0;0;0;3;3;0;0;0;0;3;0;0;0;11;0;0;0;0;0;0;0;0;0;0;0;0;0;0;3;3;3;3;3;0;3;0;12;3;0;16;0;0;0;0;0;0;0;0;0;0;0;0;
2024;2025;72340772;2723400;1077200;5250;13251;90;60;30;26;3;3;0;47;3;38;8;0;43;34;4;5;0;37;3;3;3;0;0;3;3;3;3;3;3;5;4;3;3;3;3;3;3;53;0;0;3;4;3;3;3;0;3;0;0;3;4;3;3;5;4;9;14;0;21;15;45;8;3;90;0;0;0;0;0;0;0;0;0;0;0;0;
2024;2025;72030792;2720300;1079200;5251;11594;20;15;5;5;0;0;0;12;3;10;3;0;8;8;0;0;0;5;0;0;0;0;0;0;0;0;0;0;0;0;0;0;0;0;3;0;3;15;0;0;0;0;0;0;0;0;0;0;0;0;0;3;0;3;3;4;6;3;0;3;16;3;0;18;3;0;3;0;0;0;0;0;0;0;0;0;
2024;2025;72000810;2720000;1081000;5254;15630;111;95;16;11;3;3;0;71;38;25;8;0;40;33;3;4;0;41;3;3;0;0;0;3;3;0;3;3;3;3;0;3;3;6;6;9;5;70;0;0;3;0;0;3;0;0;3;3;3;3;3;0;0;5;13;19;25;3;11;4;69;25;3;110;3;0;0;0;0;0;0;0;0;0;0;0;
2024;2025;72260792;2722600;1079200;5257;12329;40;33;7;7;0;0;0;30;3;27;3;0;10;10;0;0;0;14;3;0;0;0;3;3;0;0;0;3;3;3;3;3;3;0;3;3;3;26;3;0;0;3;0;0;0;0;0;0;3;0;0;0;0;3;5;6;9;0;4;3;27;7;0;40;0;0;0;0;0;0;0;0;0;0;0;0;
2024;2025;71990778;2719900;1077800;5260;12544;14;12;3;3;0;3;0;8;3;6;3;0;6;5;0;3;0;8;0;0;0;0;0;0;0;0;3;3;0;0;3;0;3;0;3;3;3;6;0;0;0;0;0;0;0;0;0;0;0;0;0;3;0;3;3;3;3;0;3;0;12;3;0;14;0;0;0;0;0;0;0;0;0;0;0;0;
2024;2025;71880850;2718800;1085000;5263;12904;25;24;3;3;0;0;0;21;3;15;3;0;4;4;0;0;0;10;0;0;0;0;0;3;3;0;0;0;0;0;3;0;0;3;3;3;3;15;0;0;0;0;0;0;3;0;0;0;0;0;0;0;0;3;4;4;5;3;4;3;13;3;0;23;3;0;0;0;0;0;0;0;0;0;0;0;
2024;2025;71650788;2716500;1078800;5266;10381;27;22;5;5;0;0;0;19;3;12;4;0;8;8;0;0;0;8;0;0;0;0;0;0;3;0;0;3;3;0;3;3;0;0;0;0;3;19;3;3;3;0;0;0;3;0;0;0;3;3;3;0;0;3;3;3;5;0;6;3;15;4;0;27;0;0;0;0;0;0;0;0;0;0;0;0;
2024;2025;72400786;2724000;1078600;5268;10930;46;29;17;12;3;3;0;25;3;23;3;0;21;19;3;0;0;12;0;0;3;0;0;0;0;0;0;0;3;0;0;0;3;0;3;5;3;34;0;0;3;3;0;0;0;0;0;0;3;0;0;0;3;3;3;10;15;0;3;7;31;5;3;46;0;0;0;0;0;3;0;3;0;0;0;0;1
2024;2025;72290801;2722900;1080100;5269;14974;27;26;3;3;0;0;0;21;13;6;3;0;6;6;0;0;0;5;0;0;0;0;0;0;0;0;0;0;0;3;0;0;0;3;3;3;3;22;0;0;0;0;0;0;0;0;0;0;0;3;0;0;3;3;3;5;7;0;0;0;12;15;0;27;0;0;0;0;0;0;0;0;0;0;0;0;
2024;2025;71791355;2717900;1135500;5281;11904;40;28;12;9;3;0;0;29;5;19;5;0;11;8;3;0;0;15;3;0;0;3;0;0;0;3;3;0;3;3;3;3;0;3;0;3;0;25;0;0;0;0;0;0;0;3;0;0;3;3;0;3;0;3;4;5;8;3;4;3;26;8;0;39;0;0;3;0;0;0;0;0;0;0;0;0;
2024;2025;71871289;2718700;1128900;5287;16079;25;19;6;6;0;0;0;17;5;11;3;0;8;7;0;3;0;5;0;0;0;0;0;0;3;0;3;0;0;0;0;3;0;0;0;3;3;20;0;0;0;0;0;0;0;0;0;0;3;3;3;0;0;3;3;6;8;3;3;0;14;8;0;24;0;3;0;0;0;0;0;0;0;0;0;0;
2024;2025;68531288;2685300;1128800;5309;11388;3;3;0;0;0;0;0;3;0;3;0;0;0;0;0;0;0;3;0;0;0;0;0;0;0;0;0;0;3;0;0;0;0;0;0;0;0;0;0;0;0;0;0;0;0;0;0;0;0;0;0;0;0;0;0;0;0;0;0;0;3;0;0;3;0;0;0;0;0;0;0;0;0;0;0;0;
2024;2025;68951301;2689500;1130100;5310;14919;9;9;0;0;0;0;0;8;6;3;0;0;3;3;0;0;0;3;0;0;0;0;0;0;0;3;0;0;0;0;3;0;0;0;0;0;3;6;0;0;0;0;0;0;0;0;0;0;0;0;0;3;0;0;0;3;3;0;3;0;3;6;0;9;0;0;0;0;0;0;0;0;0;0;0;0;
2024;2025;68821292;2688200;1129200;5315;12814;3;3;0;0;0;0;0;3;0;3;0;0;0;0;0;0;0;3;0;0;0;0;0;0;0;0;0;0;0;0;0;3;0;0;0;0;0;0;0;0;0;0;0;0;0;0;0;0;0;0;0;0;0;0;0;0;0;0;0;3;0;0;0;3;0;0;0;0;0;0;0;0;0;0;0;0;
2024;2025;69791225;2697900;1122500;5317;14495;22;19;3;3;0;0;0;17;3;13;3;0;5;4;3;0;0;8;0;0;3;3;0;0;0;0;0;0;0;0;0;3;0;3;0;3;3;14;0;0;0;3;3;0;0;0;3;0;0;0;0;3;0;0;3;3;4;0;6;3;8;6;0;22;0;0;0;0;0;0;0;0;0;0;0;0;
2024;2025;69401369;2694000;1136900;5323;14497;13;13;0;0;0;0;0;13;6;7;0;0;0;0;0;0;0;5;0;0;0;0;0;0;0;0;0;0;0;3;3;0;0;3;0;3;3;8;0;0;0;0;0;0;0;0;0;0;0;0;3;0;0;0;3;3;4;0;0;0;5;8;0;13;0;0;0;0;0;0;0;0;0;0;0;0;
2024;2025;70071204;2700700;1120400;5324;14940;11;11;0;0;0;0;0;11;3;7;3;0;0;0;0;0;0;6;0;0;0;0;3;0;0;0;0;0;0;0;3;0;0;3;3;0;3;5;0;0;0;0;0;0;0;0;0;0;0;0;0;0;3;0;3;3;3;0;0;3;10;0;0;11;0;0;0;0;0;0;0;0;0;0;0;0;
2024;2025;69981158;2699800;1115800;5396;15627;37;36;3;3;0;0;0;26;3;14;10;0;11;8;3;3;0;12;0;0;0;0;0;0;0;3;0;0;0;0;3;0;0;3;3;4;3;25;0;0;0;0;0;0;0;0;0;0;0;0;3;0;3;3;4;10;6;0;3;3;27;7;0;37;0;0;0;0;0;0;0;0;0;0;0;0;
2024;2025;69741148;2697400;1114800;5397;14973;3;3;0;0;0;0;0;3;3;3;0;0;0;0;0;0;0;3;0;0;0;0;0;0;3;0;0;0;0;0;0;0;0;0;0;0;0;3;0;0;0;0;0;0;0;0;0;0;0;0;0;0;0;0;3;0;0;0;0;3;3;0;0;3;0;0;0;0;0;0;0;0;0;0;0;0;
2024;2025;70961117;2709600;1111700;5398;15391;28;23;5;5;0;0;0;19;4;10;5;0;9;8;0;3;0;9;0;0;0;0;0;0;3;0;3;0;0;0;3;0;3;0;4;0;0;19;0;0;0;0;0;0;0;0;0;3;3;0;0;3;0;4;5;3;6;0;4;0;18;6;0;28;0;0;0;0;0;0;0;0;0;0;0;0;
2024;2025;70421282;2704200;1128200;5399;16589;14;13;3;0;3;0;0;12;0;11;3;0;3;3;3;0;0;7;0;0;0;0;0;0;0;0;3;0;0;0;0;0;0;0;3;3;3;7;0;0;0;0;0;0;0;0;0;0;0;0;0;0;0;3;3;3;3;3;3;0;3;10;0;13;3;0;0;0;0;0;0;0;0;0;0;0;
2024;2025;56361297;2563600;1129700;5401;14540;36;26;10;7;3;3;0;26;6;12;8;0;10;5;3;3;3;18;3;3;0;0;3;0;3;3;3;3;3;3;3;3;3;0;0;0;3;18;0;0;3;3;0;0;3;0;0;3;3;3;3;3;3;3;0;3;3;3;11;4;16;4;0;35;3;0;0;0;0;0;0;0;0;0;0;0;
2024;2025;56731222;2567300;1122200;5402;14541;41;27;14;8;3;5;0;26;3;15;8;0;15;9;3;5;0;20;0;0;3;0;3;4;3;0;3;3;3;3;3;3;3;0;0;3;3;21;0;0;0;3;0;0;0;3;0;3;3;3;3;3;3;3;3;3;3;0;9;9;20;3;0;41;0;0;0;0;0;0;0;0;0;0;0;0;
2024;2025;55811333;2558100;1133300;5403;14808;10;4;6;6;0;0;0;6;0;6;0;0;4;4;0;0;0;5;0;0;3;0;0;0;0;3;0;3;0;0;3;0;0;0;3;0;0;5;0;0;3;0;0;0;0;0;0;3;0;0;0;3;0;0;0;0;0;3;6;3;3;0;0;9;0;0;3;0;0;0;0;0;0;0;0;0;
2024;2025;56321334;2563200;1133400;5404;14793;3;3;0;0;0;0;0;3;3;0;0;0;0;0;0;0;0;0;0;0;0;0;0;0;0;0;0;0;0;0;0;0;0;0;0;0;0;3;0;0;0;0;0;0;0;0;0;0;0;0;0;0;0;0;0;0;3;0;0;0;0;3;0;3;0;0;0;0;0;0;0;0;0;0;0;0;
2024;2025;57101248;2571000;1124800;5405;14747;3;3;0;0;0;0;0;3;3;3;0;0;0;0;0;0;0;3;0;0;0;0;0;0;0;0;0;0;0;0;0;0;0;3;0;0;0;3;0;0;0;0;0;0;0;0;0;0;0;0;0;0;3;0;3;0;0;0;0;0;3;3;0;3;0;0;0;0;0;0;0;0;0;0;0;0;
2024;2025;56771187;2567700;1118700;5406;14645;3;3;0;0;0;0;0;3;0;3;3;0;0;0;0;0;0;3;0;0;0;0;0;0;0;0;3;3;0;0;0;0;0;0;0;0;0;3;0;0;0;0;0;0;0;0;0;0;0;0;0;0;0;0;0;0;3;0;3;0;3;0;0;3;0;0;0;0;0;0;0;0;0;0;0;0;
2024;2025;56701325;2567000;1132500;5407;14625;5;4;3;0;3;0;0;3;0;3;0;0;3;0;3;3;0;4;0;0;0;0;0;3;0;3;3;3;0;0;0;0;0;0;0;0;0;3;0;0;0;0;0;3;0;0;0;0;0;0;0;0;0;0;0;0;0;0;3;3;0;0;3;5;0;0;0;0;0;0;0;0;0;0;0;0;
2024;2025;55861369;2558600;1136900;5408;14620;9;9;0;0;0;0;0;9;0;9;0;0;0;0;0;0;0;4;3;0;0;0;0;0;0;3;3;0;0;0;0;3;0;0;0;0;0;5;0;3;0;0;0;0;0;0;0;0;3;3;3;0;0;3;0;0;0;0;7;3;3;0;0;9;0;0;0;0;0;0;0;0;0;0;0;0;
2024;2025;56851274;2568500;1127400;5409;14663;11;9;3;3;0;0;0;9;0;5;4;0;3;3;0;3;0;7;0;0;0;0;3;0;0;0;3;3;0;0;3;3;3;0;0;0;0;4;0;0;0;3;0;0;3;0;0;3;0;0;0;0;0;0;0;0;0;3;3;3;4;3;0;10;0;0;3;0;0;0;0;0;0;0;0;0;
2024;2025;57021346;2570200;1134600;5410;14670;5;5;0;0;0;0;0;4;0;3;3;0;3;0;0;3;0;3;0;3;0;0;0;3;3;0;0;0;0;0;0;0;0;0;0;0;0;3;3;0;0;0;0;0;3;0;0;0;0;0;0;0;0;0;0;0;0;4;0;3;0;0;0;3;0;4;0;0;0;0;0;0;0;0;0;0;
2024;2025;56001362;2560000;1136200;5412;14616;3;3;0;0;0;0;0;0;0;0;0;0;3;3;0;0;0;0;0;0;0;0;0;0;0;0;0;0;0;0;0;0;0;0;0;0;0;3;0;0;0;0;0;0;0;0;0;0;0;0;0;0;0;0;0;0;3;0;0;0;3;0;0;3;0;0;0;0;0;0;0;0;0;0;0;0;
2024;2025;56101345;2561000;1134500;5413;14603;7;6;3;0;0;3;0;6;0;5;3;0;3;0;0;3;0;3;3;0;0;0;0;0;3;0;0;0;0;0;0;0;0;0;0;0;0;4;0;3;3;0;0;0;3;0;0;0;0;0;0;0;0;0;0;0;0;0;6;0;0;3;0;7;0;0;0;0;0;0;0;0;0;0;0;0;
2024;2025;56061386;2560600;1138600;5414;14914;28;13;15;8;5;3;0;14;0;12;3;0;14;6;5;3;0;15;0;0;0;3;3;3;0;3;3;0;3;3;0;0;0;0;0;3;0;13;0;3;0;3;3;3;0;3;3;3;0;0;0;0;3;0;0;0;0;8;8;6;5;3;0;20;6;3;3;0;0;0;0;0;0;0;0;0;
2024;2025;56321312;2563200;1131200;5415;14911;4;3;3;3;0;0;0;3;3;3;0;0;3;3;0;0;0;4;0;0;0;0;0;0;0;0;0;0;3;0;0;3;0;0;0;0;0;0;0;0;0;0;0;0;0;0;0;0;0;0;0;0;0;0;0;0;0;0;3;0;3;3;0;4;0;0;0;0;0;0;0;0;0;0;0;0;
2024;2025;51961498;2519600;1149800;5422;16600;16;11;5;4;0;3;0;9;0;3;7;0;7;6;0;3;0;11;0;0;0;0;0;3;3;0;3;3;0;3;3;3;0;0;0;0;0;5;0;0;0;0;0;3;0;3;0;3;3;0;0;0;0;0;3;0;0;5;10;0;3;0;0;11;4;0;3;0;0;0;0;0;0;0;0;0;
2024;2025;51841565;2518400;1156500;5423;14784;3;3;0;0;0;0;0;3;0;3;0;0;0;0;0;0;0;3;0;0;0;0;0;0;0;0;0;0;0;0;0;3;0;0;0;0;0;0;0;0;0;0;0;0;0;0;0;0;0;0;0;0;0;0;0;0;0;0;0;0;3;0;0;3;0;0;0;0;0;0;0;0;0;0;0;0;
2024;2025;51521546;2515200;1154600;5425;14757;3;3;0;0;0;0;0;3;0;3;0;0;3;0;0;3;0;3;0;0;0;3;3;0;0;0;0;0;3;0;0;0;0;0;0;0;0;0;0;0;0;0;0;0;0;0;0;0;0;0;0;0;0;0;0;0;0;0;0;0;3;3;0;3;0;0;0;0;0;0;0;0;0;0;0;0;
2024;2025;51321515;2513200;1151500;5428;14730;3;0;3;0;3;0;0;0;0;0;0;0;3;0;3;0;0;3;0;0;3;0;0;0;0;0;0;0;0;0;0;0;0;0;0;0;0;0;0;0;0;0;0;0;0;0;0;0;0;0;0;0;0;0;0;0;0;0;3;0;0;0;0;3;0;0;0;0;0;0;0;0;0;0;0;0;
2024;2025;50961521;2509600;1152100;5434;14615;3;3;0;0;0;0;0;3;0;0;3;0;0;0;0;0;0;3;0;0;0;0;0;0;0;3;0;0;0;0;0;0;0;0;0;0;0;0;0;0;0;0;0;0;0;0;0;0;0;0;0;0;0;0;0;0;0;0;3;0;0;0;0;3;0;0;0;0;0;0;0;0;0;0;0;0;
2024;2025;51931513;2519300;1151300;5435;14601;4;3;3;3;0;0;0;3;0;0;3;0;3;3;0;0;0;3;0;0;0;0;0;0;3;0;0;0;0;0;0;3;0;0;0;0;0;3;0;0;0;0;0;0;0;0;0;0;0;0;0;0;0;0;0;0;3;0;3;3;3;0;0;4;0;0;0;0;0;0;0;0;0;0;0;0;
2024;2025;56961922;2569600;1192200;5451;15487;94;88;6;4;0;3;0;80;3;16;63;0;14;11;3;3;0;43;0;3;0;3;0;3;3;3;3;3;3;3;4;4;12;5;3;3;0;51;3;0;0;3;0;3;0;0;3;3;3;3;7;6;10;14;3;3;3;5;10;50;26;3;0;89;0;4;3;0;0;0;0;0;0;0;0;0;
2024;2025;56812006;2568100;1200600;5456;14546;3;3;3;3;0;0;0;3;0;0;3;0;3;3;0;0;0;3;0;0;0;0;0;0;3;0;0;0;0;0;0;0;0;0;0;0;0;3;0;0;0;0;0;0;0;0;0;0;0;3;0;0;0;0;0;0;3;0;3;3;0;3;0;3;0;0;0;0;0;0;0;0;0;0;0;0;
2024;2025;56831965;2568300;1196500;5464;15488;8;8;0;0;0;0;0;6;0;6;0;0;3;3;0;3;0;6;0;0;0;3;0;0;0;3;0;3;0;0;3;0;0;3;0;0;0;3;0;0;0;0;0;0;0;0;0;3;0;0;0;0;0;0;0;0;0;3;0;3;3;3;0;7;0;3;0;0;0;0;0;0;0;0;0;0;
2024;2025;53441617;2534400;1161700;5473;14765;3;3;0;0;0;0;0;0;0;0;0;0;3;3;0;0;0;3;0;0;0;0;0;0;0;0;0;0;0;0;0;3;0;0;0;0;0;3;0;0;0;0;0;0;0;0;0;0;0;0;0;3;0;0;0;0;0;3;0;0;0;0;0;0;3;0;0;0;0;0;0;0;0;0;0;0;
2024;2025;52631662;2526300;1166200;5476;14814;3;3;0;0;0;0;0;3;0;3;0;0;0;0;0;0;0;3;0;0;0;0;0;0;0;0;0;0;3;0;0;0;0;0;0;0;0;0;0;0;0;0;0;0;0;0;0;0;0;0;0;0;0;0;0;0;0;0;0;0;3;0;0;3;0;0;0;0;0;0;0;0;0;0;0;0;
2024;2025;52871629;2528700;1162900;5477;14828;4;3;3;3;3;0;0;3;0;3;0;0;3;0;0;3;0;3;0;0;0;0;0;0;3;0;3;0;0;0;0;0;0;0;0;0;0;3;0;0;0;0;0;3;0;0;0;0;0;0;0;0;0;0;0;0;0;0;3;0;3;3;0;4;0;0;0;0;0;0;0;0;0;0;0;0;
2024;2025;52341643;2523400;1164300;5479;14830;3;3;0;0;0;0;0;3;0;3;3;0;0;0;0;0;0;3;0;0;0;0;0;0;0;0;0;0;0;0;0;3;0;0;0;0;0;3;0;0;0;0;0;0;0;0;0;0;0;0;0;3;0;0;0;0;0;0;0;0;3;3;0;3;0;0;0;0;0;0;0;0;0;0;0;0;
2024;2025;53181636;2531800;1163600;5480;14819;3;3;0;0;0;0;0;3;0;0;3;0;0;0;0;0;0;3;0;0;0;0;0;0;0;0;0;0;0;0;3;0;0;0;0;0;0;0;0;0;0;0;0;0;0;0;0;0;0;0;0;0;0;0;0;0;0;0;0;3;0;0;0;3;0;0;0;0;0;0;0;0;0;0;0;0;
2024;2025;53011672;2530100;1167200;5482;14716;3;3;0;0;0;0;0;3;0;3;0;0;0;0;0;0;0;3;0;3;0;0;0;0;0;0;0;0;0;0;0;0;0;0;0;0;0;0;0;0;0;0;0;0;0;0;0;0;0;0;0;0;0;0;0;0;0;0;3;0;0;0;0;3;0;0;0;0;0;0;0;0;0;0;0;0;
2024;2025;52871598;2528700;1159800;5484;14734;3;3;0;0;0;0;0;3;0;3;0;0;0;0;0;0;0;3;0;0;0;0;0;3;0;0;0;0;0;0;0;0;0;0;0;0;0;0;0;0;0;0;0;0;0;0;0;0;0;0;0;0;0;0;0;0;0;0;3;0;0;0;0;3;0;0;0;0;0;0;0;0;0;0;0;0;
2024;2025;52461669;2524600;1166900;5490;14681;3;3;0;0;0;0;0;3;0;3;0;0;0;0;0;0;0;3;0;0;0;0;0;0;0;0;0;0;0;0;0;0;0;3;0;0;0;3;0;0;0;0;0;0;0;0;0;0;0;0;0;0;0;3;0;0;0;0;3;0;0;0;0;3;0;0;0;0;0;0;0;0;0;0;0;0;
2024;2025;52121666;2521200;1166600;5491;14686;3;3;0;0;0;0;0;3;0;3;0;0;0;0;0;0;0;0;0;0;0;0;0;0;0;0;0;0;0;0;0;0;0;0;0;0;0;3;0;0;0;0;0;0;0;0;0;0;0;0;0;0;0;0;0;3;0;0;0;0;3;0;0;3;0;0;0;0;0;0;0;0;0;0;0;0;
2024;2025;51871615;2518700;1161500;5492;14695;3;3;0;0;0;0;0;3;0;3;0;0;0;0;0;0;0;3;0;0;0;0;0;0;0;0;0;0;0;0;0;0;0;3;0;0;0;0;0;0;0;0;0;0;0;0;0;0;0;0;0;0;0;0;0;0;0;0;0;0;3;0;0;3;0;0;0;0;0;0;0;0;0;0;0;0;
2024;2025;53021629;2530200;1162900;5495;14555;16;14;3;3;3;0;0;13;0;10;3;0;3;3;3;3;0;9;3;0;0;3;3;0;3;0;3;0;0;3;0;0;0;0;0;0;0;7;3;3;0;0;3;3;0;0;3;0;3;0;0;0;0;0;0;0;0;3;6;3;4;3;0;14;3;0;0;0;0;0;0;0;0;0;0;0;
2024;2025;53101614;2531000;1161400;5496;14556;4;3;3;3;0;0;0;3;0;3;0;0;3;3;0;0;0;3;0;0;0;0;0;0;0;3;0;0;0;0;0;0;3;0;0;0;0;3;0;0;0;0;0;0;0;0;0;0;0;0;0;0;3;0;0;0;3;0;3;0;3;0;0;4;0;0;0;0;0;0;0;0;0;0;0;0;
2024;2025;52901688;2529000;1168800;5497;14578;3;3;0;0;0;0;0;3;3;3;0;0;0;0;0;0;0;3;0;0;0;0;0;3;0;0;0;3;0;0;0;0;0;0;0;0;0;0;0;0;0;0;0;0;0;0;0;0;0;0;0;0;0;0;0;0;0;0;3;0;0;0;0;3;0;0;0;0;0;0;0;0;0;0;0;0;
2024;2025;52911678;2529100;1167800;5498;14657;9;6;3;3;0;0;0;4;0;3;3;0;5;5;0;0;0;6;0;0;0;3;0;3;0;0;0;3;0;0;0;3;0;0;0;0;0;3;0;0;3;0;0;0;0;0;0;0;0;3;3;0;0;0;0;0;0;3;3;5;3;0;0;7;3;0;0;0;0;0;0;0;0;0;0;0;
2024;2025;53311606;2533100;1160600;5501;14900;3;3;3;0;0;3;0;3;0;3;0;0;3;0;0;3;0;3;0;0;0;0;0;0;0;3;0;0;0;3;0;0;0;0;0;0;0;0;0;0;0;0;0;0;0;0;0;0;0;0;0;0;0;0;0;0;0;0;3;0;3;0;0;3;0;0;0;0;0;0;0;0;0;0;0;0;
2024;2025;53111589;2531100;1158900;5503;14908;3;3;0;0;0;0;0;0;0;0;0;0;3;3;0;0;0;3;0;0;0;0;0;0;0;0;0;0;0;0;0;3;0;0;0;0;0;3;0;0;0;0;0;0;0;0;0;0;0;3;0;0;0;0;0;0;0;0;0;0;3;0;0;3;0;0;0;0;0;0;0;0;0;0;0;0;
2024;2025;53751627;2537500;1162700;5511;16613;3;0;3;3;0;0;0;0;0;0;0;0;3;3;0;0;0;3;0;0;0;0;0;0;0;0;0;0;0;0;3;0;0;0;0;0;0;0;0;0;0;0;0;0;0;0;0;0;0;0;0;0;0;0;0;0;0;0;3;0;3;0;0;3;0;0;0;0;0;0;0;0;0;0;0;0;
2024;2025;54431714;2544300;1171400;5512;14552;3;3;0;0;0;0;0;3;0;3;3;0;0;0;0;0;0;3;0;0;0;0;0;3;0;0;0;0;0;0;0;0;0;0;0;0;0;3;0;0;0;0;3;0;0;3;0;0;0;0;0;0;0;0;0;0;0;3;3;0;0;0;0;3;3;0;0;0;0;0;0;0;0;0;0;0;
2024;2025;54031633;2540300;1163300;5514;14771;3;3;0;0;0;0;0;3;0;3;0;0;0;0;0;0;0;0;0;0;0;0;0;0;0;0;0;0;0;0;0;0;0;0;0;0;0;3;0;0;0;0;0;0;0;0;0;0;0;0;0;3;0;0;0;0;0;0;0;0;3;0;0;3;0;0;0;0;0;0;0;0;0;0;0;0;
2024;2025;53881594;2538800;1159400;5516;14825;3;3;3;3;0;0;0;3;0;3;0;0;3;0;0;3;0;3;0;0;0;0;3;0;0;0;0;0;0;3;0;0;0;0;0;0;0;0;0;0;0;0;0;0;0;0;0;0;0;0;0;0;0;0;0;0;0;3;0;0;3;0;0;3;3;0;0;0;0;0;0;0;0;0;0;0;
2024;2025;53841658;2538400;1165800;5518;14717;3;0;3;3;0;0;0;0;0;0;0;0;3;0;0;3;0;3;0;0;0;0;0;0;3;0;0;0;0;0;0;0;0;0;0;0;0;0;0;0;0;0;0;0;0;0;0;0;0;0;0;0;0;0;0;0;0;3;0;0;0;0;0;0;3;0;0;0;0;0;0;0;0;0;0;0;
2024;2025;53881740;2538800;1174000;5520;14708;3;3;0;0;0;0;0;3;0;3;0;0;0;0;0;0;0;0;0;0;0;0;0;0;0;0;0;0;0;0;0;0;0;0;0;0;0;3;0;0;0;0;0;0;0;0;0;0;0;0;0;0;0;3;0;0;0;0;0;0;3;0;0;3;0;0;0;0;0;0;0;0;0;0;0;0;
2024;2025;54211613;2542100;1161300;5523;14748;3;3;3;0;0;3;0;0;0;0;0;0;3;0;0;3;0;3;0;0;0;0;0;0;3;0;0;0;0;0;0;0;0;0;0;0;0;0;0;0;0;0;0;0;0;0;0;0;0;0;0;0;0;0;0;0;0;0;3;0;0;0;0;3;0;0;0;0;0;0;0;0;0;0;0;0;
2024;2025;54201643;2542000;1164300;5533;14577;3;3;0;0;0;0;0;3;0;0;3;0;3;0;0;3;0;3;0;0;0;0;0;0;0;3;0;0;0;0;3;3;0;0;0;0;0;0;0;0;0;0;0;0;0;0;0;0;0;0;0;0;0;0;0;0;0;0;0;3;3;0;0;3;0;0;0;0;0;0;0;0;0;0;0;0;
2024;2025;53581652;2535800;1165200;5535;14612;3;3;0;0;0;0;0;3;0;3;0;0;0;0;0;0;0;0;0;0;0;0;0;0;0;0;0;0;0;0;0;0;0;0;0;0;0;3;0;0;0;0;0;0;3;0;0;0;0;0;0;0;0;0;0;0;0;0;0;3;0;0;0;3;0;0;0;0;0;0;0;0;0;0;0;0;
2024;2025;53881676;2538800;1167600;5537;14887;3;0;3;3;0;0;0;3;0;3;0;0;3;0;0;3;0;3;0;0;0;3;0;0;0;0;0;0;0;0;0;0;0;0;0;0;0;3;0;0;0;0;3;0;0;0;0;0;0;0;0;0;0;0;0;0;0;0;3;3;0;0;0;3;0;0;0;0;0;0;0;0;0;0;0;0;
2024;2025;53951708;2539500;1170800;5539;14910;3;3;0;0;0;0;0;3;0;0;3;0;3;0;0;3;0;3;0;0;0;0;0;0;0;0;0;3;0;3;0;0;0;0;0;0;0;0;0;0;0;0;0;0;0;0;0;0;0;0;0;0;0;0;0;0;0;0;3;0;0;0;0;3;0;0;0;0;0;0;0;0;0;0;0;0;
2024;2025;54071654;2540700;1165400;5540;15489;3;3;3;3;0;0;0;3;0;3;0;0;3;0;0;3;0;3;0;0;0;0;0;0;0;0;0;0;3;0;0;0;0;0;0;0;0;3;0;0;0;0;0;3;0;3;0;0;0;0;0;0;0;0;0;0;0;0;3;3;0;0;0;3;0;0;0;0;0;0;0;0;0;0;0;0;
2024;2025;54051870;2540500;1187000;5553;14848;3;3;0;0;0;0;0;3;0;0;3;0;0;0;0;0;0;3;0;0;0;0;0;0;0;0;0;0;0;0;3;3;0;0;0;0;0;3;0;0;0;0;0;0;0;0;0;0;0;0;3;0;0;0;0;0;0;0;3;0;3;0;0;3;0;0;0;0;0;0;0;0;0;0;0;0;
2024;2025;54521894;2545200;1189400;5554;14798;3;3;3;3;0;0;0;3;0;3;0;0;3;3;0;0;0;3;0;0;0;0;3;0;3;0;0;0;0;3;0;0;0;0;0;0;0;0;0;0;0;0;0;0;0;0;0;0;0;0;0;0;0;0;0;0;0;3;0;3;3;0;0;3;3;0;0;0;0;0;0;0;0;0;0;0;
2024;2025;53741848;2537400;1184800;5559;14741;3;3;0;0;0;0;0;3;0;3;0;0;0;0;0;0;0;3;0;0;0;0;0;0;0;0;0;0;3;0;0;0;0;0;0;0;0;0;0;0;0;0;0;0;0;0;0;0;0;0;0;0;0;0;0;0;0;0;0;0;3;0;0;3;0;0;0;0;0;0;0;0;0;0;0;0;
2024;2025;53941844;2539400;1184400;5561;14725;13;9;4;3;3;0;0;9;0;6;3;0;4;3;0;3;0;10;0;0;0;0;3;3;0;3;0;3;3;3;3;0;0;0;0;0;0;3;3;0;0;0;0;3;3;0;0;0;0;0;0;0;0;0;0;0;0;3;8;3;3;0;0;12;3;0;0;0;0;0;0;0;0;0;0;0;
2024;2025;54571935;2545700;1193500;5566;14572;3;3;0;0;0;0;0;3;0;3;3;0;0;0;0;0;0;3;0;0;0;0;0;0;0;0;0;0;3;0;0;0;0;3;0;0;0;0;0;0;0;0;0;0;0;0;0;0;0;0;0;0;0;0;0;0;0;0;0;3;3;0;0;3;0;0;0;0;0;0;0;0;0;0;0;0;
2024;2025;52851861;2528500;1186100;5568;14591;24;20;4;3;3;0;0;19;3;11;6;0;5;4;3;0;0;11;0;0;0;0;0;0;3;3;3;3;3;3;0;3;0;3;0;0;0;13;0;0;0;0;3;3;3;0;3;3;3;0;0;3;3;0;0;0;5;3;8;3;9;3;0;21;0;0;3;0;3;0;0;0;0;0;0;0;
2024;2025;53811887;2538100;1188700;5571;15492;3;3;3;3;0;0;0;3;0;3;0;0;3;3;0;0;0;3;0;0;0;0;0;0;0;0;0;3;0;0;0;3;0;0;0;0;0;0;0;0;0;0;0;0;0;0;0;0;0;0;0;0;0;0;0;0;0;0;3;3;0;0;0;3;0;0;0;0;0;0;0;0;0;0;0;0;
2024;2025;53611596;2536100;1159600;5582;14810;3;3;0;0;0;0;0;3;0;0;3;0;0;0;0;0;0;3;0;0;0;0;0;0;0;0;0;3;0;0;0;0;0;0;0;0;0;0;0;0;0;0;0;0;0;0;0;0;0;0;0;0;0;0;0;0;0;0;0;3;0;0;0;3;0;0;0;0;0;0;0;0;0;0;0;0;
2024;2025;53401563;2534000;1156300;5583;14832;5;3;3;3;0;0;0;3;0;0;3;0;4;3;0;3;0;3;0;0;0;0;0;0;3;3;0;0;0;0;0;0;0;0;0;0;0;3;0;0;0;0;3;3;0;0;0;0;0;0;0;0;0;0;0;0;0;0;5;0;0;0;0;5;0;0;0;0;0;0;0;0;0;0;0;0;
2024;2025;54141557;2541400;1155700;5584;14701;7;5;3;3;0;3;0;5;0;3;3;0;3;0;0;3;0;4;0;0;0;0;3;3;0;3;0;0;0;0;3;0;0;0;0;0;0;3;0;0;0;0;3;0;0;0;3;0;0;0;0;0;3;0;0;0;0;0;4;3;0;0;0;7;0;0;0;0;0;0;0;0;0;0;0;0;
2024;2025;53821524;2538200;1152400;5586;14649;351;146;205;89;53;62;3;133;63;34;36;0;218;77;56;85;0;226;3;6;7;11;22;18;23;22;32;14;19;13;11;11;5;4;4;3;0;125;6;4;3;5;12;9;15;11;14;9;5;4;7;9;4;3;3;4;0;33;129;48;104;17;20;301;16;3;10;0;23;0;0;0;0;0;0;0;
2024;2025;53841568;2538400;1156800;5587;14647;6;3;3;3;0;0;0;3;0;3;0;0;5;4;0;3;0;3;0;0;0;0;0;3;0;3;0;0;0;0;0;3;0;0;0;0;0;3;0;0;0;3;0;0;0;0;0;0;0;0;3;3;0;0;0;0;0;0;3;3;3;0;0;6;0;0;0;0;0;0;0;0;0;0;0;0;
2024;2025;53611541;2536100;1154100;5589;14575;25;15;10;6;0;4;0;12;0;7;5;0;13;5;3;7;0;20;3;0;0;0;3;3;4;3;3;3;3;3;0;0;0;0;0;0;0;5;3;3;0;0;3;0;0;3;0;0;0;3;0;0;0;0;0;0;0;5;13;5;3;0;0;20;3;3;0;3;0;0;0;0;0;0;0;0;
2024;2025;54021513;2540200;1151300;5590;14574;12;5;7;3;3;3;0;6;0;4;3;0;6;3;0;4;0;9;0;0;0;3;0;0;3;0;4;3;0;0;0;3;3;0;0;0;0;3;0;0;0;3;3;0;0;0;0;0;0;0;3;0;0;0;0;0;0;3;5;3;4;0;0;10;3;0;0;0;3;0;0;0;0;0;0;0;
2024;2025;53411544;2534100;1154400;5591;14580;56;34;22;17;3;3;0;24;0;19;5;0;32;9;7;14;3;42;3;3;0;3;5;3;4;3;6;3;7;3;3;3;3;3;0;0;0;14;0;0;0;0;3;0;0;3;5;3;3;0;0;3;0;0;0;0;0;3;25;6;21;3;0;53;3;0;0;0;0;0;0;0;0;0;0;0;
2024;2025;53601573;2536000;1157300;5592;14605;8;5;3;3;0;0;0;6;0;4;3;0;3;3;0;0;0;6;0;0;0;0;3;3;0;0;0;3;3;0;0;3;0;0;0;0;0;3;0;0;0;0;0;0;0;0;3;0;0;0;0;0;0;0;0;0;0;0;6;0;3;0;0;8;0;0;0;0;0;0;0;0;0;0;0;0;
2024;2025;54921481;2549200;1148100;5601;14806;3;3;0;0;0;0;0;0;0;0;0;0;3;3;0;3;0;3;0;0;0;0;0;0;0;0;3;0;0;0;0;0;0;0;0;0;0;3;0;0;0;0;0;0;0;0;0;0;0;0;0;3;0;0;0;0;0;0;0;3;3;0;0;3;0;0;0;0;0;0;0;0;0;0;0;0;
2024;2025;54871546;2548700;1154600;5604;14753;3;3;0;0;0;0;0;0;0;0;0;0;3;3;0;0;0;3;0;0;0;0;0;0;0;0;0;0;0;0;0;0;0;0;0;0;3;0;0;0;0;0;0;0;0;0;0;0;0;0;0;0;0;0;0;0;0;0;0;0;3;0;0;3;0;0;0;0;0;0;0;0;0;0;0;0;
2024;2025;54231505;2542300;1150500;5606;14640;3;3;3;3;0;0;0;3;0;3;3;0;3;3;0;0;0;3;0;0;0;0;0;0;3;0;0;0;0;3;0;0;0;0;0;0;0;3;0;0;0;0;0;0;0;0;0;0;0;0;0;3;0;0;0;0;0;0;3;3;3;0;0;3;0;0;0;0;0;0;0;0;0;0;0;0;
2024;2025;54971502;2549700;1150200;5607;14573;5;3;3;3;0;3;0;3;3;3;0;0;3;3;0;3;0;3;0;0;0;0;0;0;0;0;0;0;3;0;3;0;0;0;0;0;3;3;0;0;0;0;0;3;0;0;3;0;0;0;0;0;0;0;0;0;0;0;3;3;0;3;0;5;0;0;0;0;0;0;0;0;0;0;0;0;
2024;2025;54931474;2549300;1147400;5609;14602;3;0;3;3;0;0;0;0;0;0;0;0;3;3;0;0;0;3;0;0;0;0;0;0;0;0;0;3;0;0;0;0;0;0;0;0;0;0;0;0;0;0;0;0;0;0;0;0;0;0;0;0;0;0;0;0;0;3;0;0;0;0;0;0;3;0;0;0;0;0;0;0;0;0;0;0;
2024;2025;54581544;2545800;1154400;5611;14584;6;6;0;0;0;0;0;5;0;5;0;0;3;3;0;0;0;4;0;0;0;0;0;0;3;0;0;0;3;0;0;0;0;3;0;0;0;3;0;0;0;0;0;0;0;0;0;3;0;3;0;0;0;0;0;0;0;0;3;3;3;3;0;6;0;0;0;0;0;0;0;0;0;0;0;0;
2024;2025;54451495;2544500;1149500;5613;15493;11;11;0;0;0;0;0;9;0;8;3;0;3;0;3;3;0;6;0;0;0;3;3;0;0;3;0;0;0;0;3;0;3;0;0;0;0;5;0;0;0;3;0;0;0;0;0;0;3;0;3;0;0;0;0;0;0;0;4;5;3;0;0;11;0;0;0;0;0;0;0;0;0;0;0;0;
2024;2025;52881578;2528800;1157800;5621;14781;3;3;0;0;0;0;0;0;0;0;0;0;3;0;0;3;0;3;0;0;0;0;0;0;0;0;0;0;0;3;0;0;0;0;0;0;0;0;0;0;0;0;0;0;0;0;0;0;0;0;0;0;0;0;0;0;0;0;0;0;3;0;0;3;0;0;0;0;0;0;0;0;0;0;0;0;
2024;2025;53201558;2532000;1155800;5624;15651;9;3;6;3;3;3;0;3;0;3;0;0;6;3;0;4;3;6;0;3;0;0;0;3;3;3;0;0;0;0;3;0;0;3;0;0;0;3;0;0;0;0;0;0;3;0;3;0;0;0;0;0;0;0;0;0;0;0;6;3;3;0;3;8;0;0;0;0;3;3;0;3;0;0;0;0;1
2024;2025;53351533;2533500;1153300;5627;14860;25;3;23;9;3;11;0;3;0;3;0;0;22;9;3;10;0;19;0;0;0;3;11;0;3;0;3;3;0;3;0;0;0;0;0;0;0;6;0;0;0;3;3;0;0;0;0;0;3;0;0;0;0;0;0;0;0;9;11;3;3;0;0;16;6;3;3;0;0;0;0;0;0;0;0;0;
2024;2025;52471524;2524700;1152400;5631;14824;3;3;0;0;0;0;0;3;0;3;3;0;0;0;0;0;0;3;0;0;0;0;0;0;0;0;3;0;3;0;0;0;0;0;0;0;0;3;0;0;0;0;0;0;0;3;0;0;0;0;0;0;0;0;0;0;0;0;3;0;3;0;0;3;0;0;0;0;0;0;0;0;0;0;0;0;
2024;2025;53111540;2531100;1154000;5633;14718;3;3;0;0;0;0;0;3;0;3;3;0;0;0;0;0;0;3;0;0;0;0;0;0;0;0;0;0;0;0;3;0;0;3;0;0;0;0;0;0;0;0;0;0;0;0;0;0;0;0;0;0;0;0;0;0;0;0;3;0;3;0;0;3;0;0;0;0;0;0;0;0;0;0;0;0;
2024;2025;52791532;2527900;1153200;5634;15494;3;3;0;0;0;0;0;3;0;3;0;0;0;0;0;0;0;0;0;0;0;0;0;0;0;0;0;0;0;0;0;0;0;0;0;0;0;3;0;0;0;0;0;0;0;3;0;0;0;0;0;0;0;0;0;0;0;0;0;0;3;0;0;3;0;0;0;0;0;0;0;0;0;0;0;0;
2024;2025;53301535;2533000;1153500;5635;14721;21;7;14;12;0;3;0;4;0;3;3;0;17;9;0;8;0;14;0;0;0;0;3;3;3;3;3;3;3;0;3;0;0;0;0;3;0;7;0;0;0;3;3;0;0;0;3;0;0;0;3;0;3;0;0;0;0;3;14;0;4;3;0;19;0;3;3;0;0;0;0;0;0;0;0;0;
2024;2025;52181488;2521800;1148800;5636;14703;3;3;0;0;0;0;0;3;0;3;0;0;0;0;0;0;0;3;0;0;0;0;0;0;0;0;0;0;0;3;0;0;0;0;0;0;0;0;0;0;0;0;0;0;0;0;0;0;0;0;0;0;0;0;0;0;0;0;0;0;3;0;0;3;0;0;0;0;0;0;0;0;0;0;0;0;
2024;2025;52961533;2529600;1153300;5638;14622;3;3;3;0;3;0;0;3;0;3;0;0;3;0;3;0;0;3;0;0;0;0;0;0;3;0;0;0;0;0;0;0;0;0;0;0;0;3;0;0;0;0;0;0;0;0;0;0;0;0;0;0;3;0;0;0;0;3;0;0;0;0;0;0;3;0;0;0;0;0;0;0;0;0;0;0;
2024;2025;52811520;2528100;1152000;5642;14690;45;28;17;10;3;6;0;23;4;15;4;0;22;14;3;6;3;27;3;0;3;3;3;3;3;3;3;0;3;3;3;3;3;0;0;0;0;18;0;0;0;3;0;3;3;3;5;3;3;3;3;0;0;0;3;0;0;8;18;4;12;3;0;36;4;3;3;3;0;0;0;0;0;0;0;0;
2024;2025;53011522;2530100;1152200;5643;14570;6;4;3;3;0;3;0;3;0;3;0;0;3;0;3;3;0;4;0;0;0;0;0;0;3;3;0;0;0;3;0;0;0;0;0;0;0;3;0;0;0;0;0;3;0;0;0;0;0;0;0;3;0;0;0;0;0;3;3;0;3;0;0;5;0;3;0;0;0;0;0;0;0;0;0;0;
2024;2025;52461483;2524600;1148300;5646;14587;13;8;5;3;3;0;0;9;0;8;3;0;4;3;3;0;0;7;0;0;3;0;0;3;0;3;3;0;0;0;3;3;0;0;0;0;0;6;0;0;0;0;0;3;3;0;0;3;0;3;0;3;0;0;0;0;0;3;3;3;6;3;0;12;3;0;0;0;0;0;0;0;0;0;0;0;
2024;2025;53241514;2532400;1151400;5648;14590;11;4;7;5;0;3;0;4;0;4;0;0;7;4;0;3;0;6;3;0;0;0;3;3;3;3;0;0;0;0;0;0;3;0;0;0;0;5;3;0;0;3;3;0;3;0;3;0;0;0;0;0;0;0;0;0;0;3;4;3;3;3;0;8;3;0;3;3;0;0;0;0;0;0;0;0;
2024;2025;52601509;2526000;1150900;5649;14880;7;4;3;3;0;0;0;4;0;3;3;0;3;3;0;0;0;4;0;0;0;0;0;0;0;0;0;0;0;3;0;0;0;0;0;3;0;3;0;0;0;0;0;0;3;0;0;0;0;3;0;0;0;0;0;0;0;3;0;3;5;0;0;6;3;0;0;0;0;0;0;0;0;0;0;0;
2024;2025;53281578;2532800;1157800;5651;14885;3;3;0;0;0;0;0;0;0;0;0;0;3;0;0;3;0;3;0;0;0;0;0;0;0;0;0;0;3;0;0;0;0;0;0;0;0;0;0;0;0;0;0;0;0;0;0;0;0;0;0;0;0;0;0;0;0;0;0;3;0;0;0;3;0;0;0;0;0;0;0;0;0;0;0;0;
2024;2025;52261515;2522600;1151500;5652;14882;3;3;3;3;0;0;0;3;0;0;3;0;3;3;0;0;0;3;0;0;0;0;0;0;0;0;0;3;0;0;3;3;0;0;0;0;0;0;0;0;0;0;0;0;0;0;0;0;0;0;0;0;0;0;0;0;0;3;0;0;3;0;0;3;3;0;0;0;0;0;0;0;0;0;0;0;
2024;2025;52671584;2526700;1158400;5654;14901;3;0;3;3;0;0;0;0;0;0;0;0;3;3;0;0;0;3;0;0;0;0;0;0;0;3;0;0;0;0;0;0;0;0;0;0;0;0;0;0;0;0;0;0;0;0;0;0;0;0;0;0;0;0;0;0;0;0;3;0;0;0;0;3;0;0;0;0;0;0;0;0;0;0;0;0;
2024;2025;52171524;2521700;1152400;5655;14913;3;3;3;0;3;3;0;3;0;3;0;0;3;0;3;3;0;3;0;0;0;0;0;3;0;0;0;0;0;0;0;0;0;0;0;0;0;3;0;0;0;0;3;0;0;0;0;0;0;0;0;0;0;3;0;0;0;3;3;0;0;0;0;3;0;3;0;0;0;0;0;0;0;0;0;0;
2024;2025;52251562;2522500;1156200;5656;16612;3;3;0;0;0;0;0;3;0;3;0;0;0;0;0;0;0;3;0;0;0;0;0;0;0;3;0;0;0;0;0;0;0;0;0;0;0;0;0;0;0;0;0;0;0;0;0;0;0;0;0;0;0;0;0;0;0;0;0;0;0;3;0;3;0;0;0;0;0;0;0;0;0;0;0;0;
2024;2025;55181676;2551800;1167600;5665;14856;3;3;0;0;0;0;0;3;0;3;0;0;0;0;0;0;0;0;0;0;0;0;0;0;0;0;0;0;0;0;0;0;0;0;0;0;0;3;0;0;0;0;0;0;0;0;0;0;3;0;0;0;0;0;0;0;0;0;3;0;0;0;0;3;0;0;0;0;0;0;0;0;0;0;0;0;
2024;2025;55751731;2557500;1173100;5671;14715;3;3;0;0;0;0;0;3;0;3;0;0;0;0;0;0;0;0;0;0;0;0;0;0;0;0;0;0;0;0;0;0;0;0;0;0;0;3;0;0;0;0;0;0;0;0;0;0;0;0;0;0;0;0;0;0;3;0;0;0;0;3;0;3;0;0;0;0;0;0;0;0;0;0;0;0;
2024;2025;54801658;2548000;1165800;5673;14698;3;0;3;3;0;0;0;0;0;0;0;0;3;3;0;0;0;3;0;0;0;0;0;0;0;0;3;0;0;0;0;0;0;0;0;0;0;0;0;0;0;0;0;0;0;0;0;0;0;0;0;0;0;0;0;0;0;3;0;0;0;0;0;3;0;0;0;0;0;0;0;0;0;0;0;0;
2024;2025;55611713;2556100;1171300;5674;14623;3;3;0;0;0;0;0;3;3;0;0;0;0;0;0;0;0;0;0;0;0;0;0;0;0;0;0;0;0;0;0;0;0;0;0;0;0;3;0;0;0;0;0;0;0;0;0;0;0;0;0;0;0;0;0;0;3;0;0;0;3;0;0;3;0;0;0;0;0;0;0;0;0;0;0;0;
2024;2025;55411732;2554100;1173200;5675;16073;15;15;0;0;0;0;0;15;3;11;3;0;0;0;0;0;0;8;0;0;0;0;0;3;0;0;0;0;3;3;0;0;3;0;3;0;3;7;0;0;0;0;0;0;3;0;0;0;0;0;0;0;0;3;3;3;3;0;3;0;11;3;0;15;0;0;0;0;0;0;0;0;0;0;0;0;
2024;2025;55101688;2551000;1168800;5678;14685;19;15;4;3;3;0;0;15;0;12;3;3;4;3;3;3;0;13;0;3;3;0;0;0;3;3;0;4;0;3;3;0;0;0;0;0;0;6;3;0;3;0;0;0;3;0;3;0;0;0;0;3;0;0;0;0;0;0;5;3;6;6;0;18;0;0;0;3;0;3;0;3;0;0;0;0;1
2024;2025;54781727;2547800;1172700;5693;15616;9;6;3;3;3;0;0;6;0;3;3;0;3;3;0;3;0;7;0;0;0;0;0;0;0;0;3;3;0;3;0;3;3;0;3;0;0;3;0;0;0;0;0;0;0;0;0;0;0;0;0;0;0;0;0;0;3;3;3;3;3;3;0;8;3;0;0;0;0;0;0;0;0;0;0;0;
2024;2025;50551461;2505500;1146100;5702;15652;8;7;3;3;0;0;0;6;3;3;3;0;3;3;0;0;0;5;0;0;0;0;0;3;0;3;0;3;0;0;3;0;0;0;0;0;0;3;0;3;3;0;0;0;0;0;3;0;0;0;0;0;0;0;0;0;0;3;3;0;3;3;0;7;3;0;0;0;0;0;0;0;0;0;0;0;
2024;2025;50741466;2507400;1146600;5703;14788;4;4;0;0;0;0;0;3;0;3;0;0;3;3;0;0;0;3;0;3;3;0;0;0;0;0;0;3;0;0;0;0;0;0;0;0;0;3;0;0;0;0;0;0;0;0;3;0;0;0;0;0;0;0;0;0;0;0;0;0;3;3;0;4;0;0;0;0;0;0;0;0;0;0;0;0;
2024;2025;50291372;2502900;1137200;5706;14775;3;3;0;0;0;0;0;3;0;0;3;0;0;0;0;0;0;0;0;0;0;0;0;0;0;0;0;0;0;0;0;0;0;0;0;0;0;3;0;0;0;0;0;0;0;0;3;0;0;0;0;0;0;0;0;0;0;0;0;0;3;0;0;3;0;0;0;0;0;0;0;0;0;0;0;0;
2024;2025;50281396;2502800;1139600;5709;14809;3;0;3;3;0;0;0;0;0;0;0;0;3;3;0;0;0;3;0;0;0;0;0;3;0;0;0;0;0;0;0;0;0;0;0;0;0;3;0;0;0;0;0;3;0;0;0;0;0;0;0;0;0;0;0;0;0;0;3;0;0;0;0;3;0;0;0;0;0;0;0;0;0;0;0;0;
2024;2025;50771421;2507700;1142100;5710;14817;3;3;0;0;0;0;0;3;0;3;0;0;0;0;0;0;0;3;0;0;0;0;0;0;0;0;3;0;0;0;0;0;0;0;0;0;0;3;0;3;0;0;0;0;0;0;3;0;0;0;0;0;0;0;0;0;0;0;3;0;0;0;0;3;0;0;0;0;0;0;0;0;0;0;0;0;
2024;2025;50261305;2502600;1130500;5711;14799;3;0;3;3;0;0;0;0;0;0;0;0;3;0;0;3;0;3;0;0;0;0;0;0;0;0;0;0;3;0;0;0;0;0;0;0;0;0;0;0;0;0;0;0;0;0;0;0;0;0;0;0;0;0;0;0;0;0;3;0;0;0;0;3;0;0;0;0;0;0;0;0;0;0;0;0;
2024;2025;50401303;2504000;1130300;5712;14794;26;8;18;18;0;0;0;10;0;3;7;0;16;13;3;3;0;13;3;3;3;3;0;0;0;3;3;3;3;0;3;0;0;0;0;0;0;13;3;3;0;3;0;0;0;3;4;0;3;0;3;0;0;0;0;0;0;6;15;0;3;3;0;20;4;0;3;0;0;0;0;0;0;0;0;0;
2024;2025;50501348;2505000;1134800;5713;16609;3;3;3;0;0;3;0;0;0;0;0;0;3;3;0;3;0;3;0;0;0;0;0;0;0;0;0;0;0;3;0;0;0;0;0;0;0;3;0;0;0;0;0;0;0;0;0;0;0;0;3;0;0;0;0;0;0;0;0;0;3;0;0;3;0;0;0;0;0;0;0;0;0;0;0;0;
2024;2025;50191367;2501900;1136700;5714;14835;3;3;0;0;0;0;0;3;0;3;3;0;0;0;0;0;0;0;0;0;0;0;0;0;0;0;0;0;0;0;0;0;0;0;0;0;0;3;0;0;0;0;0;0;0;0;0;0;0;0;0;0;0;3;3;0;0;0;0;3;3;0;0;3;0;0;0;0;0;0;0;0;0;0;0;0;
2024;2025;50521374;2505200;1137400;5716;14706;3;3;3;3;0;0;0;3;0;0;3;0;3;3;0;0;0;3;0;0;0;0;0;0;3;3;0;0;0;0;0;0;0;0;0;0;0;0;0;0;0;0;0;0;0;0;0;0;0;0;0;0;0;0;0;0;0;0;3;3;0;0;0;3;0;0;0;0;0;0;0;0;0;0;0;0;
2024;2025;50411321;2504100;1132100;5717;14750;10;8;3;3;0;0;0;3;0;0;3;0;8;5;0;3;0;5;0;0;0;0;3;0;3;3;0;3;0;3;0;0;0;0;0;0;0;5;3;3;0;0;0;0;0;0;3;3;0;0;3;0;0;0;0;0;0;0;9;0;0;3;0;10;0;0;0;0;0;0;0;0;0;0;0;0;
2024;2025;50611433;2506100;1143300;5718;14726;3;3;3;3;0;0;0;3;0;3;0;0;3;3;0;0;0;0;0;0;0;0;0;0;0;0;0;0;0;0;0;0;0;0;0;0;0;3;0;0;3;0;0;0;0;0;3;0;0;0;0;0;0;0;0;0;0;0;3;0;0;0;0;3;0;0;0;0;0;0;0;0;0;0;0;0;
2024;2025;50311405;2503100;1140500;5719;14731;3;3;0;0;0;0;0;3;3;0;0;0;0;0;0;0;0;0;0;0;0;0;0;0;0;0;0;0;0;0;0;0;0;0;0;0;0;3;0;0;0;0;0;0;0;0;0;0;0;0;0;0;0;0;0;3;0;0;0;0;0;3;0;3;0;0;0;0;0;0;0;0;0;0;0;0;
2024;2025;50491427;2504900;1142700;5720;14735;3;0;3;3;0;0;0;0;0;0;0;0;3;3;0;0;0;3;0;0;0;0;0;0;0;0;3;0;0;0;0;0;0;0;0;0;0;0;0;0;0;0;0;0;0;0;0;0;0;0;0;0;0;0;0;0;0;0;3;0;0;0;0;3;0;0;0;0;0;0;0;0;0;0;0;0;
2024;2025;50971417;2509700;1141700;5721;14733;75;0;75;3;39;34;3;3;0;3;0;0;73;3;38;34;0;57;3;3;4;3;12;13;8;4;3;3;4;0;0;0;3;0;0;0;0;18;0;3;0;0;3;0;3;3;3;3;3;3;3;3;3;0;0;0;0;21;51;0;0;3;3;55;8;7;3;0;4;0;0;0;0;0;0;0;
2024;2025;50401388;2504000;1138800;5722;14728;3;3;0;0;0;0;0;3;0;3;0;0;0;0;0;0;0;0;0;0;0;0;0;0;0;0;0;0;0;0;0;0;0;0;0;0;0;3;0;0;0;3;0;0;0;0;0;3;0;0;0;0;0;0;0;0;0;3;0;0;0;0;0;0;3;0;0;0;0;0;0;0;0;0;0;0;
2024;2025;50221288;2502200;1128800;5723;14680;8;8;0;0;0;0;0;3;0;0;3;0;6;6;0;0;0;5;0;0;0;0;3;0;0;0;3;0;3;0;3;0;0;0;0;0;0;3;0;0;0;0;3;0;0;0;0;0;3;0;3;0;0;0;0;0;0;0;5;0;3;0;0;8;0;0;0;0;0;0;0;0;0;0;0;0;
2024;2025;50771375;2507700;1137500;5724;14659;16;9;7;5;3;3;0;9;3;3;4;0;7;3;3;3;0;7;0;0;0;3;0;3;3;3;0;0;3;0;0;0;0;0;0;0;0;9;0;0;0;3;0;3;3;0;0;3;3;3;0;0;0;0;0;3;3;3;5;3;6;3;0;14;3;0;0;0;0;0;0;0;0;0;0;0;
2024;2025;50851388;2508500;1138800;5725;14582;3;3;3;0;0;3;0;3;0;0;3;0;3;0;0;3;0;3;0;0;0;0;0;3;0;0;0;3;0;0;0;0;0;0;0;0;0;3;0;0;0;0;0;0;0;0;0;0;0;0;0;0;0;0;0;0;3;0;3;3;3;0;0;3;0;0;0;0;0;0;0;0;0;0;0;0;
2024;2025;50091375;2500900;1137500;5726;14658;12;7;5;3;0;3;0;7;0;3;4;0;5;3;0;3;0;5;0;0;0;3;3;0;0;3;0;0;3;0;0;0;0;0;0;0;0;7;0;3;0;0;3;0;0;0;3;0;3;0;0;0;0;0;0;0;3;0;11;0;3;0;0;12;0;0;0;0;0;0;0;0;0;0;0;0;
2024;2025;50161447;2501600;1144700;5727;14613;22;18;4;4;0;0;0;17;0;8;9;0;5;3;3;3;0;14;3;0;0;0;3;3;0;0;0;3;4;3;3;0;0;3;0;0;0;8;0;0;0;0;3;3;0;0;3;3;3;0;3;3;0;0;0;0;0;4;7;7;3;3;0;17;3;3;3;3;0;0;0;0;0;0;0;0;
2024;2025;50281294;2502800;1129400;5729;14897;11;6;5;3;3;3;0;7;0;0;6;3;4;3;0;3;0;4;3;0;0;0;0;0;0;3;0;0;0;3;3;0;0;0;0;0;0;7;3;0;0;3;3;0;3;0;3;0;0;0;3;0;0;0;0;0;0;9;0;3;0;3;0;3;4;5;0;3;0;0;0;0;0;0;0;0;
2024;2025;50751481;2507500;1148100;5731;14639;3;3;0;0;0;0;0;3;0;3;3;0;0;0;0;0;0;3;0;0;0;0;0;3;0;0;0;0;0;0;0;0;0;0;0;0;0;3;0;0;0;0;0;0;0;0;0;0;0;0;3;0;0;0;0;0;0;0;3;0;0;0;0;3;0;0;0;0;0;0;0;0;0;0;0;0;
2024;2025;52751786;2527500;1178600;5741;14653;3;3;0;0;0;0;0;3;3;0;0;0;0;0;0;0;0;0;0;0;0;0;0;0;0;0;0;0;0;0;0;0;0;0;0;0;0;3;0;0;0;0;0;0;0;0;0;0;0;0;0;0;0;0;0;0;3;0;0;0;0;3;0;3;0;0;0;0;0;0;0;0;0;0;0;0;
2024;2025;52971717;2529700;1171700;5743;14778;5;5;0;0;0;0;0;5;0;5;0;0;0;0;0;0;0;3;0;3;0;0;0;0;0;3;0;0;0;0;0;0;0;0;0;0;0;3;3;0;3;0;0;0;0;3;0;0;0;0;0;0;0;0;0;0;0;0;0;0;3;3;0;5;0;0;0;0;0;0;0;0;0;0;0;0;
2024;2025;53011825;2530100;1182500;5745;14787;4;4;0;0;0;0;0;4;0;3;3;0;0;0;0;0;0;3;0;0;0;0;0;0;0;0;0;0;3;0;0;0;0;0;3;0;0;3;0;0;0;0;0;0;0;0;0;0;0;3;0;3;0;0;0;0;0;0;3;0;3;0;0;4;0;0;0;0;0;0;0;0;0;0;0;0;
2024;2025;53361731;2533600;1173100;5749;16074;13;12;3;3;0;0;0;11;0;10;3;0;3;3;0;0;0;7;0;0;0;0;0;0;3;3;3;0;0;3;0;3;3;0;0;0;0;6;0;3;0;0;0;0;3;3;3;0;3;0;0;0;3;0;0;0;0;0;8;3;3;3;0;13;0;0;0;0;0;0;0;0;0;0;0;0;
2024;2025;52641719;2526400;1171900;5752;14831;3;3;0;0;0;0;0;3;0;3;0;0;0;0;0;0;0;3;0;0;0;0;0;0;0;0;0;0;0;0;0;3;0;0;0;0;0;0;0;0;0;0;0;0;0;0;0;0;0;0;0;0;0;0;0;0;0;0;0;0;3;0;0;3;0;0;0;0;0;0;0;0;0;0;0;0;
2024;2025;52491771;2524900;1177100;5755;14621;3;3;0;0;0;0;0;3;0;3;0;0;0;0;0;0;0;3;0;0;0;0;0;0;3;0;0;0;0;0;0;0;0;0;0;0;0;0;0;0;0;0;0;0;0;0;0;0;0;0;0;0;0;0;0;0;0;0;3;0;0;0;0;3;0;0;0;0;0;0;0;0;0;0;0;0;
2024;2025;53081752;2530800;1175200;5757;14673;11;7;4;3;3;3;0;8;0;7;0;3;3;0;0;3;0;9;3;0;0;0;3;3;0;0;3;3;3;0;0;0;3;0;0;0;0;3;0;0;0;0;0;3;0;0;0;0;0;0;0;0;0;0;0;3;0;3;4;3;3;3;0;9;0;0;0;3;3;0;0;0;0;0;0;0;
2024;2025;53061792;2530600;1179200;5760;14553;3;3;3;3;3;0;0;3;0;3;0;0;3;3;3;0;0;3;0;0;0;0;0;0;0;0;3;0;0;0;0;0;0;0;0;0;0;3;0;0;0;0;0;3;0;0;0;0;0;0;0;0;0;0;0;0;3;0;3;0;0;3;0;3;0;0;0;0;0;0;0;0;0;0;0;0;
2024;2025;52521718;2525200;1171800;5761;14549;3;3;0;0;0;0;0;3;0;3;0;0;3;3;0;0;0;3;0;0;0;0;0;0;0;0;0;0;0;3;0;0;0;0;0;0;0;3;0;0;0;0;0;0;0;0;0;0;0;0;3;0;0;0;0;3;0;3;0;0;3;0;0;3;3;0;0;0;0;0;0;0;0;0;0;0;
2024;2025;51901739;2519000;1173900;5764;14866;23;16;7;5;0;3;0;13;3;9;3;0;10;6;0;4;0;17;3;0;0;3;3;3;3;3;6;3;3;0;0;3;0;0;0;0;0;6;3;3;0;0;3;0;3;3;0;0;0;0;0;0;0;0;0;0;0;6;11;3;4;3;0;17;3;0;5;0;0;0;0;0;0;0;0;0;
2024;2025;51981714;2519800;1171400;5765;14873;3;3;3;3;0;0;0;3;3;0;0;0;3;3;0;0;0;3;0;0;0;0;0;0;0;3;0;0;0;0;0;0;0;3;0;0;0;0;0;0;0;0;0;0;0;0;0;0;0;0;0;0;0;0;0;0;0;0;0;3;0;3;0;3;0;0;0;0;0;0;0;0;0;0;0;0;
2024;2025;54661620;2546600;1162000;5785;14792;3;0;3;3;0;0;0;0;0;0;0;0;3;3;0;0;0;0;0;0;0;0;0;0;0;0;0;0;0;0;0;0;0;0;0;0;0;3;0;0;0;0;0;0;0;0;0;0;0;0;3;0;0;0;0;0;0;0;3;0;0;0;0;3;0;0;0;0;0;0;0;0;0;0;0;0;
2024;2025;54651592;2546500;1159200;5792;14697;3;3;0;0;0;0;0;3;0;3;3;0;0;0;0;0;0;3;0;0;0;0;0;0;0;0;0;0;0;3;0;0;0;0;0;0;0;3;0;0;0;0;0;0;0;0;0;0;3;0;0;0;0;0;0;0;0;0;0;3;0;0;0;3;0;0;0;0;0;0;0;0;0;0;0;0;
2024;2025;54741628;2547400;1162800;5798;14607;3;3;0;0;0;0;0;3;0;3;0;0;3;0;3;0;0;3;0;0;0;0;3;0;0;0;3;0;0;0;0;0;0;0;0;0;0;0;0;0;0;0;0;0;0;0;0;0;0;0;0;0;0;0;0;0;0;0;3;0;0;0;0;3;0;0;0;0;0;0;0;0;0;0;0;0;
2024;2025;54981585;2549800;1158500;5799;15505;3;3;3;3;0;0;0;0;0;0;0;0;3;3;0;3;0;3;0;3;3;3;0;0;0;0;0;0;0;0;0;0;0;0;0;0;0;0;0;0;0;0;0;0;0;0;0;0;0;0;0;0;0;0;0;0;0;0;3;0;0;0;0;3;0;0;0;0;0;0;0;0;0;0;0;0;
2024;2025;55051635;2550500;1163500;5803;14902;3;0;3;3;0;0;0;0;0;0;0;0;3;3;0;0;0;3;0;0;0;0;0;0;0;3;0;0;0;0;0;0;0;0;0;0;0;0;0;0;0;0;0;0;0;0;0;0;0;0;0;0;0;0;0;0;0;0;3;0;0;0;0;3;0;0;0;0;0;0;0;0;0;0;0;0;
2024;2025;54371641;2543700;1164100;5804;15491;3;3;0;0;0;0;0;3;0;3;0;0;0;0;0;0;0;3;0;0;0;0;0;0;0;0;0;0;0;3;0;0;0;0;0;0;0;0;0;0;0;0;0;0;0;0;0;0;0;0;0;0;0;0;0;0;0;0;0;0;3;0;0;3;0;0;0;0;0;0;0;0;0;0;0;0;
2024;2025;55311580;2553100;1158000;5805;16617;15;13;3;3;0;3;0;12;3;10;3;0;3;0;3;3;0;9;0;0;0;0;3;3;3;3;3;0;0;0;0;0;0;0;3;0;3;6;0;0;0;0;0;0;0;0;0;0;0;0;3;0;0;0;0;3;3;0;5;3;5;3;0;15;0;0;0;0;0;0;0;0;0;0;0;0;
2024;2025;54921618;2549200;1161800;5806;15687;4;4;0;0;0;0;0;3;0;3;0;0;3;3;0;0;0;4;0;0;0;3;0;3;0;0;0;0;3;0;3;0;0;0;0;0;0;0;0;0;0;0;0;0;0;0;0;0;0;0;0;0;0;0;0;0;0;0;3;0;3;3;0;4;0;0;0;0;0;0;0;0;0;0;0;0;
2024;2025;55041790;2550400;1179000;5812;14852;3;3;0;0;0;0;0;3;0;0;3;0;0;0;0;0;0;0;0;0;0;0;0;0;0;0;0;0;0;0;0;0;0;0;0;0;0;3;0;0;0;0;0;0;0;0;0;0;0;0;0;0;0;0;0;3;0;0;0;0;3;0;0;3;0;0;0;0;0;0;0;0;0;0;0;0;
2024;2025;55961932;2559600;1193200;5813;14807;3;0;3;0;0;3;0;0;0;0;0;0;3;0;0;3;0;3;0;0;0;0;0;0;3;0;0;0;0;0;0;0;0;0;0;0;0;0;0;0;0;0;0;0;0;0;0;0;0;0;0;0;0;0;0;0;0;0;3;0;0;0;0;3;0;0;0;0;0;0;0;0;0;0;0;0;
2024;2025;56361868;2563600;1186800;5816;14805;11;8;3;3;0;3;0;7;0;3;5;0;4;3;0;3;0;3;0;0;0;0;0;3;0;0;0;0;0;3;0;0;0;0;0;0;0;9;0;0;0;3;3;3;3;0;3;3;0;3;0;3;0;0;3;0;0;3;4;0;6;0;0;10;0;0;3;0;0;0;0;0;0;0;0;0;
2024;2025;56121913;2561200;1191300;5817;14729;3;3;0;0;0;0;0;3;0;3;3;0;3;3;0;0;0;3;0;0;0;0;0;0;0;0;0;0;3;0;3;0;0;0;0;0;0;3;0;0;0;0;0;0;0;0;0;0;0;0;3;0;0;0;0;0;0;0;3;0;3;0;0;3;0;0;0;0;0;0;0;0;0;0;0;0;
2024;2025;56431920;2564300;1192000;5821;14682;3;0;3;0;3;0;0;3;0;3;0;0;0;0;0;0;0;3;0;0;0;0;0;0;0;3;0;0;0;0;0;0;0;0;0;0;0;0;0;0;0;0;0;0;0;0;0;0;0;0;0;0;0;0;0;0;0;3;0;0;0;0;0;0;3;0;0;0;0;0;0;0;0;0;0;0;
2024;2025;56171857;2561700;1185700;5822;14560;14;10;4;3;0;3;0;10;3;3;7;0;4;3;0;3;0;8;0;0;0;0;0;0;3;3;0;3;3;0;3;3;0;0;0;0;0;6;0;0;0;0;0;0;3;0;0;3;0;3;3;0;0;0;0;3;3;3;3;3;9;0;0;13;0;0;0;0;3;0;0;0;0;0;0;0;
2024;2025;56081799;2560800;1179900;5827;14877;5;5;0;0;0;0;0;5;0;3;3;0;0;0;0;0;0;3;0;0;3;0;0;0;3;3;0;0;0;0;0;0;0;0;0;0;0;3;0;0;0;0;0;3;0;3;0;0;0;0;0;0;0;0;0;0;0;3;3;0;0;3;0;4;3;0;0;0;0;0;0;0;0;0;0;0;
2024;2025;55991777;2559900;1177700;5830;14542;3;3;0;0;0;0;0;3;3;0;0;0;0;0;0;0;0;3;0;0;0;0;0;0;0;0;0;0;0;0;0;0;0;0;0;0;3;0;0;0;0;0;0;0;0;0;0;0;0;0;0;0;0;0;0;0;0;0;0;0;0;3;0;3;0;0;0;0;0;0;0;0;0;0;0;0;
2024;2025;55791792;2557900;1179200;5831;15496;6;6;0;0;0;0;0;5;0;3;3;0;3;0;0;3;0;4;0;0;0;0;0;3;3;0;0;0;3;0;0;0;0;0;3;0;0;3;0;0;0;0;0;0;0;3;0;0;3;0;0;0;0;0;0;0;0;3;3;3;0;3;0;5;3;0;0;0;0;0;0;0;0;0;0;0;
2024;2025;57651470;2576500;1147000;5841;14845;9;6;3;3;3;3;0;3;3;3;0;0;6;0;3;4;0;6;0;0;0;3;3;0;0;3;0;0;3;3;0;0;0;0;0;0;0;3;0;0;0;0;0;0;3;3;0;3;0;0;0;0;0;0;0;0;0;3;5;3;0;0;3;7;3;0;0;0;0;0;0;0;0;0;0;0;
2024;2025;58241487;2582400;1148700;5843;14618;4;3;3;0;3;0;0;3;0;3;3;0;3;0;3;0;0;3;0;0;0;0;0;0;0;0;0;0;0;0;3;0;0;3;0;0;0;3;0;0;0;0;0;3;0;0;0;0;0;0;0;0;0;0;0;0;3;0;3;0;3;3;0;4;0;0;0;0;0;0;0;0;0;0;0;0;
2024;2025;51991471;2519900;1147100;5851;14782;3;3;0;0;0;0;0;3;0;0;3;0;0;0;0;0;0;3;0;0;0;0;0;0;0;0;0;0;0;3;0;0;0;0;0;0;0;0;0;0;0;0;0;0;0;0;0;0;0;0;0;0;0;0;0;0;0;0;0;0;3;0;0;3;0;0;0;0;0;0;0;0;0;0;0;0;
2024;2025;51181451;2511800;1145100;5853;14840;3;3;0;0;0;0;0;3;3;0;3;0;0;0;0;0;0;3;0;0;0;0;0;0;0;0;0;0;0;0;0;3;0;0;0;0;0;3;0;0;0;0;0;0;0;0;0;0;0;0;0;0;0;0;0;3;0;0;0;0;3;3;0;3;0;0;0;0;0;0;0;0;0;0;0;0;
2024;2025;51231458;2512300;1145800;5857;14739;4;3;3;3;0;0;0;3;0;3;0;0;3;3;0;0;0;3;0;0;0;0;0;3;0;0;0;0;0;0;3;0;0;0;0;0;0;3;0;0;0;0;0;0;0;0;0;0;0;0;3;0;0;0;0;0;3;0;3;3;3;0;0;4;0;0;0;0;0;0;0;0;0;0;0;0;
2024;2025;51541472;2515400;1147200;5859;14694;3;0;3;0;0;3;0;0;0;0;0;0;3;0;0;3;0;3;0;0;0;0;0;0;0;0;3;0;0;0;0;3;0;0;0;0;0;0;0;0;0;0;0;0;0;0;0;0;0;0;0;0;0;0;0;0;0;0;3;0;3;0;0;3;0;0;0;0;0;0;0;0;0;0;0;0;
2024;2025;51531458;2515300;1145800;5861;14604;5;5;0;0;0;0;0;5;0;4;3;0;0;0;0;0;0;4;0;0;0;0;0;0;0;3;0;3;0;0;3;0;3;0;0;0;0;3;0;0;0;0;0;0;0;0;0;0;0;0;3;0;0;0;0;0;0;0;3;0;3;3;0;5;0;0;0;0;0;0;0;0;0;0;0;0;
2024;2025;51071642;2510700;1164200;5871;14654;3;0;3;3;0;0;0;0;0;0;0;0;3;3;0;0;0;3;0;0;0;0;0;3;0;0;0;0;0;3;0;0;0;0;0;0;0;0;0;0;0;0;0;0;0;0;0;0;0;0;0;0;0;0;0;0;0;0;3;0;3;0;0;3;0;0;0;0;0;0;0;0;0;0;0;0;
2024;2025;50691621;2506900;1162100;5872;14646;4;3;3;3;0;0;0;3;0;3;0;0;3;3;0;0;0;3;0;0;0;0;0;0;0;3;3;0;3;0;0;0;0;0;0;0;0;3;0;0;0;0;0;0;0;0;0;3;0;0;0;0;0;0;0;0;0;0;3;0;3;0;0;4;0;0;0;0;0;0;0;0;0;0;0;0;
2024;2025;55301475;2553000;1147500;5882;14846;3;0;3;3;0;0;0;0;0;0;0;0;3;3;0;0;0;0;0;0;0;0;0;0;0;0;0;0;0;0;0;0;0;0;0;0;0;3;0;0;0;0;0;0;0;0;0;0;0;0;3;0;0;0;0;0;0;0;0;3;0;0;0;3;0;0;0;0;0;0;0;0;0;0;0;0;
2024;2025;55291470;2552900;1147000;5883;14802;10;3;7;6;0;3;0;3;0;3;3;0;7;5;0;3;0;5;3;0;0;0;0;0;0;3;0;0;3;0;3;0;0;0;0;0;0;5;3;0;0;0;0;0;0;3;0;3;0;3;0;0;0;0;0;0;0;5;4;3;0;0;0;5;0;0;5;0;0;0;0;0;0;0;0;0;
2024;2025;55421467;2554200;1146700;5884;14833;11;5;6;5;0;0;3;6;0;5;3;0;5;4;0;3;0;9;3;3;0;0;0;3;0;3;0;0;3;0;3;3;0;0;0;0;0;3;0;0;0;0;0;0;3;3;0;0;0;0;0;0;0;0;0;0;0;3;9;0;3;0;0;10;0;3;0;0;0;0;0;0;0;0;0;0;
2024;2025;55431478;2554300;1147800;5885;14642;3;0;3;3;0;0;0;0;0;0;0;0;3;3;0;0;0;3;0;0;0;0;0;0;0;0;0;0;0;3;0;0;0;0;0;0;0;0;0;0;0;0;0;0;0;0;0;0;0;0;0;0;0;0;0;0;0;0;3;0;0;0;0;3;0;0;0;0;0;0;0;0;0;0;0;0;
2024;2025;55951428;2559500;1142800;5886;14550;38;21;17;10;3;5;0;17;3;11;5;0;21;10;3;9;0;25;3;0;0;0;3;3;6;3;4;3;3;4;3;0;0;0;3;0;0;13;0;0;0;0;3;3;3;3;3;0;3;0;0;3;3;3;0;0;3;5;17;5;9;3;0;32;3;0;3;3;3;0;0;0;0;0;0;0;
2024;2025;55561448;2555600;1144800;5889;14656;9;7;3;3;0;0;0;7;0;5;3;0;3;0;0;3;0;9;0;0;0;0;3;0;3;0;3;0;3;3;3;3;0;0;0;0;0;0;0;0;0;0;0;0;0;0;0;0;0;0;0;0;0;0;0;0;0;3;5;0;3;0;0;8;0;0;0;0;3;0;0;0;0;0;0;0;
2024;2025;55441457;2554400;1145700;5890;14872;31;17;14;7;4;3;0;16;5;9;3;0;15;6;3;5;3;24;3;0;0;3;3;6;4;0;3;0;4;0;3;3;0;0;0;0;0;7;0;0;0;0;0;3;0;0;3;3;3;0;0;0;0;0;0;0;0;4;16;4;6;3;0;28;3;0;3;0;3;0;0;0;0;0;0;0;
2024;2025;56071411;2560700;1141100;5891;14876;9;3;6;5;0;3;0;3;0;3;0;0;6;4;0;3;0;7;3;0;0;0;0;0;0;3;3;0;3;0;0;0;0;0;0;0;0;3;0;0;0;0;0;0;0;3;0;0;0;3;0;0;0;0;0;0;0;5;4;0;0;0;0;4;5;0;0;0;0;0;0;0;0;0;0;0;
2024;2025;55821460;2558200;1146000;5892;16618;21;16;5;4;0;3;0;14;0;12;3;0;7;6;0;3;0;17;0;0;0;0;0;3;3;3;0;3;3;3;3;3;0;3;0;3;0;4;0;3;0;0;0;0;3;0;0;0;0;3;0;3;0;0;0;0;0;3;7;3;5;4;0;19;0;0;3;0;3;0;0;0;0;0;0;0;
2024;2025;53641812;2536400;1181200;5904;14864;3;3;0;0;0;0;0;3;0;3;0;0;0;0;0;0;0;3;0;0;0;0;0;0;3;0;0;0;0;0;0;0;0;0;0;0;0;3;0;0;0;0;0;0;0;3;0;0;0;0;0;0;0;0;0;0;0;0;0;3;0;0;0;3;0;0;0;0;0;0;0;0;0;0;0;0;
2024;2025;53381817;2533800;1181700;5905;15506;3;3;0;0;0;0;0;3;0;3;0;0;0;0;0;0;0;3;0;0;0;0;0;0;0;0;3;0;0;0;0;0;0;0;0;0;0;0;0;0;0;0;0;0;0;0;0;0;0;0;0;0;0;0;0;0;0;0;3;0;0;0;0;3;0;0;0;0;0;0;0;0;0;0;0;0;
2024;2025;54141811;2541400;1181100;5909;14811;3;3;0;0;0;0;0;3;0;3;3;0;0;0;0;0;0;3;0;0;0;0;0;0;0;0;0;0;0;0;3;0;0;0;0;0;3;0;0;0;0;0;0;0;0;0;0;0;0;0;0;0;0;0;0;0;0;0;0;3;3;0;0;3;0;0;0;0;0;0;0;0;0;0;0;0;
2024;2025;54471773;2544700;1177300;5913;15507;3;3;0;0;0;0;0;3;0;3;0;0;0;0;0;0;0;3;0;0;0;0;0;0;0;3;0;0;0;0;0;0;0;0;0;0;0;0;0;0;0;0;0;0;0;0;0;0;0;0;0;0;0;0;0;0;0;0;0;3;0;0;0;3;0;0;0;0;0;0;0;0;0;0;0;0;
2024;2025;53331799;2533300;1179900;5919;14634;3;3;3;3;0;0;0;3;0;0;3;0;3;3;0;0;0;3;0;0;0;0;0;0;0;0;0;3;0;0;0;0;0;0;0;0;0;3;0;0;0;0;0;0;0;0;0;0;0;0;0;0;0;0;0;0;3;0;3;0;3;0;0;3;0;0;0;0;0;0;0;0;0;0;0;0;
2024;2025;53691826;2536900;1182600;5922;14691;3;3;0;0;0;0;0;3;0;3;0;0;0;0;0;0;0;3;0;0;0;0;3;0;0;0;0;0;0;0;0;0;0;0;0;0;0;0;0;0;0;0;0;0;0;0;0;0;0;0;0;0;0;0;0;0;0;0;0;3;0;0;0;3;0;0;0;0;0;0;0;0;0;0;0;0;
2024;2025;53511844;2535100;1184400;5924;14671;6;6;0;0;0;0;0;6;0;6;0;0;0;0;0;0;0;3;0;0;3;0;0;0;0;0;0;3;0;3;0;0;0;0;0;0;0;3;0;0;3;0;0;0;0;3;0;0;0;0;3;0;0;0;0;0;0;6;0;0;0;0;0;0;6;0;0;0;0;0;0;0;0;0;0;0;
2024;2025;54121790;2541200;1179000;5926;14579;3;3;0;0;0;0;0;3;0;3;3;0;0;0;0;0;0;3;0;0;0;0;0;0;0;0;0;0;0;3;0;0;0;0;0;3;0;0;0;0;0;0;0;0;0;0;0;0;0;0;0;0;0;0;0;0;0;0;0;0;3;3;0;3;0;0;0;0;0;0;0;0;0;0;0;0;
2024;2025;53581750;2535800;1175000;5929;14896;3;3;0;0;0;0;0;3;0;3;0;0;0;0;0;0;0;3;0;0;0;0;0;0;0;0;0;0;3;0;0;0;0;0;0;0;0;0;0;0;0;0;0;0;0;0;0;0;0;0;0;0;0;0;0;0;0;0;0;0;3;0;0;3;0;0;0;0;0;0;0;0;0;0;0;0;
2024;2025;54011775;2540100;1177500;5934;14871;3;3;0;0;0;0;0;3;0;3;0;0;0;0;0;0;0;0;0;0;0;0;0;0;0;0;0;0;0;0;0;0;0;0;0;0;0;3;0;0;0;0;0;0;0;0;0;0;3;0;0;0;0;0;0;0;0;0;3;0;0;0;0;3;0;0;0;0;0;0;0;0;0;0;0;0;
2024;2025;53901812;2539000;1181200;5938;15497;41;28;13;10;3;3;0;27;7;13;7;0;14;8;3;4;0;32;0;0;0;0;3;5;6;7;3;3;3;3;0;0;0;0;0;0;0;9;0;0;0;0;3;3;3;3;3;3;0;0;0;0;3;3;0;0;0;3;16;7;15;3;0;39;3;0;0;0;0;0;0;0;0;0;0;0;
2024;2025;54691835;2546900;1183500;5939;14912;17;16;3;3;0;0;0;12;0;10;3;0;5;3;0;4;0;9;3;0;0;0;3;0;3;0;3;3;0;3;3;3;0;0;0;0;0;8;0;0;3;0;3;3;0;3;0;0;3;3;0;0;0;0;0;0;0;3;7;3;6;3;0;15;3;3;0;0;0;0;0;0;0;0;0;0;
2024;2025;64241296;2642400;1129600;6002;13228;126;101;25;19;4;3;0;95;29;45;20;3;31;18;7;6;0;57;7;0;3;3;0;8;6;3;6;5;3;3;5;3;3;0;3;3;3;69;0;0;0;0;3;5;16;0;3;5;3;3;7;3;3;4;4;8;7;48;10;9;43;16;0;78;34;5;8;3;0;47;30;10;6;0;3;0;1
2024;2025;63401289;2634000;1128900;6004;12132;14;14;0;0;0;0;0;14;11;3;3;0;0;0;0;0;0;4;0;0;0;0;0;0;0;0;0;0;0;0;3;0;0;3;0;0;3;10;0;0;0;0;0;0;0;0;0;0;0;0;0;0;0;0;3;3;5;0;0;0;3;11;0;14;0;0;0;0;0;0;0;0;0;0;0;0;
2024;2025;64231307;2642300;1130700;6007;15617;28;24;4;3;3;0;0;26;4;16;5;3;3;3;0;0;0;17;0;0;3;0;0;3;3;3;0;0;3;0;3;4;3;0;0;3;3;11;0;0;0;0;3;0;0;0;0;3;0;3;3;0;0;3;3;3;3;0;5;3;14;6;3;28;0;0;0;0;0;0;0;0;0;0;0;0;
2024;2025;64451295;2644500;1129500;6008;13759;3;0;3;3;0;0;0;0;0;0;0;0;3;3;0;0;0;0;0;0;0;0;0;0;0;0;0;0;0;0;0;0;0;0;0;0;0;3;0;0;0;0;0;0;0;0;0;0;3;0;0;0;0;0;0;0;0;0;3;0;0;0;0;3;0;0;0;0;0;0;0;0;0;0;0;0;
2024;2025;64771162;2647700;1116200;6009;12984;3;3;0;0;0;0;0;3;3;0;0;0;0;0;0;0;0;3;0;0;0;0;0;0;0;0;0;0;0;0;3;0;0;0;0;0;0;3;0;0;0;0;0;0;0;0;0;0;0;0;0;0;0;0;0;0;3;0;0;0;3;3;0;3;0;0;0;0;0;0;0;0;0;0;0;0;
2024;2025;64501310;2645000;1131000;6010;10560;10;9;3;3;0;0;0;9;3;8;0;0;3;3;0;0;0;3;0;0;0;0;0;3;0;0;0;0;0;0;0;0;0;0;0;0;3;7;0;0;0;0;0;0;0;0;0;0;3;0;0;0;0;0;3;3;3;0;3;0;5;4;0;10;0;0;0;0;0;0;0;0;0;0;0;0;
2024;2025;65421162;2654200;1116200;6011;10159;4;0;4;4;0;0;0;0;0;0;0;0;4;4;0;0;0;4;0;0;0;0;0;0;3;0;0;3;0;3;0;0;0;0;0;0;0;0;0;0;0;0;0;0;0;0;0;0;0;0;0;0;0;0;0;0;0;0;4;0;0;0;0;4;0;0;0;0;0;0;0;0;0;0;0;0;
2024;2025;58601178;2586000;1117800;6021;11763;38;24;14;12;3;0;0;20;6;12;3;0;18;12;3;3;0;19;0;0;0;3;3;3;3;0;3;3;3;3;3;0;3;0;0;3;3;19;0;0;0;0;0;0;0;0;0;0;0;0;3;0;3;3;4;3;8;5;10;3;18;3;0;34;3;0;3;0;0;0;0;0;0;0;0;0;
2024;2025;58351166;2583500;1116600;6022;11418;15;15;0;0;0;0;0;13;5;6;3;0;3;3;0;3;0;6;0;0;0;0;0;0;0;0;3;0;0;0;3;3;0;0;0;3;3;9;0;0;0;0;0;0;0;0;0;0;0;0;0;0;0;3;3;5;3;0;0;3;9;3;0;15;0;0;0;0;0;0;0;0;0;0;0;0;
2024;2025;58971199;2589700;1119900;6023;11635;107;97;10;9;0;3;0;86;26;38;22;0;21;18;3;3;0;46;0;0;0;0;4;3;3;0;4;3;0;3;3;6;3;4;3;11;3;61;0;0;3;3;0;0;0;0;3;3;3;3;4;3;4;3;6;11;22;5;9;5;57;31;0;102;3;0;3;0;0;0;0;0;0;0;0;0;
2024;2025;58971152;2589700;1115200;6024;12518;24;21;3;3;0;3;0;19;5;8;6;0;5;3;0;3;0;11;0;0;0;0;0;0;3;3;3;0;3;0;3;0;3;3;0;0;0;13;3;0;0;0;0;0;0;3;3;0;3;3;0;0;3;0;0;3;3;3;3;4;6;9;0;23;0;0;3;0;0;0;0;0;0;0;0;0;
2024;2025;58791194;2587900;1119400;6025;10923;26;20;6;5;0;3;0;22;0;20;3;0;4;3;0;3;0;10;0;0;3;3;0;0;0;0;0;3;3;3;0;3;3;0;0;0;0;16;3;0;3;3;0;3;0;0;0;3;3;3;0;3;3;3;3;3;0;0;3;5;11;7;3;25;0;0;0;0;3;0;0;0;0;0;0;0;
2024;2025;58210887;2582100;1088700;6032;11846;10;10;0;0;0;0;0;9;0;7;3;0;3;3;0;0;0;6;0;0;0;0;0;3;0;0;0;0;0;3;0;3;3;3;0;0;3;4;0;0;0;0;0;0;0;0;0;0;0;3;3;0;0;3;3;0;0;0;5;3;3;0;0;10;0;0;0;0;0;0;0;0;0;0;0;0;
2024;2025;58040934;2580400;1093400;6033;12790;8;8;0;0;0;0;0;8;5;3;0;0;0;0;0;0;0;5;0;0;0;0;0;0;0;0;3;0;0;0;0;3;3;3;0;3;0;3;0;0;0;0;0;0;0;0;0;0;0;0;0;0;0;0;0;3;3;0;3;0;3;4;0;8;0;0;0;0;0;0;0;0;0;0;0;0;
2024;2025;57740977;2577400;1097700;6034;13134;34;32;3;3;0;3;0;30;17;6;7;0;4;3;0;3;0;9;0;0;0;0;0;0;0;0;3;3;3;3;0;3;3;3;0;3;0;25;0;0;0;0;0;0;0;0;0;0;0;0;0;0;3;4;4;6;9;0;3;3;13;18;0;34;0;0;0;0;0;0;0;0;0;0;0;0;
2024;2025;57781030;2577800;1103000;6035;13002;16;15;3;3;0;0;0;14;7;4;3;0;3;3;0;3;0;6;0;0;0;0;0;0;0;0;0;0;3;0;0;0;0;0;3;3;3;10;0;0;0;0;0;0;0;0;0;0;0;0;0;0;0;3;3;5;3;0;3;3;6;7;0;16;0;0;0;0;0;0;0;0;0;0;0;0;
2024;2025;58551012;2585500;1101200;6037;16601;31;26;5;4;3;0;0;25;9;14;3;0;6;5;3;0;0;16;0;3;0;0;0;0;3;0;0;3;0;3;0;3;3;0;3;0;0;15;0;3;3;0;3;0;0;0;3;0;3;3;0;3;3;0;0;0;5;0;4;3;8;15;3;31;0;0;0;0;0;3;0;0;0;3;0;0;1
2024;2025;65731350;2657300;1135000;6054;11892;8;8;0;0;0;0;0;8;6;3;3;0;0;0;0;0;0;4;0;0;0;0;0;0;0;0;0;0;0;0;0;0;0;3;3;0;3;4;0;0;0;0;0;0;0;0;0;0;0;0;0;0;0;0;0;3;3;0;0;0;3;7;0;8;0;0;0;0;0;0;0;0;0;0;0;0;
2024;2025;65431388;2654300;1138800;6056;14504;11;9;3;3;0;0;0;9;7;3;0;0;3;3;0;0;0;4;0;0;0;0;0;0;0;0;0;0;0;3;0;0;0;0;0;3;3;7;0;0;0;0;0;0;0;0;0;0;0;3;0;3;0;0;0;3;3;3;0;3;3;7;0;10;3;0;0;0;0;0;0;0;0;0;0;0;
2024;2025;65341393;2653400;1139300;6057;12018;3;3;0;0;0;0;0;3;0;3;3;0;0;0;0;0;0;3;0;0;0;0;0;0;0;0;0;0;0;0;0;0;0;0;0;0;3;3;0;0;0;0;0;0;0;0;0;0;0;0;0;0;0;0;3;0;0;0;0;0;0;3;0;3;0;0;0;0;0;0;0;0;0;0;0;0;
2024;2025;65421418;2654200;1141800;6058;12017;3;3;0;0;0;0;0;3;0;3;0;0;0;0;0;0;0;3;0;0;0;0;0;0;0;0;0;0;3;0;0;0;0;0;0;0;0;0;0;0;0;0;0;0;0;0;0;0;0;0;0;0;0;0;0;0;0;0;0;0;0;3;0;3;0;0;0;0;0;0;0;0;0;0;0;0;
2024;2025;65241377;2652400;1137700;6061;12609;3;0;3;3;0;0;0;0;0;0;0;0;3;3;0;0;0;0;0;0;0;0;0;0;0;0;0;0;0;0;0;0;0;0;0;0;0;3;0;0;0;0;0;0;0;3;0;0;0;0;0;0;0;0;0;0;0;0;0;0;0;0;3;3;0;0;0;0;0;0;0;0;0;0;0;0;
2024;2025;67001542;2670000;1154200;6076;14958;14;14;0;0;0;0;0;13;9;3;3;0;3;3;0;0;0;4;0;0;0;0;0;0;0;0;0;0;0;0;0;3;0;3;0;3;0;10;0;0;0;0;0;0;0;0;0;0;0;0;0;3;3;3;3;3;3;0;0;0;3;13;0;14;0;0;0;0;0;0;0;0;0;0;0;0;
2024;2025;66341487;2663400;1148700;6077;16075;26;22;4;4;0;0;0;21;13;3;5;0;5;4;3;0;0;6;0;0;3;0;0;0;0;0;0;3;0;3;0;0;0;0;0;0;3;20;0;0;3;0;0;0;0;3;0;0;3;3;0;3;3;3;3;4;5;3;4;0;4;15;0;23;3;0;3;0;0;0;0;0;0;0;0;0;
2024;2025;59761250;2597600;1125000;6082;11666;54;54;0;0;0;0;0;52;31;10;11;0;3;3;0;0;0;17;0;0;0;0;0;0;0;3;0;3;0;3;3;0;3;3;3;3;3;37;0;0;0;0;0;0;0;0;0;0;0;3;0;3;3;3;3;10;15;0;3;0;19;32;0;54;0;0;0;0;0;0;0;0;0;0;0;0;
2024;2025;60441069;2604400;1106900;6083;12255;27;27;0;0;0;0;0;26;14;7;5;0;3;3;0;0;0;10;0;0;0;0;0;0;0;0;0;3;0;0;3;3;3;3;0;3;3;17;0;0;0;0;0;0;0;0;0;0;0;3;3;3;0;4;6;3;3;0;0;3;7;17;0;27;0;0;0;0;0;0;0;0;0;0;0;0;
2024;2025;59741143;2597400;1114300;6084;12298;46;38;8;7;0;3;0;39;24;8;7;0;7;5;0;3;0;21;0;3;0;0;0;3;3;3;0;3;0;3;3;0;0;4;3;3;3;25;0;0;0;0;3;3;0;3;0;3;3;3;0;0;3;0;3;5;9;5;6;5;8;22;0;41;0;0;5;0;0;0;0;0;0;0;0;0;
2024;2025;60041135;2600400;1113500;6087;13032;14;14;0;0;0;0;0;14;13;0;3;0;0;0;0;0;0;6;0;0;0;0;0;0;0;0;0;0;0;0;0;0;0;3;3;3;3;8;0;0;0;0;0;0;0;0;0;0;3;0;0;0;0;3;0;3;5;3;0;3;0;12;0;14;0;0;0;0;0;0;0;0;0;0;0;0;
2024;2025;59921197;2599200;1119700;6090;15485;27;26;3;3;0;0;0;25;7;7;11;0;3;3;0;3;0;9;0;0;0;0;0;0;0;3;0;3;3;0;3;0;3;0;3;0;3;18;0;0;0;3;3;0;0;0;3;3;0;0;0;0;3;3;3;4;5;3;3;6;9;9;0;26;0;3;0;0;0;0;0;0;0;0;0;0;
2024;2025;61741272;2617400;1127200;6101;11720;13;12;3;3;0;0;0;11;5;6;0;0;3;3;0;0;0;9;0;0;0;0;0;0;0;0;0;3;3;3;0;3;0;3;3;3;3;4;0;0;0;0;0;0;0;0;0;0;0;0;0;0;0;0;0;3;3;3;0;0;3;9;0;12;0;0;3;0;0;0;0;0;0;0;0;0;
2024;2025;61501321;2615000;1132100;6102;11730;3;3;0;0;0;0;0;3;3;0;0;0;0;0;0;0;0;0;0;0;0;0;0;0;0;0;0;0;0;0;0;0;0;0;0;0;0;3;0;0;0;0;0;0;0;0;0;0;0;0;0;0;0;0;0;0;3;0;0;0;0;3;0;3;0;0;0;0;0;0;0;0;0;0;0;0;
2024;2025;62121269;2621200;1126900;6104;12307;6;6;0;0;0;0;0;6;3;3;3;0;0;0;0;0;0;3;0;0;0;0;0;0;0;0;0;0;0;0;3;0;0;3;0;0;3;3;0;0;0;0;0;0;0;0;0;0;0;0;0;0;0;0;0;3;3;0;0;0;3;5;0;6;0;0;0;0;0;0;0;0;0;0;0;0;
2024;2025;61381326;2613800;1132600;6109;12656;3;0;3;3;0;0;0;0;0;0;0;0;3;3;0;0;0;3;0;0;0;0;0;0;0;0;0;3;0;0;0;0;0;0;0;0;0;0;0;0;0;0;0;0;0;0;0;0;0;0;0;0;0;0;0;0;0;0;3;0;0;0;0;3;0;0;0;0;0;0;0;0;0;0;0;0;
2024;2025;61511296;2615100;1129600;6110;15618;28;26;3;3;3;0;0;26;7;12;7;0;3;3;3;0;0;9;0;0;3;0;0;0;3;3;0;0;0;3;0;3;0;3;0;0;3;19;3;0;3;0;0;0;0;3;0;3;0;0;3;3;3;0;0;3;9;0;3;4;13;8;0;28;0;0;0;0;0;3;3;0;0;0;0;0;1
2024;2025;61471365;2614700;1136500;6111;12777;3;0;3;0;3;0;0;0;0;0;0;0;3;0;3;0;0;0;0;0;0;0;0;0;0;0;0;0;0;0;0;0;0;0;0;0;0;3;3;0;0;0;0;3;0;0;3;0;0;0;0;0;0;0;0;0;0;3;0;0;0;0;0;0;3;3;0;0;0;3;0;3;0;0;0;0;1
2024;2025;61981256;2619800;1125600;6112;12464;4;4;0;0;0;0;0;4;3;3;0;0;0;0;0;0;0;3;0;0;0;0;0;0;0;0;0;0;0;0;0;0;0;0;3;0;0;3;0;0;0;0;0;0;0;0;0;0;0;0;0;0;0;0;3;0;3;0;0;0;3;3;0;4;0;0;0;0;0;0;0;0;0;0;0;0;
2024;2025;61011289;2610100;1128900;6113;13035;13;13;0;0;0;0;0;12;8;3;3;0;3;3;0;0;0;4;0;0;0;0;0;0;0;0;0;0;0;0;0;0;0;3;0;3;0;9;0;0;0;0;0;0;0;0;0;0;0;0;0;0;3;3;3;3;3;0;3;3;4;6;0;13;0;0;0;0;0;0;0;0;0;0;0;0;
2024;2025;61301297;2613000;1129700;6116;10938;11;11;0;0;0;0;0;11;6;4;3;0;0;0;0;0;0;6;0;0;0;0;0;0;0;0;0;0;0;0;0;0;0;3;3;3;3;5;0;0;0;0;0;0;0;0;0;0;0;0;0;3;3;0;3;0;3;0;0;3;3;7;0;11;0;0;0;0;0;0;0;0;0;0;0;0;
2024;2025;61751304;2617500;1130400;6117;14133;3;3;0;0;0;0;0;3;3;3;0;0;0;0;0;0;0;0;0;0;0;0;0;0;0;0;0;0;0;0;0;0;0;0;0;0;0;3;0;0;0;0;0;0;0;0;0;0;0;0;0;0;0;3;0;0;3;0;0;0;3;3;0;3;0;0;0;0;0;0;0;0;0;0;0;0;
2024;2025;62341294;2623400;1129400;6118;14959;24;18;6;6;0;0;0;24;8;14;3;0;0;0;0;0;0;5;3;0;0;0;0;3;3;0;0;0;0;0;0;0;0;0;3;0;0;19;3;0;0;0;3;0;3;0;0;0;0;0;0;0;3;3;5;4;3;0;3;3;8;13;0;23;0;0;0;3;0;0;0;0;0;0;0;0;
2024;2025;62041277;2620400;1127700;6119;15619;16;16;0;0;0;0;0;16;9;6;3;0;0;0;0;0;0;4;0;0;0;0;0;0;0;0;0;0;0;0;3;0;3;0;0;3;3;12;0;0;0;0;0;0;0;0;0;0;0;0;0;0;0;3;3;6;4;0;0;0;3;13;0;16;0;0;0;0;0;0;0;0;0;0;0;0;
2024;2025;57281032;2572800;1103200;6131;11850;7;7;0;0;0;0;0;7;6;3;0;0;0;0;0;0;0;3;0;0;0;0;0;0;0;0;0;0;0;3;0;0;0;0;3;0;0;4;0;0;0;0;0;0;0;0;0;0;0;0;0;0;0;0;0;3;3;0;0;0;3;6;0;7;0;0;0;0;0;0;0;0;0;0;0;0;
2024;2025;57491097;2574900;1109700;6133;12089;24;21;3;3;0;0;0;19;4;11;4;0;5;5;0;0;0;9;0;0;0;0;3;3;3;0;3;0;0;3;0;3;0;3;0;0;0;15;0;0;3;0;0;0;3;0;0;0;3;3;3;3;0;3;3;0;3;0;3;5;7;9;0;24;0;0;0;0;0;0;0;0;0;0;0;0;
2024;2025;58501123;2585000;1112300;6134;12663;8;7;3;3;0;0;0;7;7;0;0;0;3;3;0;0;0;4;0;0;0;0;0;3;0;0;0;0;0;3;0;0;0;0;3;0;3;4;0;0;0;0;0;0;0;0;0;0;0;0;0;0;0;0;0;3;3;3;0;0;3;5;0;7;3;0;0;0;0;0;0;0;0;0;0;0;
2024;2025;58221151;2582200;1115100;6135;12767;40;33;7;4;3;3;0;31;12;12;7;0;9;5;3;3;0;11;0;0;0;3;0;3;3;3;3;0;0;0;0;3;0;3;0;0;0;29;0;3;3;0;0;3;0;0;0;3;0;0;3;3;0;3;7;3;8;3;6;4;10;18;0;39;3;0;0;0;0;0;0;0;0;0;0;0;
2024;2025;57151053;2571500;1105300;6136;16602;103;77;26;14;3;9;0;68;15;29;24;0;35;16;5;14;0;51;0;0;4;3;3;3;5;3;4;5;3;3;6;4;3;3;3;3;0;52;3;3;3;3;0;3;3;3;3;3;5;3;4;3;0;4;7;4;9;3;27;15;41;17;0;100;3;0;3;0;0;0;0;0;0;0;0;0;
2024;2025;56901050;2569000;1105000;6137;12756;3;3;0;0;0;0;0;3;0;0;3;0;3;3;0;0;0;3;0;0;0;3;0;0;0;0;0;0;0;0;0;3;0;0;0;0;0;0;0;0;0;0;0;0;0;0;0;0;0;0;0;0;0;0;0;0;0;3;0;0;0;0;0;0;0;3;3;0;0;0;0;0;0;0;0;0;
2024;2025;58331134;2583300;1113400;6139;12917;18;14;4;4;0;0;0;14;3;7;4;0;4;4;0;0;0;10;0;0;0;0;0;3;0;0;0;3;0;0;3;3;3;0;0;3;0;8;0;0;0;0;0;0;3;3;0;3;0;0;0;0;3;0;3;0;3;3;4;3;7;5;0;17;3;0;0;0;0;0;0;0;0;0;0;0;
2024;2025;58041134;2580400;1113400;6140;12871;18;16;3;3;0;0;0;12;3;3;6;0;6;6;0;0;0;9;0;0;0;0;0;0;3;0;3;0;0;0;3;0;3;3;3;0;3;9;0;0;0;0;0;0;0;0;0;0;0;0;0;3;0;0;3;3;4;0;3;3;9;5;0;18;0;0;0;0;0;0;0;0;0;0;0;0;
2024;2025;58001108;2580000;1110800;6141;13058;56;46;10;7;3;3;0;46;7;27;12;0;10;7;0;3;3;30;0;0;0;3;3;3;3;0;4;3;3;3;4;3;3;3;3;0;4;26;0;0;0;3;0;3;0;0;0;3;3;0;3;0;0;7;3;4;4;0;12;6;27;11;0;56;0;0;0;0;0;0;0;0;0;0;0;0;
2024;2025;56571006;2565700;1100600;6142;10891;3;3;0;0;0;0;0;3;0;3;3;0;0;0;0;0;0;3;0;3;0;0;0;0;0;0;0;0;0;0;3;0;0;0;0;0;0;0;0;0;0;0;0;0;0;0;0;0;0;0;0;0;0;0;0;0;0;0;3;0;3;0;0;3;0;0;0;0;0;0;0;0;0;0;0;0;
2024;2025;55611142;2556100;1114200;6151;11415;19;17;3;3;0;0;0;16;3;5;9;0;3;3;0;3;0;8;0;3;3;0;0;0;3;0;0;3;0;0;3;0;0;0;0;0;0;11;0;3;0;0;0;0;0;0;3;3;0;0;3;3;0;3;3;0;3;0;6;3;3;8;0;19;0;0;0;0;0;0;0;0;0;0;0;0;
2024;2025;56061253;2560600;1125300;6152;11596;27;25;3;3;0;3;0;22;3;8;13;0;5;4;0;3;0;12;0;0;0;0;3;3;0;0;0;3;3;3;3;0;0;3;3;0;3;15;0;0;0;3;0;3;0;0;0;0;3;0;0;0;3;3;0;3;5;3;8;0;17;3;0;26;3;0;0;0;0;0;0;0;0;0;0;0;
2024;2025;56231225;2562300;1122500;6153;12323;100;75;25;14;6;5;0;67;16;21;30;0;33;18;7;8;0;53;3;0;3;3;0;4;3;3;4;5;6;5;3;3;4;3;3;6;3;47;3;0;3;0;4;0;3;3;6;3;0;3;3;3;3;3;5;4;10;3;17;11;57;13;3;99;0;3;0;0;0;0;0;0;0;0;0;0;
2024;2025;55491370;2554900;1137000;6154;13075;30;26;4;3;0;3;0;23;3;8;12;0;7;3;0;4;0;15;3;0;0;0;0;0;0;3;3;3;0;0;0;0;3;3;3;3;3;15;0;0;0;3;3;0;3;3;0;0;3;0;3;0;3;0;3;5;3;3;5;3;17;3;0;29;0;3;0;0;0;0;0;0;0;0;0;0;
2024;2025;55131380;2551300;1138000;6155;12863;9;8;3;3;0;0;0;8;3;3;5;0;3;3;0;0;0;3;0;0;0;0;0;0;0;0;0;0;3;0;0;0;3;0;0;3;0;6;0;0;0;0;0;0;0;0;0;0;0;0;0;3;3;0;3;3;3;0;3;0;7;3;0;9;0;0;0;0;0;0;0;0;0;0;0;0;
2024;2025;55981198;2559800;1119800;6156;10897;50;34;16;16;0;0;0;30;4;8;18;0;20;19;0;3;0;29;3;0;0;0;3;3;4;4;3;3;0;3;3;3;3;0;3;0;0;21;0;3;3;0;3;3;7;0;3;0;3;3;3;0;0;0;0;3;3;10;21;5;6;8;0;39;4;6;0;3;0;0;0;0;0;0;0;0;
2024;2025;55791172;2557900;1117200;6157;10933;8;7;3;3;0;0;0;6;3;3;3;0;3;3;3;0;0;3;0;0;0;0;0;3;0;3;0;0;0;0;0;0;0;0;0;0;0;6;0;0;0;0;0;0;0;0;0;0;0;0;3;0;3;3;0;0;3;0;3;0;6;3;0;8;0;0;0;0;0;0;0;0;0;0;0;0;
2024;2025;55861289;2558600;1128900;6158;10078;21;20;3;3;0;0;0;21;7;5;9;0;0;0;0;0;0;10;0;0;0;0;0;0;3;0;0;0;3;3;3;0;0;3;3;3;3;11;0;0;0;0;0;0;3;0;0;0;0;0;0;0;3;0;3;3;4;3;3;3;7;8;0;19;0;3;0;0;0;0;0;0;0;0;0;0;
2024;2025;55761318;2557600;1131800;6159;10372;18;10;8;8;0;0;0;12;3;3;8;0;6;6;0;0;0;11;3;0;0;0;0;3;3;0;3;3;3;0;0;3;3;0;0;0;0;7;0;0;3;3;0;0;3;3;3;0;0;0;0;0;0;0;0;3;0;4;9;0;3;3;0;14;0;4;0;0;0;0;0;0;0;0;0;0;
2024;2025;64821345;2648200;1134500;6172;11807;3;3;0;0;0;0;0;3;3;0;0;0;0;0;0;0;0;3;0;0;0;0;0;0;0;0;0;0;0;0;0;0;0;0;0;0;3;0;0;0;0;0;0;0;0;0;0;0;0;0;0;0;0;0;0;0;0;0;0;0;0;3;0;3;0;0;0;0;0;0;0;0;0;0;0;0;
2024;2025;64391321;2643900;1132100;6173;11808;12;10;3;3;0;0;0;9;3;5;3;0;3;3;0;0;3;3;0;0;0;0;0;0;0;0;0;0;3;0;0;0;3;0;0;0;3;9;0;0;0;0;0;0;0;0;0;3;0;0;0;0;3;3;0;3;4;0;0;3;6;3;0;12;0;0;0;0;0;3;3;3;0;0;0;0;1
2024;2025;65041359;2650400;1135900;6177;12079;6;6;0;0;0;0;0;6;5;3;0;0;0;0;0;0;0;3;0;0;0;0;0;0;0;0;0;0;0;0;0;0;0;0;0;3;0;5;0;0;0;0;0;0;0;0;0;0;0;3;0;0;0;0;0;0;4;0;0;0;3;5;0;6;0;0;0;0;0;0;0;0;0;0;0;0;
2024;2025;64571342;2645700;1134200;6181;14468;3;3;0;0;0;0;0;3;3;3;0;0;0;0;0;0;0;0;0;0;0;0;0;0;0;0;0;0;0;0;0;0;0;0;0;0;0;3;0;0;0;0;0;0;0;0;0;0;0;0;0;0;0;0;0;0;3;0;0;0;0;3;0;3;0;0;0;0;0;0;0;0;0;0;0;0;
2024;2025;63181293;2631800;1129300;6191;11675;9;8;3;3;0;0;0;8;5;3;0;0;3;3;0;0;0;3;0;0;0;0;0;0;0;0;0;0;0;0;3;0;0;0;0;0;3;6;0;0;0;0;0;0;0;0;0;0;0;0;0;0;0;3;3;3;3;0;3;0;3;6;3;8;0;3;0;0;0;0;0;0;0;0;0;0;
2024;2025;62931411;2629300;1141100;6192;11818;3;3;0;0;0;0;0;3;3;0;0;0;0;0;0;0;0;0;0;0;0;0;0;0;0;0;0;0;0;0;0;0;0;0;0;0;0;3;0;0;0;0;0;0;0;0;0;0;0;0;0;0;0;0;0;0;3;0;0;0;3;3;0;3;0;0;0;0;0;0;0;0;0;0;0;0;
2024;2025;62891259;2628900;1125900;6193;11485;9;9;0;0;0;0;0;9;6;3;3;0;0;0;0;0;0;3;0;0;0;0;0;0;0;0;0;0;0;0;0;3;0;0;0;0;0;8;0;0;0;0;0;0;0;0;0;0;0;0;0;0;0;0;3;3;4;0;3;0;0;8;0;9;0;0;0;0;0;0;0;0;0;0;0;0;
2024;2025;62631270;2626300;1127000;6194;12151;8;7;3;3;0;0;0;7;3;3;3;0;3;3;0;0;0;3;0;0;0;0;0;0;0;0;0;0;0;0;0;0;3;0;3;0;3;5;0;0;0;0;0;0;0;0;0;0;0;0;0;0;3;0;0;3;3;0;0;0;3;5;0;8;0;0;0;0;0;0;0;0;0;0;0;0;
2024;2025;62471381;2624700;1138100;6195;11995;3;3;0;0;0;0;0;3;3;3;0;0;0;0;0;0;0;3;0;0;0;0;0;0;0;0;0;0;0;0;0;0;0;0;3;3;0;3;0;0;0;0;0;0;0;0;0;0;0;0;0;0;0;0;0;3;0;0;0;0;0;3;0;3;0;0;0;0;0;0;0;0;0;0;0;0;
2024;2025;62641292;2626400;1129200;6198;12511;9;9;0;0;0;0;0;9;5;3;3;0;0;0;0;0;0;3;0;0;0;0;0;0;0;0;0;0;0;0;0;0;3;0;0;0;0;8;0;0;0;0;0;0;0;0;0;0;0;0;0;0;3;3;3;3;3;0;0;0;3;8;0;9;0;0;0;0;0;0;0;0;0;0;0;0;
2024;2025;62791289;2627900;1128900;6199;13162;27;26;3;3;0;0;0;25;13;10;3;0;3;3;0;0;0;12;0;0;0;0;0;0;0;0;0;3;3;0;3;3;3;3;3;3;3;15;0;0;0;0;0;0;0;0;0;0;0;0;3;0;3;0;3;5;6;0;3;0;12;14;0;27;0;0;0;0;0;0;0;0;0;0;0;0;
2024;2025;62781260;2627800;1126000;6201;10860;7;7;0;0;0;0;0;7;3;3;3;0;0;0;0;0;0;3;0;0;0;0;0;0;0;0;0;0;0;0;0;3;0;0;0;3;0;5;0;0;0;0;0;0;0;0;0;3;0;0;0;0;0;3;0;3;3;0;0;0;3;5;0;7;0;0;0;0;0;0;0;0;0;0;0;0;
2024;2025;62661393;2626600;1139300;6202;10337;4;4;0;0;0;0;0;4;3;3;0;0;0;0;0;0;0;3;0;0;0;0;0;0;0;0;0;0;0;0;0;0;3;0;0;0;0;3;0;0;0;0;0;0;0;0;0;0;0;0;0;0;0;0;3;3;0;0;0;0;3;3;0;4;0;0;0;0;0;0;0;0;0;0;0;0;
2024;2025;64671341;2646700;1134100;6203;14960;13;13;0;0;0;0;0;13;3;9;3;0;0;0;0;0;0;5;0;0;0;0;0;0;0;3;0;3;3;3;0;0;0;0;3;0;0;8;0;0;0;0;0;0;0;0;0;0;0;0;3;0;0;3;3;3;3;3;4;3;3;4;0;12;3;0;0;0;0;0;0;0;0;0;0;0;
2024;2025;62391292;2623900;1129200;6204;14961;5;5;0;0;0;0;0;5;3;3;0;0;0;0;0;0;0;3;0;0;0;0;0;0;0;0;0;0;3;0;3;0;0;3;0;0;0;3;0;0;0;0;0;0;0;0;0;0;3;0;0;0;0;0;0;3;0;0;0;0;3;3;0;5;0;0;0;0;0;0;0;0;0;0;0;0;
2024;2025;64861363;2648600;1136300;6205;15649;6;6;0;0;0;0;0;6;3;3;0;0;0;0;0;0;0;3;0;0;0;0;0;0;0;0;0;0;0;3;0;0;0;0;0;0;3;4;0;0;0;0;0;0;0;0;0;0;0;0;0;0;0;3;3;0;3;0;0;0;3;5;0;6;0;0;0;0;0;0;0;0;0;0;0;0;
2024;2025;56891134;2568900;1113400;6211;11598;11;9;3;3;0;0;0;7;0;3;4;0;4;4;0;0;0;5;0;0;0;0;0;0;3;0;0;0;0;0;3;0;0;0;3;3;0;6;0;0;0;0;0;0;0;0;0;0;0;0;3;0;3;0;3;3;3;0;0;3;8;3;0;11;0;0;0;0;0;0;0;0;0;0;0;0;
2024;2025;56951109;2569500;1110900;6212;12207;12;10;3;3;0;3;0;8;3;6;0;0;4;3;0;3;0;3;0;0;0;0;0;0;3;0;0;0;0;0;3;0;0;0;0;0;3;9;0;0;0;0;0;0;0;0;3;0;0;3;3;3;0;0;3;3;3;3;3;3;5;3;0;11;0;0;3;0;0;0;0;0;0;0;0;0;
2024;2025;56801142;2568000;1114200;6213;12256;48;40;8;8;0;0;0;42;11;13;18;0;6;5;0;3;0;28;3;3;3;3;0;0;3;3;0;3;3;3;0;3;3;4;3;3;3;20;0;0;0;0;0;3;3;3;0;3;3;3;3;3;0;3;3;0;4;10;11;3;16;10;0;38;3;6;0;3;0;0;0;0;0;0;0;0;
2024;2025;56431036;2564300;1103600;6214;12010;3;3;0;0;0;0;0;3;3;0;3;0;0;0;0;0;0;3;0;0;0;0;0;0;0;0;0;0;0;0;0;0;0;3;0;0;3;0;0;0;0;0;0;0;0;0;0;0;0;0;0;0;0;0;0;0;0;0;0;0;0;3;0;3;0;0;0;0;0;0;0;0;0;0;0;0;
2024;2025;56541213;2565400;1121300;6215;12741;13;12;3;3;0;0;0;11;3;6;3;0;3;3;0;0;0;3;0;0;0;0;0;0;0;0;0;0;0;0;0;0;3;0;3;3;0;10;0;0;0;0;0;0;0;0;0;0;0;0;0;3;3;3;3;3;3;0;3;0;8;4;0;13;0;0;0;0;0;0;0;0;0;0;0;0;
2024;2025;56651186;2566500;1118600;6217;15620;23;18;5;3;0;3;0;16;3;5;8;0;7;4;0;3;0;15;0;0;0;0;0;0;0;6;0;0;3;4;3;3;3;0;0;0;0;8;0;0;0;3;0;0;3;0;0;0;0;3;0;0;0;3;3;0;0;3;5;6;9;3;0;22;3;0;0;0;0;0;0;0;0;0;0;0;
2024;2025;56781078;2567800;1107800;6218;13016;9;9;0;0;0;0;0;9;3;3;5;0;0;0;0;0;0;3;0;0;0;0;0;0;0;0;3;0;0;0;0;0;0;0;3;0;0;7;0;0;0;0;0;0;0;0;0;0;0;0;3;0;3;0;0;5;0;0;0;0;6;3;0;9;0;0;0;0;0;0;0;0;0;0;0;0;
2024;2025;56931093;2569300;1109300;6219;10917;7;6;3;3;0;0;0;5;3;3;3;0;3;3;0;0;0;3;0;0;0;0;0;0;0;0;0;3;3;3;0;0;0;0;0;0;0;4;0;0;0;0;0;0;0;0;0;3;0;0;3;3;0;0;0;3;0;0;3;3;3;3;0;7;0;0;0;0;0;0;0;0;0;0;0;0;
2024;2025;56491179;2564900;1117900;6220;10919;9;9;0;0;0;0;0;8;3;4;3;0;3;3;0;0;0;4;0;0;0;0;0;0;0;0;0;0;0;3;0;0;3;0;0;0;3;5;0;0;0;0;0;0;0;0;0;0;0;0;0;0;0;3;3;0;3;0;3;3;5;3;0;9;0;0;0;0;0;0;0;0;0;0;0;0;
2024;2025;60531238;2605300;1123800;6232;11396;25;20;5;5;0;0;0;17;4;10;3;0;8;7;0;3;0;14;0;0;0;0;0;0;0;3;0;0;3;3;3;3;3;3;3;0;3;11;0;0;0;3;3;0;0;0;0;3;3;0;3;0;0;3;3;0;4;0;4;3;13;7;0;25;0;0;0;0;0;0;0;0;0;0;0;0;
2024;2025;60801253;2608000;1125300;6235;11610;19;16;3;3;0;0;0;17;3;10;4;0;3;3;0;0;0;7;0;0;0;0;0;0;3;0;0;0;0;3;0;3;0;0;0;3;3;12;0;0;0;0;0;0;0;0;0;0;0;0;0;3;0;3;3;3;3;0;3;3;11;5;0;19;0;0;0;0;0;0;0;0;0;0;0;0;
2024;2025;60131222;2601300;1122200;6238;12044;42;41;3;3;0;0;0;40;11;20;9;0;3;3;0;0;0;20;0;0;3;0;0;3;0;0;0;3;3;3;3;3;3;3;4;4;3;22;0;0;0;0;0;0;0;0;3;3;3;3;3;3;0;3;3;5;6;0;4;3;21;15;0;42;0;0;0;0;0;0;0;0;0;0;0;0;
2024;2025;60001266;2600000;1126600;6239;12187;5;5;0;0;0;0;0;5;3;3;3;0;0;0;0;0;0;0;0;0;0;0;0;0;0;0;0;0;0;0;0;0;0;0;0;0;0;5;0;0;0;0;0;0;0;0;0;0;0;0;0;0;0;0;0;3;3;0;0;0;4;3;0;5;0;0;0;0;0;0;0;0;0;0;0;0;
2024;2025;60061253;2600600;1125300;6240;12797;16;13;3;0;3;3;0;12;4;6;3;0;4;3;3;3;0;8;0;0;3;0;0;3;0;0;0;3;3;0;0;0;0;3;0;3;0;8;0;3;0;0;0;0;3;0;0;0;0;0;3;0;0;0;3;3;3;0;5;3;7;3;0;16;0;0;0;0;0;3;0;3;0;0;0;0;1
2024;2025;59851225;2598500;1122500;6246;12857;5;5;0;0;0;0;0;5;0;5;0;0;0;0;0;0;0;3;0;0;0;0;0;0;0;0;0;0;0;0;0;3;0;0;0;0;0;4;0;0;3;0;0;0;0;0;0;0;0;0;0;3;0;3;0;0;0;0;0;3;3;0;0;5;0;0;0;0;0;0;0;0;0;0;0;0;
2024;2025;60731270;2607300;1127000;6248;13227;105;77;28;19;3;6;3;69;21;27;21;0;36;23;3;11;0;53;3;0;3;3;3;5;4;3;4;5;3;3;3;3;4;4;3;3;3;52;0;3;3;3;0;3;3;0;3;3;0;3;3;3;3;6;3;9;13;12;16;13;51;13;0;93;11;0;3;0;0;0;0;0;0;0;0;0;
2024;2025;61061142;2610600;1114200;6252;14962;23;17;6;6;0;0;0;18;5;9;4;0;5;5;0;0;0;12;0;3;0;0;0;0;0;3;0;0;3;0;3;0;0;3;3;0;3;11;0;0;3;0;0;0;0;3;0;0;0;0;0;0;0;0;3;3;4;3;3;3;10;9;0;22;0;3;0;0;0;0;0;0;0;0;0;0;
2024;2025;60441294;2604400;1129400;6253;16077;62;58;4;4;0;0;0;51;23;19;9;0;11;8;0;3;0;23;0;0;0;0;0;0;3;3;3;0;3;0;0;3;3;5;3;4;3;39;0;0;0;0;0;0;0;0;0;0;0;3;3;3;3;3;12;8;11;0;4;5;32;21;0;62;0;0;0;0;0;0;0;0;0;0;0;0;
2024;2025;60701284;2607000;1128400;6254;16603;27;22;5;4;0;3;0;19;3;10;7;0;8;7;0;3;0;13;0;0;0;0;3;3;0;0;3;0;0;0;3;4;3;0;3;0;0;14;0;0;0;0;0;0;0;0;0;3;0;0;3;0;3;3;3;3;4;3;7;4;14;3;0;26;3;0;0;0;0;3;3;0;0;0;0;0;1
2024;2025;59581246;2595800;1124600;6261;11758;26;25;3;3;0;0;0;25;4;14;7;0;3;3;0;0;0;12;0;0;0;0;0;0;3;0;0;3;0;0;3;5;0;3;3;3;3;14;0;0;0;0;0;3;0;0;0;3;3;0;3;3;0;0;3;3;4;3;3;3;10;12;0;25;3;0;0;0;0;0;0;0;0;0;0;0;
2024;2025;59581232;2595800;1123200;6263;12094;30;24;6;4;3;3;0;24;4;13;7;0;6;4;3;3;0;18;0;0;0;0;0;0;3;3;0;3;3;0;3;3;0;0;3;3;3;12;0;0;0;0;0;0;3;0;3;3;0;0;0;3;3;0;3;0;3;0;9;4;12;5;0;30;0;0;0;0;0;0;0;0;0;0;0;0;
2024;2025;59301220;2593000;1122000;6265;13061;25;22;3;3;0;0;0;18;9;8;3;0;7;6;0;3;0;12;0;0;0;0;0;3;0;3;3;3;0;0;3;3;0;3;3;0;0;13;0;0;0;0;3;0;0;0;0;0;3;0;3;3;0;3;3;0;4;3;4;3;9;9;0;24;3;0;0;0;0;0;0;0;0;0;0;0;
2024;2025;59401201;2594000;1120100;6266;16076;235;167;68;42;8;18;0;154;54;61;39;0;81;49;9;23;0;113;5;0;0;3;4;16;12;8;8;11;7;11;6;4;3;5;0;6;5;122;3;0;3;3;3;4;5;5;5;3;8;3;4;5;5;6;17;16;30;3;55;20;128;27;3;231;3;0;3;3;3;3;3;3;0;0;0;0;1
2024;2025;59221161;2592200;1116100;6267;10907;6;4;3;3;0;0;0;4;3;3;0;0;3;3;0;0;0;3;0;0;0;0;0;3;0;0;0;0;3;0;0;0;0;3;0;0;0;3;0;0;0;0;0;0;0;0;0;0;0;0;0;0;0;0;3;0;3;3;3;0;3;3;0;5;0;0;3;0;0;0;0;0;0;0;0;0;
2024;2025;63281287;2632800;1128700;6281;11714;7;7;0;0;0;0;0;5;4;3;0;0;3;3;0;0;0;0;0;0;0;0;0;0;0;0;0;0;0;0;0;0;0;0;0;0;0;7;0;0;0;0;0;0;0;0;0;0;0;0;0;0;0;0;3;3;3;0;0;0;5;3;0;7;0;0;0;0;0;0;0;0;0;0;0;0;
2024;2025;63511166;2635100;1116600;6282;12150;7;7;0;0;0;0;0;7;7;0;0;0;0;0;0;0;0;3;0;0;0;0;0;0;0;0;0;0;0;0;0;0;0;3;0;0;0;6;0;0;0;0;0;0;0;0;0;0;0;0;0;0;0;0;3;3;3;0;0;0;0;7;0;7;0;0;0;0;0;0;0;0;0;0;0;0;
2024;2025;63071183;2630700;1118300;6283;12293;19;18;3;3;0;0;0;18;12;5;3;0;3;3;0;0;0;8;0;3;3;0;0;0;0;0;3;0;3;3;0;0;0;3;3;3;0;11;0;3;0;0;0;0;0;0;0;3;3;0;0;0;0;0;3;3;3;0;0;3;3;15;0;19;0;0;0;0;0;0;0;0;0;0;0;0;
2024;2025;63091160;2630900;1116000;6285;12040;13;12;3;3;0;0;0;12;6;6;0;0;3;3;0;0;0;4;0;0;0;0;0;0;0;0;0;0;0;0;0;3;3;0;0;3;0;9;0;0;0;0;0;0;0;0;0;0;0;0;0;3;0;3;3;3;3;0;0;3;6;6;0;13;0;0;0;0;0;0;0;0;0;0;0;0;
2024;2025;63581277;2635800;1127700;6286;12598;9;8;3;3;0;0;0;8;5;3;0;0;3;0;0;3;0;3;0;0;0;0;0;0;0;0;0;3;0;0;0;0;0;0;3;0;3;6;0;0;0;0;0;0;0;0;0;0;0;0;0;0;3;0;3;3;3;3;0;0;3;6;3;8;3;0;0;0;0;0;0;0;0;0;0;0;
2024;2025;62681056;2626800;1105600;6287;13180;8;8;0;0;0;0;0;7;4;3;0;0;3;3;0;0;0;3;0;0;0;0;0;0;0;0;0;0;0;0;0;0;0;0;3;0;0;7;0;0;0;0;0;0;0;0;0;0;3;0;0;0;0;3;3;0;3;0;0;3;5;3;0;8;0;0;0;0;0;0;0;0;0;0;0;0;
2024;2025;64021050;2640200;1105000;6288;14927;3;3;0;0;0;0;0;3;0;3;0;0;0;0;0;0;0;3;0;0;0;0;0;0;0;0;0;0;0;0;0;0;0;3;0;0;0;3;0;0;0;0;0;0;0;0;0;0;0;0;0;0;0;0;0;3;0;0;0;0;3;3;0;3;0;0;0;0;0;0;0;0;0;0;0;0;
2024;2025;63781116;2637800;1111600;6289;14928;3;3;0;0;0;0;0;3;3;3;0;0;0;0;0;0;0;3;0;0;0;0;0;0;0;0;0;0;0;0;0;0;3;0;0;0;0;3;0;0;0;0;0;0;0;0;0;0;0;0;0;0;0;0;3;3;0;0;0;0;0;3;0;3;0;0;0;0;0;0;0;0;0;0;0;0;
2024;2025;63771063;2637700;1106300;6290;14929;12;12;0;0;0;0;0;12;5;6;3;0;0;0;0;0;0;3;0;0;0;0;0;0;0;0;0;0;0;0;0;3;0;3;0;0;0;9;0;0;0;0;0;0;0;0;0;0;0;3;0;0;0;3;0;0;6;0;0;0;6;6;0;12;0;0;0;0;0;0;0;0;0;0;0;0;
2024;2025;63861081;2638600;1108100;6291;14930;3;3;0;0;0;0;0;3;3;3;0;0;3;3;0;0;0;3;0;0;0;0;0;0;0;0;0;0;3;3;0;0;0;0;0;0;0;3;0;0;0;0;0;0;0;0;0;0;0;0;0;0;0;3;0;0;0;0;0;0;3;3;0;3;0;0;0;0;0;0;0;0;0;0;0;0;
2024;2025;62811139;2628100;1113900;6292;10375;8;8;0;0;0;0;0;8;7;3;0;0;0;0;0;0;0;4;0;0;0;0;0;0;0;0;0;0;3;0;0;3;0;3;0;0;3;4;0;0;0;0;0;0;0;0;0;0;3;0;0;0;0;0;3;0;3;0;3;0;0;6;0;8;0;0;0;0;0;0;0;0;0;0;0;0;
2024;2025;63331203;2633300;1120300;6293;10573;28;27;3;3;0;0;0;26;12;14;0;0;3;3;0;3;0;9;0;0;0;0;0;3;0;0;0;0;0;0;0;0;0;3;3;3;4;19;0;0;0;0;0;0;0;0;0;0;0;0;0;0;3;3;4;5;7;0;3;3;12;12;0;28;0;0;0;0;0;0;0;0;0;0;0;0;
2024;2025;63421199;2634200;1119900;6294;10574;15;15;0;0;0;0;0;15;12;3;0;0;0;0;0;0;0;3;0;0;0;0;0;0;0;0;0;0;0;3;0;0;0;0;0;3;0;12;0;0;0;0;0;0;0;0;0;0;0;0;0;0;3;0;4;3;5;0;0;0;3;13;0;15;0;0;0;0;0;0;0;0;0;0;0;0;
2024;2025;62631018;2626300;1101800;6295;10555;6;5;3;3;0;0;0;5;3;3;3;0;3;3;0;0;0;3;0;0;0;0;3;0;0;0;0;0;0;0;0;0;0;3;3;0;0;3;0;0;0;0;0;0;0;0;0;0;0;0;0;0;0;0;3;0;3;0;3;0;3;3;0;6;0;0;0;0;0;0;0;0;0;0;0;0;
2024;2025;63181208;2631800;1120800;6296;10877;12;11;3;3;0;0;0;11;3;6;4;0;3;3;0;0;0;6;0;0;0;0;0;0;0;3;3;3;0;0;0;0;3;3;0;0;0;6;0;3;0;0;0;0;3;3;0;0;0;0;0;0;0;3;0;3;0;3;7;0;0;4;0;11;0;3;0;0;0;0;0;0;0;0;0;0;
2024;2025;63431269;2634300;1126900;6297;13226;46;29;17;12;5;0;0;29;8;12;9;0;17;13;4;0;0;21;3;0;0;0;0;3;4;3;3;0;0;3;3;3;3;0;0;3;3;25;0;0;0;0;3;3;3;0;3;0;3;3;0;3;0;3;3;3;3;8;8;6;11;12;3;36;8;0;3;3;0;0;0;0;0;0;0;0;
2024;2025;63581231;2635800;1123100;6298;10419;23;20;3;3;0;3;0;19;17;3;3;0;4;3;0;3;0;8;0;0;0;0;3;0;0;0;3;0;0;0;0;0;3;3;0;3;3;15;0;0;0;0;0;0;0;0;0;0;0;0;0;0;0;3;3;8;3;0;3;0;7;14;0;23;0;0;0;0;0;0;0;0;0;0;0;0;
2024;2025;63291247;2632900;1124700;6299;10330;3;3;0;0;0;0;0;3;3;0;0;0;0;0;0;0;0;0;0;0;0;0;0;0;0;0;0;0;0;0;0;0;0;0;0;0;0;3;0;0;0;0;0;0;0;0;0;0;0;0;0;0;0;0;0;0;3;0;0;0;0;3;0;3;0;0;0;0;0;0;0;0;0;0;0;0;
2024;2025;62390965;2623900;1096500;6300;10315;13;8;5;4;3;0;0;8;3;5;3;0;5;4;3;0;0;9;0;0;0;0;0;0;0;3;0;0;0;3;3;0;0;0;0;0;3;4;0;0;0;0;3;0;0;0;0;0;0;0;0;3;3;0;3;0;0;0;5;0;4;4;0;13;0;0;0;0;0;0;0;0;0;0;0;0;
2024;2025;55432000;2554300;1200000;6404;16089;63;55;8;5;3;3;0;50;0;30;20;0;13;7;3;4;3;23;0;0;0;0;0;3;3;3;3;3;3;3;3;3;3;3;0;4;3;40;0;0;0;0;0;0;0;3;3;0;0;3;0;3;3;4;7;6;13;0;7;7;45;4;0;63;0;0;0;0;0;0;0;0;0;0;0;0;
2024;2025;55491992;2554900;1199200;6408;16091;45;41;4;4;0;0;0;41;3;20;19;0;4;3;3;0;0;14;0;0;0;0;0;3;3;3;3;0;3;3;0;3;3;3;3;3;0;31;0;0;3;3;0;0;0;0;0;0;0;3;3;3;3;3;6;8;8;0;3;3;37;3;0;45;0;0;0;0;0;0;0;0;0;0;0;0;
2024;2025;55222032;2552200;1203200;6413;16093;6;6;0;0;0;0;0;6;3;4;3;0;0;0;0;0;0;3;0;0;3;0;0;0;0;0;0;0;0;0;0;0;0;0;3;0;3;3;0;0;0;0;0;0;0;0;3;0;0;0;0;0;0;0;0;3;3;0;0;0;5;3;0;6;0;0;0;0;0;0;0;0;0;0;0;0;
2024;2025;55602018;2556000;1201800;6416;16094;81;70;11;9;3;3;0;60;0;30;30;0;21;16;3;4;0;32;0;0;0;0;3;0;0;0;3;3;3;3;0;3;3;3;5;9;3;49;0;0;0;0;0;0;0;0;3;0;0;0;3;3;0;4;6;14;22;3;5;5;69;3;0;80;3;0;0;0;0;0;0;0;0;0;0;0;
2024;2025;55251979;2552500;1197900;6417;16121;49;47;3;3;0;3;0;39;6;22;11;0;10;7;0;3;0;25;0;0;0;0;0;0;3;0;3;4;3;3;4;3;3;3;0;3;3;24;0;0;0;0;0;0;0;3;0;0;3;3;0;3;3;3;3;7;7;3;4;7;30;7;0;48;0;3;0;0;0;0;0;0;0;0;0;0;
2024;2025;55342169;2553400;1216900;6421;16095;397;343;54;40;6;8;0;291;112;61;118;0;106;71;4;27;4;149;0;3;3;3;3;3;9;8;6;11;5;13;10;17;10;11;18;13;8;248;0;0;4;5;0;3;0;3;3;5;6;4;9;5;14;11;36;47;95;3;22;18;289;67;0;396;0;0;3;0;0;0;0;0;0;0;0;0;
2024;2025;55142100;2551400;1210000;6423;16097;7;7;0;0;0;0;0;7;0;6;3;0;0;0;0;0;0;3;0;0;0;0;0;0;0;0;0;0;0;0;0;0;3;0;0;0;0;6;0;0;0;0;0;0;0;0;0;0;0;0;3;0;3;3;0;3;3;0;3;0;5;3;0;7;0;0;0;0;0;0;0;0;0;0;0;0;
2024;2025;53672036;2536700;1203600;6432;16099;11;11;0;0;0;0;0;11;5;3;4;0;0;0;0;0;0;3;0;0;0;0;0;0;0;0;0;0;0;0;0;0;0;0;3;0;0;10;0;0;0;0;0;0;0;0;0;0;0;0;3;0;3;0;3;3;4;0;3;0;5;5;0;11;0;0;0;0;0;0;0;0;0;0;0;0;
2024;2025;54122076;2541200;1207600;6434;16101;4;3;3;3;0;0;0;3;0;3;0;0;3;3;0;0;0;3;0;0;0;0;0;0;0;0;0;0;3;0;0;3;0;0;0;0;0;3;0;0;0;0;0;0;0;0;0;0;0;3;3;0;0;0;0;0;0;0;3;3;3;0;0;4;0;0;0;0;0;0;0;0;0;0;0;0;
2024;2025;54402072;2544000;1207200;6435;16102;6;6;0;0;0;0;0;4;0;3;3;0;3;3;0;0;0;3;0;0;0;0;0;0;0;0;0;0;0;0;0;3;3;0;0;0;0;4;0;0;0;0;0;0;0;0;0;0;0;0;3;0;0;0;0;3;0;0;0;3;3;3;0;6;0;0;0;0;0;0;0;0;0;0;0;0;
2024;2025;54762120;2547600;1212000;6436;16605;106;87;19;15;3;3;0;77;20;30;27;0;29;20;3;7;0;42;0;3;3;3;0;3;6;6;6;3;0;3;3;3;3;3;3;3;3;64;0;3;3;3;3;3;3;3;3;3;3;5;5;3;3;8;5;9;14;0;21;9;55;21;0;106;0;0;0;0;0;0;0;0;0;0;0;0;
2024;2025;54612055;2546100;1205500;6437;16104;15;14;3;0;0;3;0;12;3;9;3;0;3;3;0;3;0;7;0;0;3;3;0;0;0;3;0;0;3;0;0;0;0;3;0;3;3;8;0;0;0;0;0;0;3;0;0;3;0;0;3;0;0;0;0;3;4;0;4;3;5;5;0;15;0;0;0;0;0;0;0;0;0;0;0;0;
2024;2025;56822098;2568200;1209800;6451;16105;9;7;3;3;0;0;0;7;0;5;3;0;3;3;0;0;0;3;0;0;0;0;0;0;0;0;0;0;0;0;0;0;3;0;0;0;3;6;0;0;0;0;0;0;0;3;0;0;0;3;0;0;0;0;3;0;3;0;3;0;8;0;0;9;0;0;0;0;0;0;0;0;0;0;0;0;
2024;2025;56952112;2569500;1211200;6452;16106;7;5;3;3;0;0;0;4;0;3;3;0;3;3;0;3;0;3;0;0;0;0;3;0;0;0;3;0;3;0;0;0;0;0;0;0;0;4;0;0;0;0;0;0;3;0;0;0;0;0;3;0;0;3;0;3;0;0;3;3;3;0;0;7;0;0;0;0;0;0;0;0;0;0;0;0;
2024;2025;56762118;2567600;1211800;6453;16107;3;3;0;0;0;0;0;3;0;3;0;0;0;0;0;0;0;3;0;0;0;0;0;0;0;0;0;0;0;0;0;0;0;3;0;0;0;3;0;0;0;0;0;0;0;0;0;0;0;0;0;0;0;0;0;0;3;0;0;0;3;0;0;3;0;0;0;0;0;0;0;0;0;0;0;0;
2024;2025;56452071;2564500;1207100;6454;16108;27;24;3;3;0;0;0;22;3;10;11;0;5;4;0;3;0;8;0;0;3;0;0;0;3;0;3;0;0;0;0;3;0;3;3;0;0;19;0;0;0;0;0;3;0;3;0;3;0;3;0;0;3;3;3;4;4;0;4;3;19;3;0;27;0;0;0;0;0;0;0;0;0;0;0;0;
2024;2025;57162116;2571600;1211600;6455;16109;37;31;6;5;0;3;0;28;3;6;20;0;9;7;0;3;0;17;0;0;0;0;3;0;0;0;3;0;0;3;3;0;3;3;3;3;3;20;0;0;0;0;0;3;0;0;3;0;0;0;0;3;0;3;8;4;4;3;4;4;24;4;0;36;0;0;0;0;3;0;0;0;0;0;0;0;
2024;2025;57162147;2571600;1214700;6456;16110;11;11;0;0;0;0;0;10;0;5;5;0;3;0;0;3;0;5;0;0;0;0;0;3;0;3;0;0;0;3;0;0;3;3;0;0;0;6;0;0;0;0;0;0;0;0;0;0;0;0;0;0;0;3;3;3;3;0;3;0;9;3;0;11;0;0;0;0;0;0;0;0;0;0;0;0;
2024;2025;56132047;2561300;1204700;6458;16604;418;330;88;53;7;28;0;283;108;56;119;0;135;79;7;47;3;168;3;0;3;5;7;8;6;8;6;14;14;16;12;13;9;7;9;14;17;250;3;3;3;3;4;6;4;6;3;4;5;10;9;10;10;18;20;38;96;5;51;35;293;34;0;413;3;3;3;0;3;0;0;0;0;0;0;0;
2024;2025;56562071;2565600;1207100;6459;16112;28;26;3;3;0;0;0;22;0;8;14;0;6;5;0;3;0;9;0;0;0;0;0;3;3;0;0;0;0;0;0;3;0;3;3;0;3;19;0;0;0;0;0;0;0;0;0;0;0;0;3;0;3;0;3;6;8;0;4;0;24;0;0;28;0;0;0;0;0;0;0;0;0;0;0;0;
2024;2025;56722069;2567200;1206900;6461;16113;59;49;10;8;0;3;0;47;3;25;21;0;12;10;0;3;0;21;0;3;3;0;3;3;3;0;3;3;0;3;3;0;3;3;3;4;3;38;0;0;0;0;0;0;0;0;3;3;3;3;3;0;0;3;8;5;15;0;4;7;47;3;0;59;0;0;0;0;0;0;0;0;0;0;0;0;
2024;2025;56072127;2560700;1212700;6487;16115;94;81;13;9;3;3;0;67;10;40;17;0;27;19;3;6;0;47;0;0;0;0;4;3;3;5;3;3;5;3;3;3;3;3;4;3;3;47;0;0;0;3;3;3;3;3;3;3;3;0;3;3;3;0;8;14;8;3;20;7;57;8;0;92;3;0;3;0;0;0;0;0;0;0;0;0;
2024;2025;52771910;2527700;1191000;6504;16116;3;3;3;3;0;0;0;3;3;0;0;0;3;3;0;0;0;0;0;0;0;0;0;0;0;0;0;0;0;0;0;0;0;0;0;0;0;3;0;0;0;0;3;0;0;0;0;0;0;0;0;0;0;0;3;0;0;0;3;0;0;3;0;3;0;0;0;0;0;0;0;0;0;0;0;0;
2024;2025;52721952;2527200;1195200;6511;16117;10;10;0;0;0;0;0;8;3;5;3;0;3;3;0;3;0;3;0;0;0;0;0;0;0;0;0;0;0;0;0;0;3;0;3;0;3;7;0;0;0;0;0;0;0;0;0;0;0;0;0;3;0;3;3;3;3;0;3;0;9;0;0;10;0;0;0;0;0;0;0;0;0;0;0;0;
2024;2025;53481950;2534800;1195000;6512;16118;92;74;18;12;3;3;0;66;18;24;24;0;26;19;3;4;0;41;0;3;0;0;3;0;4;3;3;3;3;3;8;3;3;6;4;3;3;51;0;0;0;0;3;3;3;3;3;0;3;3;3;3;3;6;6;14;11;3;11;8;57;15;0;91;0;3;0;0;0;3;3;0;0;0;0;0;1
2024;2025;49231164;2492300;1116400;6601;11726;4;0;4;4;0;0;0;0;0;0;0;0;4;3;0;3;0;3;0;0;0;0;0;0;0;0;0;3;3;0;0;0;0;0;0;0;0;3;0;0;0;0;0;0;0;0;3;0;0;0;0;3;0;0;0;0;0;0;3;0;3;0;0;4;0;0;0;0;0;0;0;0;0;0;0;0;
2024;2025;50631257;2506300;1125700;6602;11776;27;6;21;15;0;5;3;3;0;3;0;0;25;16;3;7;0;18;0;0;0;0;3;0;3;3;0;3;3;0;8;0;0;0;3;3;0;9;0;0;0;3;0;3;0;3;0;0;0;3;3;0;0;0;3;0;3;0;3;6;19;0;0;27;0;0;0;0;0;0;0;0;0;0;0;0;
2024;2025;48901142;2489000;1114200;6603;11664;13;7;6;5;0;3;0;6;0;6;0;0;7;5;0;3;0;10;0;0;0;0;0;3;3;3;0;3;0;3;0;0;3;0;0;0;0;3;0;0;0;0;0;0;3;0;0;0;0;3;3;0;0;0;0;0;0;0;6;0;6;3;0;13;0;0;0;0;0;0;0;0;0;0;0;0;
2024;2025;48961113;2489600;1111300;6604;11665;5;3;3;3;0;3;0;3;0;3;0;0;4;3;0;3;0;3;0;0;0;0;0;0;3;0;0;0;0;0;3;0;0;0;0;0;0;3;0;0;0;0;0;0;3;0;3;0;0;0;0;0;3;0;0;0;0;3;3;3;3;0;0;4;0;0;3;0;0;0;0;0;0;0;0;0;
2024;2025;49701118;2497000;1111800;6605;11692;24;9;15;14;0;3;0;6;0;6;0;0;18;15;0;3;0;14;3;0;0;0;3;3;3;3;0;3;0;0;3;3;3;3;0;0;3;10;3;3;0;0;3;3;0;3;3;0;0;3;0;0;3;3;0;0;0;0;5;4;13;3;0;24;0;0;0;0;0;0;0;0;0;0;0;0;
2024;2025;50101235;2501000;1123500;6606;11880;34;4;30;14;0;16;0;4;0;4;0;0;30;10;3;18;0;23;0;0;0;3;3;3;4;3;7;0;3;0;3;0;3;0;0;0;0;11;0;0;3;0;0;3;3;3;3;3;0;3;3;0;0;0;0;0;0;3;10;3;17;3;3;33;0;0;0;0;3;0;0;0;0;0;0;0;
2024;2025;49461147;2494600;1114700;6607;11853;81;33;48;40;3;5;0;31;0;27;4;0;50;36;4;10;0;59;0;3;0;3;3;9;4;7;5;10;6;5;5;0;3;3;3;0;0;22;3;0;3;3;3;3;3;4;3;3;0;0;0;0;0;3;3;0;0;3;30;16;27;6;3;78;3;0;0;3;3;0;0;0;0;0;0;0;
2024;2025;49971156;2499700;1115600;6608;11400;331;88;243;185;11;47;0;67;0;52;15;0;264;169;11;84;0;228;3;3;3;6;8;14;22;22;30;31;32;14;13;14;3;5;5;3;3;103;0;3;3;3;4;8;9;14;16;11;6;9;9;5;3;3;3;3;3;9;95;87;132;3;5;319;9;0;3;0;3;6;3;3;3;3;0;0;1
2024;2025;49041146;2490400;1114600;6609;11411;7;3;5;4;0;3;0;3;0;3;0;0;6;4;0;3;0;5;0;0;0;0;0;0;3;0;0;0;3;3;0;0;0;0;0;0;0;3;0;0;0;0;0;0;0;0;0;3;0;3;0;0;0;0;0;0;0;0;0;3;5;0;0;7;0;0;0;0;0;0;0;0;0;0;0;0;
2024;2025;50431340;2504300;1134000;6610;11387;13;3;12;8;3;3;0;3;0;0;3;0;12;6;3;3;0;6;0;0;3;0;3;3;0;3;0;0;3;0;0;0;3;0;0;0;0;7;0;0;0;0;3;3;0;0;0;3;0;0;3;3;0;0;3;0;0;3;6;3;3;0;0;10;0;0;3;0;0;3;3;0;0;0;0;0;1
2024;2025;48671120;2486700;1112000;6611;11439;15;8;7;5;3;3;0;6;0;5;3;0;9;3;3;4;0;10;0;3;3;0;0;0;3;3;3;3;0;0;3;0;0;0;0;0;0;5;0;0;0;0;3;0;0;3;0;3;3;0;0;0;0;0;0;0;0;0;3;3;9;3;0;15;0;0;0;0;0;0;0;0;0;0;0;0;
2024;2025;50341170;2503400;1117000;6612;11431;169;23;146;92;21;33;0;20;3;13;4;0;149;78;23;48;0;95;3;3;3;3;3;5;9;9;11;8;15;9;8;5;3;3;3;3;3;74;3;3;5;3;4;9;12;11;4;4;5;3;3;4;3;3;0;0;3;12;41;38;71;3;4;154;8;0;3;0;6;3;0;0;3;3;0;0;1
2024;2025;50401166;2504000;1116600;6613;11535;110;35;75;58;5;12;0;29;0;24;5;0;81;57;5;19;0;75;0;3;3;3;3;3;4;11;15;7;6;7;3;3;5;0;3;3;3;35;3;0;3;3;3;4;4;4;3;4;3;3;4;0;3;0;0;0;3;3;41;20;43;3;0;107;3;0;3;0;0;0;0;0;0;0;0;0;
2024;2025;50641200;2506400;1120000;6614;11586;4;0;4;3;0;3;0;0;0;0;0;0;4;3;0;3;0;3;0;0;0;3;0;0;3;0;0;0;0;0;0;0;3;0;0;0;0;3;0;0;0;0;0;0;0;0;3;0;0;0;0;0;0;0;0;0;0;0;3;3;3;0;0;4;0;0;0;0;0;0;0;0;0;0;0;0;
2024;2025;49841252;2498400;1125200;6615;11595;12;4;8;3;3;3;0;6;0;3;3;0;6;3;0;4;0;9;0;0;0;0;3;3;0;0;3;0;3;3;0;3;0;0;0;0;0;3;0;0;0;3;0;3;0;0;0;3;0;0;0;0;0;0;0;0;0;0;3;0;7;3;0;12;0;0;0;0;0;3;3;0;3;0;0;0;1
2024;2025;50441218;2504400;1121800;6616;11597;60;12;48;28;9;11;0;9;0;7;3;0;51;27;8;16;0;35;0;0;3;3;3;3;3;3;6;3;8;3;3;3;3;3;0;0;0;25;0;0;3;0;3;3;3;5;3;5;3;3;3;3;3;0;0;0;3;6;9;12;31;3;0;54;5;0;3;0;0;3;3;0;0;0;0;0;1
2024;2025;50311192;2503100;1119200;6617;11599;70;16;54;42;10;3;0;9;0;7;3;0;61;42;8;11;0;40;3;3;3;3;0;3;3;3;3;4;3;7;4;0;3;3;0;0;0;30;0;0;3;3;3;3;5;5;3;3;0;3;4;3;3;0;3;0;0;3;22;13;32;3;0;68;3;0;3;0;0;0;0;0;0;0;0;0;
2024;2025;49551145;2495500;1114500;6618;11651;26;12;14;10;0;4;0;8;0;5;3;0;18;11;0;7;0;15;0;0;0;3;3;3;3;3;3;3;3;3;0;0;3;0;0;3;0;11;0;0;0;0;3;0;0;3;3;0;3;0;3;3;0;0;3;0;0;3;3;10;13;0;0;25;3;0;0;0;0;3;3;0;0;0;0;0;1
2024;2025;50641242;2506400;1124200;6619;11569;25;10;15;14;0;3;0;7;0;7;0;0;18;15;0;3;0;14;0;3;3;3;3;3;3;3;0;0;3;3;0;3;0;0;0;0;0;11;0;0;3;3;0;0;3;3;3;0;3;0;3;0;3;0;0;0;0;3;11;3;10;3;0;24;0;3;0;0;0;0;0;0;0;0;0;0;
2024;2025;48861169;2488600;1116900;6620;11582;22;3;19;15;3;3;0;8;0;6;3;0;14;11;3;3;0;14;0;0;3;0;0;3;3;0;3;3;3;3;0;3;0;3;0;0;0;8;0;3;0;3;0;3;0;3;3;0;0;0;3;3;0;0;0;0;0;0;4;5;12;3;0;22;0;0;0;0;0;0;0;0;0;0;0;0;
2024;2025;50001179;2500000;1117900;6621;12099;4084;877;3207;2234;324;649;0;722;467;106;148;3;3362;1812;335;1209;6;2534;32;44;57;57;87;140;240;308;344;300;254;222;155;103;67;54;29;18;23;1550;24;31;41;46;55;83;192;215;205;139;129;99;78;71;34;38;24;15;31;126;812;780;2146;170;50;3931;49;3;53;9;40;16;5;8;3;3;0;0;1
2024;2025;50111246;2501100;1124600;6622;12097;30;12;18;9;4;5;0;7;0;6;0;3;23;10;4;9;0;19;3;0;0;0;0;3;3;3;3;0;4;4;3;0;3;0;0;0;3;11;3;3;0;0;0;0;3;3;3;3;0;0;0;3;0;3;0;0;0;3;3;7;16;3;0;27;3;0;0;3;3;0;0;0;0;0;0;0;
2024;2025;49861211;2498600;1121100;6623;12606;140;33;107;71;11;25;0;22;0;18;4;0;118;58;16;43;3;83;3;3;3;3;3;3;6;14;8;10;4;8;11;3;3;0;3;3;3;57;0;4;3;3;3;4;6;10;5;3;3;3;3;4;3;3;3;3;3;5;39;27;59;4;6;132;4;0;3;0;3;3;3;3;0;0;3;0;1
2024;2025;50891230;2508900;1123000;6624;11959;3;3;3;0;0;3;0;3;0;3;3;0;0;0;0;0;0;3;0;3;0;0;0;0;0;0;0;0;3;0;0;0;0;0;0;0;0;3;3;0;0;0;0;0;0;0;0;0;0;0;0;0;0;0;0;0;0;0;3;0;3;3;0;3;0;0;0;0;0;0;0;0;0;0;0;0;
2024;2025;50801285;2508000;1128500;6625;12296;15;5;10;9;3;0;0;6;0;5;3;0;9;6;3;3;0;12;0;3;0;0;0;3;3;3;3;3;3;3;3;0;0;3;0;0;0;3;0;3;0;0;3;0;0;0;0;3;0;0;0;0;0;0;0;0;0;0;7;4;3;3;0;15;0;0;0;0;0;0;0;0;0;0;0;0;
2024;2025;50951210;2509500;1121000;6626;12642;20;9;11;10;0;3;0;10;0;9;3;0;10;7;0;3;0;10;0;0;3;0;0;3;3;3;0;3;3;0;3;0;0;3;0;0;0;10;3;3;3;0;0;0;3;0;3;0;0;0;3;0;0;3;0;0;0;0;9;4;4;3;0;20;0;0;0;0;0;0;0;0;0;0;0;0;
2024;2025;49171126;2491700;1112600;6627;12575;3;0;3;0;3;0;0;0;0;0;0;0;3;0;3;0;0;3;0;0;0;0;0;0;0;0;0;0;0;3;0;0;0;0;0;0;0;0;0;0;0;0;0;0;0;0;0;0;0;0;0;0;0;0;0;0;0;0;0;0;3;0;0;3;0;0;0;0;0;0;0;0;0;0;0;0;
2024;2025;49811163;2498100;1116300;6628;12624;330;102;228;167;16;45;0;100;0;81;19;0;230;128;17;85;0;224;4;3;3;5;8;20;23;24;31;17;31;14;14;13;6;6;3;3;3;106;3;4;6;3;12;5;10;10;11;9;9;7;4;3;5;3;3;0;3;7;99;63;131;21;9;319;5;0;3;3;3;7;6;3;0;0;0;0;1
2024;2025;50711224;2507100;1122400;6629;12409;14;3;11;8;3;0;0;3;0;3;3;0;11;6;3;3;0;9;0;0;3;0;0;0;0;0;3;3;3;0;3;3;0;0;0;0;0;5;0;0;3;0;0;0;0;0;3;3;3;0;0;0;0;0;0;0;0;0;5;3;6;3;0;14;0;0;0;0;0;0;0;0;0;0;0;0;
2024;2025;49461206;2494600;1120600;6630;12430;284;73;211;146;13;52;0;63;4;50;9;0;221;121;20;77;3;187;3;4;4;3;5;16;24;23;22;19;17;19;7;10;5;3;3;0;3;97;3;4;4;3;5;7;8;11;8;7;7;5;5;9;3;6;3;3;3;15;74;52;124;13;6;266;10;0;3;0;5;3;0;3;0;0;0;0;1
2024;2025;49651155;2496500;1115500;6631;12484;195;53;142;101;3;38;0;50;0;47;3;0;145;88;4;53;0;138;0;3;4;4;3;8;17;16;18;16;11;11;13;7;4;3;3;3;0;57;3;3;3;4;3;4;8;8;3;4;3;4;4;4;3;3;0;3;0;6;32;50;96;11;0;190;3;0;3;0;3;3;3;0;3;0;0;0;1
2024;2025;49581126;2495800;1112600;6632;13155;21;8;13;12;3;0;0;9;0;8;3;0;12;9;3;3;0;14;0;0;0;3;0;0;3;3;5;3;3;3;0;3;0;0;0;0;0;7;0;0;0;0;0;3;3;3;0;0;0;3;3;0;0;0;3;0;0;0;3;6;11;3;0;21;0;0;0;0;0;0;0;0;0;0;0;0;
2024;2025;49801139;2498000;1113900;6633;13114;67;23;44;33;3;10;0;20;3;15;4;0;47;30;3;15;3;51;3;0;0;0;3;3;4;3;9;9;5;3;4;3;4;3;3;0;0;16;0;0;0;0;3;5;3;4;3;3;3;3;0;0;0;0;0;0;0;3;17;20;25;4;0;66;3;0;0;0;0;3;3;0;3;0;0;0;1
2024;2025;50011220;2500100;1122000;6634;13110;46;14;32;16;4;12;0;12;0;10;3;0;34;16;4;14;0;31;0;0;3;3;3;5;3;3;3;3;5;3;3;3;0;0;3;0;0;15;0;3;3;3;0;3;3;3;3;3;3;3;3;0;0;3;0;0;0;3;12;8;18;5;3;44;0;0;3;0;3;3;0;0;0;3;0;0;1
2024;2025;50901192;2509000;1119200;6635;13107;11;7;4;4;0;0;0;6;0;4;3;0;5;5;0;0;0;8;0;0;0;3;3;0;3;3;0;3;0;0;0;0;3;0;0;0;0;3;0;0;3;0;0;0;0;0;0;3;0;0;0;0;3;0;0;0;0;0;4;3;4;0;0;11;0;0;0;0;0;0;0;0;0;0;0;0;
2024;2025;50681183;2506800;1118300;6636;13094;39;15;24;23;0;3;0;14;0;12;3;0;25;19;0;6;0;22;3;3;3;0;3;3;3;3;3;3;3;3;3;3;3;0;0;0;0;17;0;3;0;0;0;3;3;3;4;3;0;3;3;0;0;0;0;0;0;3;16;6;12;3;0;37;0;0;0;0;3;0;0;0;0;0;0;0;
2024;2025;49001161;2490000;1116100;6637;12872;4;3;3;0;0;3;0;3;0;0;3;0;3;3;0;3;0;3;0;0;0;0;0;0;0;0;0;0;0;3;0;0;3;0;0;0;0;3;0;0;0;0;0;0;0;0;0;0;0;0;3;0;0;0;0;0;0;0;0;3;3;0;0;4;0;0;0;0;0;0;0;0;0;0;0;0;
2024;2025;49151191;2491500;1119100;6638;13051;53;15;38;29;4;5;0;15;0;15;0;0;38;28;3;7;0;39;3;0;0;3;3;3;3;5;6;5;4;4;3;3;3;0;0;0;0;14;0;0;0;0;3;3;0;3;3;0;3;3;3;0;0;0;3;0;0;5;21;8;17;3;3;48;3;0;3;0;3;3;0;3;0;0;0;0;1
2024;2025;49221113;2492200;1111300;6639;10414;3;3;3;3;0;0;0;0;0;0;0;0;3;3;0;3;0;3;0;0;0;0;0;0;0;0;0;3;0;0;0;0;0;0;0;0;0;3;0;0;0;0;0;0;0;0;0;0;0;3;0;0;0;0;0;0;0;0;3;3;3;0;0;3;0;0;0;0;0;0;0;0;0;0;0;0;
2024;2025;50421160;2504200;1116000;6640;10569;193;57;136;86;17;33;0;61;0;49;12;0;132;75;16;39;3;122;3;4;3;4;3;7;16;12;6;19;9;17;7;6;7;3;0;3;3;71;3;3;5;4;7;4;5;5;7;5;4;6;3;3;4;3;3;3;3;9;47;37;92;8;0;183;8;0;0;3;3;3;0;3;3;0;0;0;1
2024;2025;50041130;2500400;1113000;6641;10896;25;7;18;12;3;3;0;7;0;5;3;0;18;11;3;4;0;17;0;0;3;3;0;3;0;3;3;0;3;3;3;3;0;0;0;0;0;8;0;3;3;0;0;0;0;0;3;3;0;0;3;3;0;0;0;0;0;3;7;8;7;0;3;23;3;0;0;0;0;0;0;0;0;0;0;0;
2024;2025;50461196;2504600;1119600;6642;10942;30;7;23;11;8;4;0;4;0;4;0;0;26;12;8;6;0;16;0;3;0;0;3;0;3;3;3;3;3;3;3;0;3;0;0;0;3;14;0;0;3;3;0;0;4;0;3;3;3;0;0;3;0;3;0;0;0;0;16;5;8;0;3;29;3;0;0;0;0;0;0;0;0;0;0;0;
2024;2025;49571191;2495700;1119100;6643;10918;483;152;331;221;41;69;0;124;0;102;21;3;359;192;43;122;3;308;6;4;5;5;10;22;45;38;31;33;25;23;8;22;9;10;6;3;4;175;3;6;3;4;14;12;20;23;18;10;11;14;10;8;3;8;3;3;5;19;110;97;238;18;3;462;13;0;3;3;3;5;3;3;3;0;0;0;1
2024;2025;50151265;2501500;1126500;6644;10921;137;31;106;59;18;29;0;20;0;18;3;0;117;50;16;51;0;82;3;0;0;3;4;5;8;12;11;8;11;9;5;3;3;3;3;0;3;55;3;3;3;3;3;6;7;3;7;5;5;5;3;3;3;0;0;3;0;3;18;35;75;5;3;135;3;0;0;0;3;3;3;0;0;0;0;0;1
2024;2025;50321136;2503200;1113600;6645;10902;96;12;84;50;14;20;0;23;0;21;3;0;73;35;8;30;0;50;0;3;3;3;3;0;6;4;6;7;7;4;5;3;3;3;0;0;0;46;3;4;5;0;3;3;4;4;7;3;4;3;3;0;3;0;0;3;0;3;34;19;32;9;3;94;0;0;3;3;0;0;0;0;0;0;0;0;
2024;2025;58312443;2583100;1244300;6702;13273;9;9;0;0;0;0;0;7;3;3;3;0;3;3;0;0;0;3;0;0;0;0;0;0;0;0;0;0;0;0;0;0;0;0;0;3;0;8;0;0;0;0;0;0;0;0;0;0;0;0;0;0;0;5;3;0;3;0;0;0;6;3;0;9;0;0;0;0;0;0;0;0;0;0;0;0;
2024;2025;58542496;2585400;1249600;6703;13274;3;3;0;0;0;0;0;3;0;3;3;0;0;0;0;0;0;3;0;0;0;0;0;0;3;0;0;0;0;0;0;0;3;0;0;0;0;0;0;0;0;0;0;0;0;0;0;0;0;0;0;0;0;0;0;0;0;0;3;0;0;3;0;3;0;0;0;0;0;0;0;0;0;0;0;0;
2024;2025;59282418;2592800;1241800;6704;13275;3;3;3;3;0;0;0;3;0;3;3;0;0;0;0;0;0;0;0;0;0;0;0;0;0;0;0;0;0;0;0;0;0;0;0;0;0;3;0;0;0;0;0;0;0;3;0;0;0;0;3;0;0;0;0;0;3;0;0;0;3;3;0;3;0;0;0;0;0;0;0;0;0;0;0;0;
2024;2025;60132442;2601300;1244200;6706;13277;3;3;0;0;0;0;0;3;3;3;0;0;0;0;0;0;0;3;0;0;0;0;0;0;0;0;0;0;0;0;0;0;0;3;0;3;0;3;0;0;0;0;0;0;0;0;0;0;0;0;0;0;0;0;0;3;0;0;0;0;0;3;0;3;0;0;0;0;0;0;0;0;0;0;0;0;
2024;2025;59512431;2595100;1243100;6708;16127;41;35;6;5;3;0;0;32;5;13;13;3;9;6;3;3;0;10;0;0;3;0;0;0;3;3;0;0;3;3;0;3;3;3;3;3;0;31;0;0;3;0;0;0;0;0;3;3;3;3;3;0;0;0;3;5;15;0;5;3;26;8;0;41;0;0;0;0;0;0;0;0;0;0;0;0;
2024;2025;59522456;2595200;1245600;6709;13280;57;49;8;3;5;3;0;44;3;37;5;0;13;4;4;5;0;30;0;0;0;0;3;3;3;0;3;3;3;3;4;3;3;3;3;0;5;27;0;0;0;0;3;3;0;3;0;0;0;3;3;3;3;3;4;6;6;0;9;4;39;4;3;57;0;0;0;0;0;3;0;3;0;0;0;0;1
2024;2025;59092433;2590900;1243300;6710;13281;23;23;0;0;0;0;0;21;3;15;3;0;3;3;0;0;0;10;0;0;0;0;0;0;0;3;0;0;0;3;3;3;0;3;0;3;3;13;0;0;0;0;0;0;0;3;0;3;0;0;0;3;0;3;3;3;3;3;3;6;14;3;0;23;0;0;0;0;0;0;0;0;0;0;0;0;
2024;2025;59302459;2593000;1245900;6711;13282;101;73;28;15;3;10;0;68;24;21;23;0;33;16;5;12;0;49;3;0;0;3;3;3;4;3;7;3;3;5;7;3;3;3;3;0;3;52;3;0;0;0;3;0;3;3;0;3;3;6;4;3;3;5;4;8;12;5;9;13;63;10;3;95;0;0;5;0;3;0;0;0;0;0;0;0;
2024;2025;58912450;2589100;1245000;6712;13283;15;14;3;0;0;3;0;14;3;8;4;0;3;0;0;3;0;5;0;0;0;0;3;0;0;3;0;0;0;0;3;3;0;0;3;0;0;10;0;0;0;0;0;0;0;0;0;0;0;3;3;0;0;0;0;3;6;0;3;0;11;3;0;15;0;0;0;0;0;0;0;0;0;0;0;0;
2024;2025;59222528;2592200;1252800;6713;13284;3;3;0;0;0;0;0;3;0;0;3;0;0;0;0;0;0;0;0;0;0;0;0;0;0;0;0;0;0;0;0;0;0;0;0;0;0;3;0;0;0;0;0;0;0;0;0;0;0;0;0;0;0;0;3;0;0;0;0;0;3;0;0;3;0;0;0;0;0;0;0;0;0;0;0;0;
2024;2025;60482436;2604800;1243600;6715;13286;5;4;3;3;0;0;0;3;3;3;0;0;3;3;0;0;0;3;0;0;0;0;0;0;0;0;0;0;0;0;3;0;0;0;0;3;0;3;0;0;0;0;0;0;0;0;0;0;3;0;0;0;0;0;0;3;3;0;0;3;3;3;0;5;0;0;0;0;0;0;0;0;0;0;0;0;
2024;2025;59082510;2590800;1251000;6718;13289;3;3;0;0;0;0;0;3;3;3;0;0;0;0;0;0;0;3;0;0;0;0;0;0;0;0;0;0;0;0;0;0;0;0;3;0;0;3;0;0;0;0;0;0;0;0;0;3;0;0;0;0;0;0;0;0;3;0;0;0;3;3;0;3;0;0;0;0;0;0;0;0;0;0;0;0;
2024;2025;58882507;2588800;1250700;6719;13290;6;6;0;0;0;0;0;5;3;3;3;0;3;3;0;0;0;3;0;0;0;0;0;0;0;0;0;0;0;0;0;3;0;0;0;0;0;5;0;0;0;0;0;0;0;0;0;0;0;0;0;0;0;0;3;3;3;0;0;0;3;4;0;6;0;0;0;0;0;0;0;0;0;0;0;0;
2024;2025;57852390;2578500;1239000;6722;13293;3;3;0;0;0;0;0;3;0;3;0;0;0;0;0;0;0;3;0;0;0;0;0;0;0;0;0;0;0;3;0;0;0;0;0;0;0;3;0;0;0;0;0;0;0;0;0;0;0;0;0;0;0;0;0;3;0;0;0;0;3;3;0;3;0;0;0;0;0;0;0;0;0;0;0;0;
2024;2025;59482491;2594800;1249100;6724;13295;9;8;3;0;3;0;0;6;3;5;0;0;3;3;3;0;0;4;0;0;0;3;0;0;0;3;0;0;0;3;0;0;0;0;0;0;0;5;3;0;0;0;0;0;0;0;3;3;0;0;0;0;3;0;0;0;3;0;5;3;3;3;0;9;0;0;0;0;0;0;0;0;0;0;0;0;
2024;2025;58542430;2585400;1243000;6729;15624;60;55;5;4;0;3;0;54;14;28;12;0;6;5;0;3;0;20;0;0;0;0;3;0;0;3;3;3;3;3;3;3;3;3;3;3;0;40;0;0;0;0;3;3;0;3;3;3;3;3;3;3;3;3;4;7;9;0;6;5;32;17;0;60;0;0;0;0;0;0;0;0;0;0;0;0;
2024;2025;59822442;2598200;1244200;6730;16119;17;16;3;3;0;0;0;16;8;7;3;0;3;3;0;0;0;7;0;0;0;0;0;0;0;0;0;3;3;0;0;0;3;3;3;3;0;10;0;0;0;0;0;0;0;0;0;0;0;0;3;3;0;0;3;3;3;0;3;0;7;9;0;17;0;0;0;0;0;0;0;0;0;0;0;0;
2024;2025;56792349;2567900;1234900;6741;13299;3;3;0;0;0;0;0;3;0;3;0;0;3;0;0;3;0;3;0;0;0;0;0;0;0;0;0;0;0;0;0;0;0;0;3;0;0;3;0;0;0;0;0;0;3;0;0;0;0;0;0;0;0;0;0;0;3;0;0;3;3;3;0;3;0;0;0;0;0;0;0;0;0;0;0;0;
2024;2025;55962252;2559600;1225200;6742;13300;20;19;3;3;0;0;0;18;9;4;5;0;3;3;0;0;3;10;0;0;0;0;0;0;0;0;0;0;0;3;3;3;3;3;3;3;3;10;0;0;0;0;0;0;0;0;3;0;0;0;3;3;0;3;3;3;3;0;3;3;5;11;0;20;0;0;0;0;0;0;0;0;0;0;0;0;
2024;2025;56712291;2567100;1229100;6743;16624;12;11;3;3;0;0;0;12;3;4;6;0;0;0;0;0;0;3;0;0;0;0;0;0;0;0;0;0;0;3;0;0;0;0;3;3;0;9;0;0;0;0;0;0;0;0;0;3;0;0;0;0;0;3;0;3;5;3;0;3;5;4;0;11;0;3;0;0;0;0;0;0;0;0;0;0;
2024;2025;57662340;2576600;1234000;6748;13306;10;10;0;0;0;0;0;10;3;3;4;0;0;0;0;0;0;7;0;0;0;0;0;0;0;0;0;0;3;0;0;3;3;3;0;3;3;3;0;0;0;0;0;0;0;0;0;0;0;0;0;0;0;0;0;3;3;0;0;0;4;6;0;10;0;0;0;0;0;0;0;0;0;0;0;0;
2024;2025;57722365;2577200;1236500;6750;13308;3;3;0;0;0;0;0;3;0;0;3;0;0;0;0;0;0;0;0;0;0;0;0;0;0;0;0;0;0;0;0;0;0;0;0;0;0;3;0;0;0;0;0;0;0;0;0;0;0;0;0;0;0;0;3;0;0;0;0;0;3;0;0;3;0;0;0;0;0;0;0;0;0;0;0;0;
2024;2025;57082369;2570800;1236900;6751;14967;6;4;3;0;0;3;0;4;0;3;3;0;3;0;0;3;0;3;0;0;0;3;3;0;0;0;0;0;0;0;0;0;0;3;0;0;0;3;0;0;0;0;0;0;0;0;0;0;0;0;0;0;0;0;0;0;3;0;3;0;3;3;0;6;0;0;0;0;0;0;0;0;0;0;0;0;
2024;2025;56522329;2565200;1232900;6753;14968;6;6;0;0;0;0;0;6;3;3;3;0;0;0;0;0;0;3;0;0;0;0;0;0;0;0;0;0;0;0;0;0;0;0;0;3;3;4;0;0;0;0;0;0;0;0;0;0;0;3;0;0;0;0;0;3;3;0;3;0;3;3;0;6;0;0;0;0;0;0;0;0;0;0;0;0;
2024;2025;56352305;2563500;1230500;6754;13312;36;35;3;3;0;0;0;32;5;17;10;0;4;4;0;0;0;11;0;0;0;0;3;3;0;0;0;0;0;3;3;3;0;0;3;3;3;25;0;0;0;0;0;0;0;0;0;0;3;3;0;3;3;3;3;7;8;0;3;3;16;17;0;36;0;0;0;0;0;0;0;0;0;0;0;0;
2024;2025;56652340;2566500;1234000;6757;14966;10;10;0;0;0;0;0;9;5;3;3;0;3;0;0;3;0;6;0;0;0;0;0;0;3;0;0;0;0;0;0;3;3;0;0;0;3;4;0;0;0;0;0;0;0;0;0;0;0;0;0;0;0;0;0;3;3;0;3;3;5;3;0;10;0;0;0;0;0;0;0;0;0;0;0;0;
2024;2025;57542395;2575400;1239500;6758;13316;4;4;0;0;0;0;0;4;0;4;0;0;0;0;0;0;0;3;0;0;0;0;0;0;0;0;0;0;0;0;0;0;0;0;3;0;0;3;0;0;0;0;0;0;0;0;0;0;0;0;0;0;0;0;3;0;0;0;0;0;4;0;0;4;0;0;0;0;0;0;0;0;0;0;0;0;
2024;2025;57682528;2576800;1252800;6771;13318;17;17;0;0;0;0;0;14;5;7;3;0;3;3;0;0;0;7;0;3;0;0;0;0;0;0;0;0;0;0;0;0;0;3;0;3;4;10;0;0;0;0;0;0;0;0;0;0;0;0;0;0;3;0;3;3;6;0;3;3;9;5;0;17;0;0;0;0;0;0;0;0;0;0;0;0;
2024;2025;56822607;2568200;1260700;6774;13321;12;9;3;3;0;0;0;7;0;7;0;0;5;5;0;0;0;8;3;0;0;0;0;0;3;0;0;0;3;3;3;0;0;3;0;0;0;4;0;0;0;3;0;3;0;0;0;0;0;0;3;0;0;0;0;0;3;3;0;3;7;3;0;9;3;0;0;0;0;3;0;0;3;0;0;0;1
2024;2025;56742546;2567400;1254600;6778;13325;3;3;0;0;0;0;0;3;3;0;0;0;0;0;0;0;0;3;0;0;0;0;0;0;0;0;0;0;0;0;0;0;0;0;0;0;3;3;0;0;0;0;0;0;0;0;0;0;0;0;0;0;0;0;0;0;3;0;0;0;3;3;0;3;0;0;0;0;0;0;0;0;0;0;0;0;
2024;2025;57432559;2574300;1255900;6781;13328;6;6;0;0;0;0;0;6;3;3;0;0;0;0;0;0;0;3;0;0;0;0;0;0;0;0;0;0;0;0;0;0;0;0;0;3;0;4;0;0;0;0;0;0;0;0;0;0;0;0;0;0;0;0;3;0;3;0;0;0;3;3;0;6;0;0;0;0;0;0;0;0;0;0;0;0;
2024;2025;57932506;2579300;1250600;6782;13329;16;14;3;3;0;0;0;13;3;10;0;0;3;3;0;0;0;4;0;0;0;0;0;0;0;0;0;0;0;3;3;3;0;3;0;0;0;12;0;0;0;0;0;0;3;0;0;3;3;0;0;0;3;3;0;4;3;0;0;3;9;6;0;16;0;0;0;0;0;0;0;0;0;0;0;0;
2024;2025;57122544;2571200;1254400;6783;13330;3;3;0;0;0;0;0;3;3;3;0;0;0;0;0;0;0;3;0;0;0;0;0;0;0;0;0;0;0;0;0;0;0;0;0;0;3;3;0;0;0;0;0;0;0;0;0;0;0;0;3;0;0;0;0;0;3;0;0;0;0;3;0;3;0;0;0;0;0;0;0;0;0;0;0;0;
2024;2025;57642503;2576400;1250300;6784;13331;26;25;3;0;3;0;0;22;4;17;3;0;4;4;0;0;0;12;0;0;0;0;3;0;0;0;3;0;3;3;3;3;0;3;0;0;3;14;0;0;0;0;0;0;0;0;0;0;3;0;0;3;3;3;3;3;4;0;3;4;10;11;0;26;0;0;0;0;0;0;0;0;0;0;0;0;
2024;2025;57012510;2570100;1251000;6785;13332;11;11;0;0;0;0;0;11;7;3;3;0;0;0;0;0;0;3;0;0;0;0;0;0;0;0;0;0;0;0;0;0;0;0;0;0;3;8;0;0;0;0;0;0;0;0;0;0;0;0;0;0;0;3;3;0;4;0;0;0;5;6;0;11;0;0;0;0;0;0;0;0;0;0;0;0;
2024;2025;56332520;2563300;1252000;6789;13336;4;4;0;0;0;0;0;4;3;3;0;0;0;0;0;0;0;3;0;0;0;0;0;0;0;0;0;0;0;3;3;0;0;0;3;0;0;3;0;0;0;0;0;0;0;0;0;0;0;0;0;0;0;0;3;0;0;0;0;0;3;3;0;4;0;0;0;0;0;0;0;0;0;0;0;0;
2024;2025;57302503;2573000;1250300;6790;15626;18;16;3;3;0;3;0;15;3;10;3;0;3;3;0;3;0;7;0;0;0;0;0;0;0;0;0;0;3;0;0;3;0;0;0;3;3;11;0;0;0;0;0;0;0;0;0;0;0;0;3;0;0;3;3;3;6;0;3;0;12;5;0;18;0;0;0;0;0;0;0;0;0;0;0;0;
2024;2025;57282518;2572800;1251800;6800;13347;84;76;8;5;0;3;0;66;21;28;17;0;18;13;0;5;0;27;0;0;0;0;0;0;3;3;3;3;3;3;3;3;3;5;0;3;4;57;0;0;0;0;0;3;3;0;0;3;3;3;3;3;3;7;6;11;19;3;9;6;58;10;0;83;3;0;0;0;0;0;0;0;0;0;0;0;
2024;2025;57822556;2578200;1255600;6806;13353;5;5;0;0;0;0;0;3;0;0;3;0;3;3;0;0;0;0;0;0;0;0;0;0;0;0;0;0;0;0;0;0;0;0;0;0;0;5;0;0;0;0;0;0;0;0;0;0;0;3;0;0;0;3;0;0;3;0;3;0;4;0;0;5;0;0;0;0;0;0;0;0;0;0;0;0;
2024;2025;56932589;2569300;1258900;6807;14970;16;15;3;3;0;0;0;13;5;7;3;0;3;3;0;3;0;5;0;0;0;0;0;0;0;0;0;0;3;3;0;0;0;0;3;3;0;11;0;0;0;0;0;0;0;0;0;0;0;0;0;0;3;3;3;3;4;0;3;0;8;6;0;16;0;0;0;0;0;0;0;0;0;0;0;0;
2024;2025;57912463;2579100;1246300;6808;14965;11;8;3;3;0;3;0;9;3;6;3;0;3;3;0;3;0;6;0;0;0;0;0;0;0;0;0;3;0;3;0;0;3;0;0;3;0;5;3;0;0;0;0;0;0;3;0;0;0;0;0;3;0;0;0;3;0;0;3;3;4;3;0;11;0;0;0;0;0;3;0;3;0;0;0;0;1
2024;2025;56702491;2567000;1249100;6809;16120;15;15;0;0;0;0;0;15;8;6;3;0;0;0;0;0;0;3;0;0;0;0;0;0;0;0;0;0;0;0;0;0;3;0;3;0;3;12;0;0;0;0;0;0;0;0;0;0;0;0;0;3;0;0;3;3;7;0;3;0;5;9;0;15;0;0;0;0;0;0;0;0;0;0;0;0;
2024;2025;58242525;2582400;1252500;6810;14969;10;10;0;0;0;0;0;7;3;3;3;0;3;3;3;0;0;6;0;0;0;0;0;0;0;0;0;0;0;0;3;3;3;0;3;3;0;4;0;0;0;0;0;0;0;0;0;0;0;0;3;0;0;3;3;0;3;0;3;0;6;3;0;10;0;0;0;0;0;0;0;0;0;0;0;0;
2024;2025;57472584;2574700;1258400;6811;16627;3;3;0;0;0;0;0;3;0;3;0;0;3;3;0;0;0;0;0;0;0;0;0;0;0;0;0;0;0;0;0;0;0;0;0;0;0;3;0;0;0;0;0;0;0;0;0;0;0;0;0;0;0;0;0;3;3;0;0;0;3;3;0;3;0;0;0;0;0;0;0;0;0;0;0;0;
2024;2025;57852585;2578500;1258500;6812;16654;9;8;3;3;0;0;0;7;5;3;0;0;3;3;3;0;0;6;0;0;0;0;0;0;0;3;0;0;0;3;0;0;0;3;0;0;3;3;0;0;0;0;0;0;0;0;0;0;0;0;0;0;3;0;0;3;3;0;0;3;3;5;0;9;0;0;0;0;0;0;0;0;0;0;0;0;
