{
  "type": "FeatureCollection",
  "generator": "overpass-turbo (CH)",
  "copyright": "The data included in this document is from www.openstreetmap.org. The data is made available under ODbL.",
  "timestamp": "110612",
  "features": [
    {
      "type": "Feature",
      "properties": {
        "@id": "way/23842993",
        "foot": "yes",
        "highway": "via_ferrata",
        "name": "Via Ferrata La Resgia",
        "via_ferrata_scale": "3"
      },
      "geometry": {
        "type": "LineString",
        "coordinates": [
          [
            9.9159634,
            46.4840551
          ],
          [
            9.9162145,
            46.4841171
          ],
          [
            9.916457,
            46.4841457
          ],
          [
            9.9166739,
            46.4841343
          ],
          [
            9.9167557,
            46.484189
          ],
          [
            9.9169415,
            46.4841149
          ],
          [
            9.9171309,
            46.4841504
          ],
          [
            9.9170967,
            46.4842192
          ],
          [
            9.9170362,
            46.484289
          ],
          [
            9.9170068,
            46.484378
          ],
          [
            9.9170672,
            46.4844842
          ],
          [
            9.9172134,
            46.4845479
          ],
          [
            9.9174534,
            46.4845941
          ],
          [
            9.9176184,
            46.4845941
          ],
          [
            9.917837,
            46.4845341
          ],
          [
            9.9178611,
            46.4846864
          ],
          [
            9.9177968,
            46.4848046
          ],
          [
            9.9178263,
            46.4849062
          ],
          [
            9.9180019,
            46.4849782
          ],
          [
            9.9183292,
            46.485005
          ],
          [
            9.9184646,
            46.4850586
          ],
          [
            9.9185357,
            46.4851066
          ],
          [
            9.9186375,
            46.4851794
          ],
          [
            9.9186014,
            46.4852165
          ]
        ]
      },
      "id": "way/23842993"
    },
    {
      "type": "Feature",
      "properties": {
        "@id": "way/35147110",
        "access": "no",
        "bicycle": "no",
        "foot": "yes",
        "highway": "via_ferrata",
        "horse": "no",
        "lit": "no",
        "name": "Via Ferrata Tichodrome",
        "note": "Closed from 1 January to 31 July",
        "oneway": "no",
        "sac_scale": "demanding_mountain_hiking",
        "via_ferrata_scale": "3",
        "website": "https://www.sac-cas.ch/fr/cabanes-et-courses/portail-des-courses-du-cas/la-clusette-7441/via-ferrata/via-ferrata-du-tichodrome-979/"
      },
      "geometry": {
        "type": "LineString",
        "coordinates": [
          [
            6.726798,
            46.960185
          ],
          [
            6.7267549,
            46.9600533
          ],
          [
            6.7267779,
            46.9599982
          ],
          [
            6.7270015,
            46.9598425
          ],
          [
            6.7271147,
            46.9597711
          ],
          [
            6.7272189,
            46.9596722
          ],
          [
            6.72733,
            46.959604
          ],
          [
            6.727371,
            46.959525
          ],
          [
            6.72745,
            46.9594469
          ],
          [
            6.7275289,
            46.9593891
          ],
          [
            6.727606,
            46.9593122
          ],
          [
            6.7276809,
            46.9592641
          ],
          [
            6.7277478,
            46.9592441
          ],
          [
            6.727832,
            46.959253
          ],
          [
            6.727897,
            46.959274
          ],
          [
            6.72804,
            46.959297
          ],
          [
            6.7281456,
            46.9593021
          ],
          [
            6.728248,
            46.9593197
          ],
          [
            6.7283727,
            46.959308
          ],
          [
            6.7284809,
            46.9592934
          ],
          [
            6.728603,
            46.959257
          ],
          [
            6.7287063,
            46.959219
          ],
          [
            6.7287779,
            46.95921
          ],
          [
            6.7288407,
            46.959194
          ],
          [
            6.7289479,
            46.9592
          ],
          [
            6.729051,
            46.959227
          ],
          [
            6.729119,
            46.959227
          ],
          [
            6.729193,
            46.959244
          ],
          [
            6.729309,
            46.9592102
          ],
          [
            6.7294684,
            46.9591498
          ],
          [
            6.7296105,
            46.9590808
          ],
          [
            6.729709,
            46.9590213
          ],
          [
            6.729795,
            46.9589878
          ],
          [
            6.729881,
            46.958994
          ],
          [
            6.7299579,
            46.9589237
          ],
          [
            6.7300742,
            46.9589026
          ],
          [
            6.7301504,
            46.9588862
          ],
          [
            6.730237,
            46.958841
          ],
          [
            6.7303311,
            46.958801
          ],
          [
            6.730447,
            46.9588203
          ],
          [
            6.7305757,
            46.9588002
          ],
          [
            6.7306383,
            46.9587458
          ],
          [
            6.7307119,
            46.9586851
          ],
          [
            6.730798,
            46.958657
          ],
          [
            6.730863,
            46.9585721
          ],
          [
            6.7309579,
            46.958484
          ],
          [
            6.7310646,
            46.9584374
          ],
          [
            6.7311728,
            46.9583732
          ],
          [
            6.7312401,
            46.95836
          ],
          [
            6.7313095,
            46.9583419
          ],
          [
            6.731415,
            46.958325
          ],
          [
            6.7314711,
            46.9582879
          ],
          [
            6.7315319,
            46.9582521
          ],
          [
            6.7316241,
            46.958217
          ],
          [
            6.731681,
            46.958186
          ],
          [
            6.731777,
            46.958172
          ]
        ]
      },
      "id": "way/35147110"
    },
    {
      "type": "Feature",
      "properties": {
        "@id": "way/35930976",
        "bicycle": "no",
        "highway": "via_ferrata",
        "horse": "no",
        "name": "Höllenstieg",
        "oneway": "yes",
        "sac_scale": "demanding_mountain_hiking",
        "via_ferrata_scale": "2"
      },
      "geometry": {
        "type": "LineString",
        "coordinates": [
          [
            8.4133123,
            46.8411603
          ],
          [
            8.4133195,
            46.8412247
          ],
          [
            8.4133394,
            46.8412796
          ],
          [
            8.4134348,
            46.8413798
          ],
          [
            8.4134239,
            46.8414426
          ]
        ]
      },
      "id": "way/35930976"
    },
    {
      "type": "Feature",
      "properties": {
        "@id": "way/35930977",
        "bridge": "yes",
        "highway": "via_ferrata",
        "name": "Höllenstieg",
        "oneway": "yes",
        "sac_scale": "demanding_mountain_hiking",
        "via_ferrata_scale": "2"
      },
      "geometry": {
        "type": "LineString",
        "coordinates": [
          [
            8.4134239,
            46.8414426
          ],
          [
            8.4134106,
            46.8415053
          ]
        ]
      },
      "id": "way/35930977"
    },
    {
      "type": "Feature",
      "properties": {
        "@id": "way/35930978",
        "bicycle": "no",
        "highway": "via_ferrata",
        "horse": "no",
        "name": "Höllenstieg",
        "oneway": "yes",
        "sac_scale": "demanding_mountain_hiking",
        "via_ferrata_scale": "2"
      },
      "geometry": {
        "type": "LineString",
        "coordinates": [
          [
            8.4134106,
            46.8415053
          ],
          [
            8.4134119,
            46.8415553
          ],
          [
            8.4134185,
            46.8415852
          ],
          [
            8.4134385,
            46.8416416
          ]
        ]
      },
      "id": "way/35930978"
    },
    {
      "type": "Feature",
      "properties": {
        "@id": "way/35930979",
        "bicycle": "no",
        "highway": "via_ferrata",
        "horse": "no",
        "name": "Zittergrat + Brunnistöckli",
        "oneway": "yes",
        "sac_scale": "alpine_hiking",
        "via_ferrata_scale": "2"
      },
      "geometry": {
        "type": "LineString",
        "coordinates": [
          [
            8.413586,
            46.8416437
          ],
          [
            8.4136069,
            46.841646
          ],
          [
            8.4137814,
            46.8416753
          ],
          [
            8.4138422,
            46.8417341
          ],
          [
            8.414066,
            46.8417928
          ],
          [
            8.4142147,
            46.8418234
          ]
        ]
      },
      "id": "way/35930979"
    },
    {
      "type": "Feature",
      "properties": {
        "@id": "way/35930981",
        "highway": "via_ferrata",
        "name": "Zittergrat",
        "oneway": "yes",
        "sac_scale": "alpine_hiking",
        "via_ferrata_scale": "4"
      },
      "geometry": {
        "type": "LineString",
        "coordinates": [
          [
            8.4129258,
            46.8415724
          ],
          [
            8.4129546,
            46.8415666
          ],
          [
            8.4129752,
            46.8415871
          ],
          [
            8.4130069,
            46.8415824
          ],
          [
            8.4130794,
            46.841608
          ],
          [
            8.4131842,
            46.8416103
          ],
          [
            8.4131697,
            46.8415607
          ],
          [
            8.413261,
            46.8415739
          ],
          [
            8.4133081,
            46.8416184
          ],
          [
            8.4133742,
            46.8416408
          ],
          [
            8.4134385,
            46.8416416
          ]
        ]
      },
      "id": "way/35930981"
    },
    {
      "type": "Feature",
      "properties": {
        "@id": "way/38124333",
        "bicycle": "no",
        "highway": "via_ferrata",
        "name": "Mürreflue - Klettersteig",
        "sac_scale": "difficult_alpine_hiking",
        "via_ferrata_scale": "3"
      },
      "geometry": {
        "type": "LineString",
        "coordinates": [
          [
            7.8954032,
            46.5508381
          ],
          [
            7.89543,
            46.5519521
          ],
          [
            7.8957655,
            46.5523145
          ],
          [
            7.8953226,
            46.5526231
          ],
          [
            7.8960631,
            46.553694
          ],
          [
            7.8957261,
            46.5544465
          ],
          [
            7.8948126,
            46.5555086
          ]
        ]
      },
      "id": "way/38124333"
    },
    {
      "type": "Feature",
      "properties": {
        "@id": "way/38124334",
        "bicycle": "no",
        "highway": "via_ferrata",
        "name": "Mürreflue - Klettersteig",
        "sac_scale": "demanding_alpine_hiking",
        "via_ferrata_scale": "3"
      },
      "geometry": {
        "type": "LineString",
        "coordinates": [
          [
            7.8942413,
            46.5490545
          ],
          [
            7.8950945,
            46.5496168
          ],
          [
            7.8952421,
            46.5504087
          ]
        ]
      },
      "id": "way/38124334"
    },
    {
      "type": "Feature",
      "properties": {
        "@id": "way/38124336",
        "bicycle": "no",
        "bridge": "yes",
        "bridge:structure": "simple-suspension",
        "cable_number": "3",
        "highway": "via_ferrata",
        "layer": "1",
        "name": "Nepalbrücke (3 Seile)",
        "sac_scale": "demanding_alpine_hiking",
        "via_ferrata_scale": "3"
      },
      "geometry": {
        "type": "LineString",
        "coordinates": [
          [
            7.8948126,
            46.5555086
          ],
          [
            7.8949603,
            46.5557771
          ]
        ]
      },
      "id": "way/38124336"
    },
    {
      "type": "Feature",
      "properties": {
        "@id": "way/38124337",
        "bicycle": "no",
        "bridge": "yes",
        "bridge:structure": "simple-suspension",
        "cable_number": "3",
        "highway": "via_ferrata",
        "layer": "1",
        "name": "Nepalbrücke (3 Seile)",
        "sac_scale": "demanding_alpine_hiking",
        "via_ferrata_scale": "3"
      },
      "geometry": {
        "type": "LineString",
        "coordinates": [
          [
            7.8952421,
            46.5504087
          ],
          [
            7.8954032,
            46.5508381
          ]
        ]
      },
      "id": "way/38124337"
    },
    {
      "type": "Feature",
      "properties": {
        "@id": "way/38124338",
        "bicycle": "no",
        "bridge": "yes",
        "bridge:structure": "simple-suspension",
        "cable_number": "4",
        "handrail:left": "no",
        "handrail:right": "yes",
        "highway": "via_ferrata",
        "layer": "1",
        "name": "Hängebrücke (ein Halteseil)",
        "sac_scale": "demanding_alpine_hiking",
        "surface": "metal_grid",
        "via_ferrata_scale": "3"
      },
      "geometry": {
        "type": "LineString",
        "coordinates": [
          [
            7.8937585,
            46.5484003
          ],
          [
            7.8942413,
            46.5490545
          ]
        ]
      },
      "id": "way/38124338"
    },
    {
      "type": "Feature",
      "properties": {
        "@id": "way/38124472",
        "bicycle": "no",
        "highway": "via_ferrata",
        "horse": "no",
        "name": "Schwarzhorn - Klettersteig",
        "sac_scale": "difficult_alpine_hiking",
        "type": "via_ferrata",
        "via_ferrata_scale": "1+"
      },
      "geometry": {
        "type": "LineString",
        "coordinates": [
          [
            8.0678004,
            46.6827177
          ],
          [
            8.0676777,
            46.6827796
          ],
          [
            8.0675372,
            46.6829132
          ],
          [
            8.0676666,
            46.683078
          ],
          [
            8.068275,
            46.6834148
          ],
          [
            8.0686421,
            46.6834749
          ],
          [
            8.068985,
            46.6836074
          ],
          [
            8.069076,
            46.6836206
          ],
          [
            8.0693555,
            46.6836883
          ],
          [
            8.0694698,
            46.6837129
          ],
          [
            8.0696624,
            46.6838644
          ],
          [
            8.0699537,
            46.6839441
          ],
          [
            8.0705889,
            46.6842919
          ],
          [
            8.0716324,
            46.6846851
          ],
          [
            8.0723105,
            46.6847026
          ],
          [
            8.0724286,
            46.6847578
          ],
          [
            8.0729751,
            46.6848886
          ],
          [
            8.0732833,
            46.6850353
          ],
          [
            8.0736486,
            46.685018
          ],
          [
            8.0740524,
            46.6852787
          ]
        ]
      },
      "id": "way/38124472"
    },
    {
      "type": "Feature",
      "properties": {
        "@id": "way/39980063",
        "highway": "via_ferrata",
        "name": "KS Rigidalstockgrat",
        "sac_scale": "demanding_alpine_hiking",
        "via_ferrata_scale": "3"
      },
      "geometry": {
        "type": "LineString",
        "coordinates": [
          [
            8.4181505,
            46.8496402
          ],
          [
            8.4182484,
            46.8495457
          ],
          [
            8.4184677,
            46.8494672
          ],
          [
            8.4185618,
            46.8495913
          ],
          [
            8.4185905,
            46.8496737
          ],
          [
            8.4186904,
            46.8497397
          ],
          [
            8.4186032,
            46.849786
          ],
          [
            8.418664,
            46.8498206
          ],
          [
            8.4187123,
            46.8498873
          ],
          [
            8.4187478,
            46.8500373
          ],
          [
            8.4188248,
            46.850068
          ],
          [
            8.418819,
            46.8500986
          ],
          [
            8.4187857,
            46.8501347
          ],
          [
            8.4188028,
            46.8501861
          ],
          [
            8.4188006,
            46.8502709
          ],
          [
            8.4187507,
            46.850351
          ],
          [
            8.4187161,
            46.8504492
          ],
          [
            8.4187088,
            46.8504917
          ],
          [
            8.4188114,
            46.8505224
          ],
          [
            8.4188373,
            46.8505789
          ],
          [
            8.4188551,
            46.8507084
          ],
          [
            8.4189442,
            46.8508402
          ],
          [
            8.4189669,
            46.8509155
          ]
        ]
      },
      "id": "way/39980063"
    },
    {
      "type": "Feature",
      "properties": {
        "@id": "way/40399285",
        "bicycle": "no",
        "foot": "yes",
        "highway": "via_ferrata",
        "horse": "no",
        "name": "Klettersteig Jochpass-Graustock",
        "note": "Klettersteig Graustock",
        "sac_scale": "alpine_hiking",
        "surface": "ground",
        "trail_visibility": "excellent",
        "via_ferrata_scale": "K4"
      },
      "geometry": {
        "type": "LineString",
        "coordinates": [
          [
            8.3755385,
            46.7861365
          ],
          [
            8.3754969,
            46.7861689
          ],
          [
            8.375418,
            46.7861836
          ],
          [
            8.375375,
            46.7861561
          ],
          [
            8.3753033,
            46.7861296
          ],
          [
            8.3751555,
            46.7861777
          ],
          [
            8.3750494,
            46.7862455
          ],
          [
            8.3749734,
            46.7863201
          ]
        ]
      },
      "id": "way/40399285"
    },
    {
      "type": "Feature",
      "properties": {
        "@id": "way/40399286",
        "bicycle": "no",
        "foot": "yes",
        "highway": "via_ferrata",
        "horse": "no",
        "name": "Klettersteig Jochpass-Graustock",
        "note": "Klettersteig Graustock",
        "sac_scale": "alpine_hiking",
        "surface": "ground",
        "trail_visibility": "excellent",
        "via_ferrata_scale": "4"
      },
      "geometry": {
        "type": "LineString",
        "coordinates": [
          [
            8.3749734,
            46.7863201
          ],
          [
            8.3747098,
            46.7864883
          ],
          [
            8.374476,
            46.786615
          ],
          [
            8.3740658,
            46.7868036
          ],
          [
            8.3739166,
            46.7869106
          ],
          [
            8.3734175,
            46.7871365
          ],
          [
            8.372993,
            46.7873408
          ]
        ]
      },
      "id": "way/40399286"
    },
    {
      "type": "Feature",
      "properties": {
        "@id": "way/43033824",
        "climbing": "path",
        "highway": "via_ferrata",
        "name": "Klettersteig Rotstock",
        "sac_scale": "difficult_alpine_hiking",
        "via_ferrata_scale": "2"
      },
      "geometry": {
        "type": "LineString",
        "coordinates": [
          [
            7.9835394,
            46.5784136
          ],
          [
            7.9837318,
            46.5782749
          ],
          [
            7.9839491,
            46.5781938
          ],
          [
            7.9841384,
            46.5781597
          ],
          [
            7.9842624,
            46.5779622
          ],
          [
            7.9843045,
            46.577858
          ],
          [
            7.9846856,
            46.5777526
          ],
          [
            7.9848205,
            46.5775992
          ],
          [
            7.9852958,
            46.5775463
          ],
          [
            7.9857864,
            46.577573
          ],
          [
            7.9860068,
            46.577477
          ],
          [
            7.9854916,
            46.5771997
          ],
          [
            7.9850703,
            46.5770297
          ]
        ]
      },
      "id": "way/43033824"
    },
    {
      "type": "Feature",
      "properties": {
        "@id": "way/43033826",
        "highway": "via_ferrata",
        "name": "Klettersteig Ostegghütte",
        "sac_scale": "demanding_alpine_hiking",
        "via_ferrata_scale": "4"
      },
      "geometry": {
        "type": "LineString",
        "coordinates": [
          [
            8.0361323,
            46.5997078
          ],
          [
            8.036273,
            46.5997687
          ],
          [
            8.0362845,
            46.5998627
          ],
          [
            8.0363134,
            46.6001342
          ],
          [
            8.036273,
            46.6002692
          ],
          [
            8.0362922,
            46.6002984
          ],
          [
            8.0363462,
            46.6003142
          ],
          [
            8.0363751,
            46.6002931
          ],
          [
            8.0364136,
            46.6002163
          ],
          [
            8.0364522,
            46.600011
          ],
          [
            8.0364772,
            46.6000508
          ],
          [
            8.0365061,
            46.6001368
          ],
          [
            8.0365312,
            46.6001938
          ],
          [
            8.0366102,
            46.6002613
          ],
          [
            8.0366719,
            46.6004718
          ],
          [
            8.0366565,
            46.6005685
          ],
          [
            8.0366622,
            46.6006969
          ],
          [
            8.0367162,
            46.600787
          ],
          [
            8.0368106,
            46.6008359
          ],
          [
            8.0369706,
            46.6008399
          ],
          [
            8.0372134,
            46.6008373
          ],
          [
            8.0374986,
            46.6008174
          ],
          [
            8.0376528,
            46.6008148
          ],
          [
            8.0379207,
            46.6008108
          ],
          [
            8.038123,
            46.6008306
          ],
          [
            8.038308,
            46.6008505
          ],
          [
            8.0384892,
            46.6008306
          ],
          [
            8.0387089,
            46.6007896
          ],
          [
            8.0388168,
            46.6007393
          ],
          [
            8.0388476,
            46.6006228
          ],
          [
            8.0388592,
            46.6004599
          ],
          [
            8.0389478,
            46.6003275
          ],
          [
            8.0391425,
            46.6001938
          ],
          [
            8.0393506,
            46.6001434
          ],
          [
            8.0395799,
            46.6000839
          ],
          [
            8.0398883,
            46.6000772
          ],
          [
            8.0400155,
            46.6000706
          ],
          [
            8.0403354,
            46.6000163
          ],
          [
            8.0406437,
            46.5998839
          ],
          [
            8.0409482,
            46.5998932
          ],
          [
            8.0411544,
            46.599966
          ],
          [
            8.0412931,
            46.6001223
          ],
          [
            8.0413336,
            46.6003328
          ]
        ]
      },
      "id": "way/43033826"
    },
    {
      "type": "Feature",
      "properties": {
        "@id": "way/45348185",
        "highway": "via_ferrata",
        "name": "Sulzfluh Klettersteig",
        "oneway": "yes",
        "sac_scale": "difficult_alpine_hiking",
        "via_ferrata_scale": "4"
      },
      "geometry": {
        "type": "LineString",
        "coordinates": [
          [
            9.8435466,
            47.010155
          ],
          [
            9.8435522,
            47.0101644
          ],
          [
            9.843571,
            47.0101841
          ],
          [
            9.8435797,
            47.0101883
          ],
          [
            9.8435816,
            47.0101986
          ],
          [
            9.8435797,
            47.010208
          ],
          [
            9.8435835,
            47.0102208
          ],
          [
            9.8436054,
            47.0102289
          ],
          [
            9.8436336,
            47.0102361
          ],
          [
            9.8436474,
            47.0102361
          ],
          [
            9.8436618,
            47.0102306
          ],
          [
            9.8436718,
            47.0102284
          ],
          [
            9.8436843,
            47.0102319
          ],
          [
            9.8436749,
            47.0102366
          ],
          [
            9.843663,
            47.0102417
          ],
          [
            9.8436461,
            47.0102442
          ],
          [
            9.8436292,
            47.0102523
          ],
          [
            9.8436254,
            47.0102596
          ],
          [
            9.8436286,
            47.010275
          ],
          [
            9.8436261,
            47.0103019
          ],
          [
            9.8436348,
            47.0103181
          ],
          [
            9.8436167,
            47.0103343
          ],
          [
            9.8435973,
            47.0103492
          ],
          [
            9.8435635,
            47.0103586
          ],
          [
            9.843519,
            47.0103565
          ],
          [
            9.8434746,
            47.0103565
          ],
          [
            9.843442,
            47.0103578
          ],
          [
            9.8434308,
            47.0103586
          ],
          [
            9.8434364,
            47.0103736
          ],
          [
            9.8434383,
            47.0104039
          ],
          [
            9.8434276,
            47.0104342
          ],
          [
            9.8434195,
            47.0104645
          ],
          [
            9.843417,
            47.0104773
          ],
          [
            9.8433888,
            47.0104799
          ],
          [
            9.8433525,
            47.010482
          ],
          [
            9.8433193,
            47.010485
          ],
          [
            9.8433106,
            47.0104935
          ],
          [
            9.8433099,
            47.0105153
          ],
          [
            9.8433037,
            47.0105302
          ],
          [
            9.8432893,
            47.0105383
          ],
          [
            9.8432812,
            47.0105503
          ],
          [
            9.843278,
            47.0105627
          ],
          [
            9.8432855,
            47.0105678
          ],
          [
            9.8432999,
            47.0105772
          ],
          [
            9.843315,
            47.0105759
          ],
          [
            9.84332,
            47.0105861
          ],
          [
            9.8433306,
            47.010593
          ],
          [
            9.8433312,
            47.0106045
          ],
          [
            9.8433175,
            47.0106164
          ],
          [
            9.8432899,
            47.0106228
          ],
          [
            9.8432874,
            47.0106335
          ],
          [
            9.8432599,
            47.0106497
          ],
          [
            9.8432236,
            47.0106745
          ],
          [
            9.8432042,
            47.0106796
          ],
          [
            9.843181,
            47.0106843
          ],
          [
            9.8431691,
            47.0106728
          ],
          [
            9.8431685,
            47.0106621
          ],
          [
            9.8431585,
            47.0106553
          ],
          [
            9.8431491,
            47.0106634
          ],
          [
            9.8431491,
            47.0106715
          ],
          [
            9.8431284,
            47.0106877
          ],
          [
            9.8431078,
            47.0107018
          ],
          [
            9.8430965,
            47.0107116
          ],
          [
            9.8430858,
            47.0107159
          ],
          [
            9.8430802,
            47.0107253
          ],
          [
            9.8430821,
            47.0107389
          ],
          [
            9.8430959,
            47.0107475
          ],
          [
            9.8431134,
            47.0107475
          ],
          [
            9.8431178,
            47.0107535
          ],
          [
            9.8431009,
            47.0107637
          ],
          [
            9.8430858,
            47.0107769
          ],
          [
            9.8430771,
            47.0107983
          ],
          [
            9.8430577,
            47.0108064
          ],
          [
            9.8430527,
            47.0108166
          ],
          [
            9.8430339,
            47.0108277
          ],
          [
            9.843032,
            47.0108427
          ],
          [
            9.8430218,
            47.010856
          ],
          [
            9.8429382,
            47.0108544
          ],
          [
            9.8428665,
            47.0108723
          ],
          [
            9.8428259,
            47.0109016
          ],
          [
            9.8428021,
            47.0109227
          ],
          [
            9.8428212,
            47.0109472
          ],
          [
            9.8427997,
            47.0109846
          ],
          [
            9.842771,
            47.01104
          ],
          [
            9.8427662,
            47.0110742
          ],
          [
            9.8427328,
            47.0111035
          ],
          [
            9.8426731,
            47.0111312
          ],
          [
            9.8426015,
            47.0111214
          ],
          [
            9.8425704,
            47.0111556
          ],
          [
            9.8425274,
            47.0112028
          ],
          [
            9.8425442,
            47.011237
          ],
          [
            9.8425728,
            47.0112582
          ],
          [
            9.8425848,
            47.011281
          ],
          [
            9.8425513,
            47.0112924
          ],
          [
            9.8425012,
            47.0113347
          ],
          [
            9.8424319,
            47.0113656
          ],
          [
            9.8424224,
            47.0114096
          ],
          [
            9.84242,
            47.011447
          ],
          [
            9.842377,
            47.0114568
          ],
          [
            9.8423436,
            47.0114715
          ],
          [
            9.8422839,
            47.0115219
          ],
          [
            9.8422289,
            47.011535
          ],
          [
            9.8421525,
            47.0115496
          ],
          [
            9.8420881,
            47.0115675
          ],
          [
            9.8420355,
            47.0116115
          ],
          [
            9.8419734,
            47.0116652
          ],
          [
            9.8419472,
            47.0117108
          ],
          [
            9.8419185,
            47.0117059
          ],
          [
            9.841897,
            47.0116717
          ],
          [
            9.8418851,
            47.0116376
          ],
          [
            9.8418636,
            47.011605
          ],
          [
            9.8417776,
            47.0115854
          ],
          [
            9.8417012,
            47.0115806
          ],
          [
            9.8416821,
            47.0115985
          ],
          [
            9.8416797,
            47.0116392
          ]
        ]
      },
      "id": "way/45348185"
    },
    {
      "type": "Feature",
      "properties": {
        "@id": "way/69416992",
        "highway": "via_ferrata",
        "name": "Klettersteig Aletsch",
        "via_ferrata_scale": "3"
      },
      "geometry": {
        "type": "LineString",
        "coordinates": [
          [
            8.0005089,
            46.3715829
          ],
          [
            8.0003429,
            46.3716925
          ],
          [
            8.0003072,
            46.371704
          ],
          [
            8.0003064,
            46.3717548
          ],
          [
            8.0002682,
            46.3718136
          ],
          [
            8.0002707,
            46.3718345
          ],
          [
            8.0001344,
            46.3718759
          ],
          [
            8.0000735,
            46.3719165
          ],
          [
            8.0001865,
            46.371973
          ],
          [
            8.0002213,
            46.3720833
          ],
          [
            8.0003169,
            46.3721505
          ],
          [
            8.0003412,
            46.3721804
          ],
          [
            8.0004177,
            46.3722476
          ],
          [
            8.0004507,
            46.3722931
          ],
          [
            8.000482,
            46.3723699
          ],
          [
            8.0005219,
            46.3724034
          ],
          [
            8.0005184,
            46.3724394
          ],
          [
            8.0004854,
            46.3724574
          ],
          [
            8.0004541,
            46.3725521
          ],
          [
            8.0005845,
            46.372678
          ],
          [
            8.0006001,
            46.3727284
          ],
          [
            8.0006592,
            46.3727967
          ],
          [
            8.0006575,
            46.3728159
          ],
          [
            8.0007774,
            46.3732259
          ],
          [
            8.0007729,
            46.3732715
          ],
          [
            8.0007426,
            46.3733134
          ],
          [
            8.0007513,
            46.373347
          ],
          [
            8.0008246,
            46.373423
          ],
          [
            8.0008052,
            46.3734921
          ],
          [
            8.0008208,
            46.3735172
          ],
          [
            8.0009181,
            46.3735796
          ],
          [
            8.0009598,
            46.3736431
          ],
          [
            8.0010484,
            46.3737055
          ],
          [
            8.0010971,
            46.3737498
          ],
          [
            8.0012081,
            46.3737984
          ],
          [
            8.0012622,
            46.3738565
          ],
          [
            8.0012778,
            46.3738865
          ],
          [
            8.0014881,
            46.3739884
          ],
          [
            8.0015246,
            46.3740076
          ],
          [
            8.0015367,
            46.3740544
          ],
          [
            8.0015862,
            46.374097
          ],
          [
            8.0016009,
            46.3741006
          ],
          [
            8.0016103,
            46.3740855
          ],
          [
            8.0016218,
            46.3740958
          ],
          [
            8.0016286,
            46.3741102
          ],
          [
            8.0016549,
            46.3741263
          ],
          [
            8.0017105,
            46.3741443
          ],
          [
            8.0017557,
            46.3741814
          ],
          [
            8.0017487,
            46.3742354
          ],
          [
            8.0018147,
            46.3743133
          ],
          [
            8.0019555,
            46.3743889
          ],
          [
            8.0019807,
            46.3744325
          ],
          [
            8.002032,
            46.3745016
          ],
          [
            8.0020312,
            46.37455
          ],
          [
            8.0020388,
            46.3745645
          ],
          [
            8.0020215,
            46.3745843
          ],
          [
            8.0020424,
            46.3746175
          ],
          [
            8.0020294,
            46.3746305
          ],
          [
            8.0020406,
            46.374673
          ],
          [
            8.0021675,
            46.3747677
          ],
          [
            8.0021936,
            46.3748001
          ],
          [
            8.0021814,
            46.3748456
          ],
          [
            8.0022023,
            46.3748768
          ],
          [
            8.0021171,
            46.3749715
          ],
          [
            8.0021692,
            46.3750518
          ],
          [
            8.0021466,
            46.375119
          ],
          [
            8.0020684,
            46.3751669
          ],
          [
            8.0020702,
            46.3751957
          ],
          [
            8.0021217,
            46.3752676
          ],
          [
            8.0021119,
            46.3753144
          ],
          [
            8.0021154,
            46.3753731
          ],
          [
            8.0021414,
            46.3754547
          ],
          [
            8.0021223,
            46.3755398
          ],
          [
            8.0021414,
            46.3757328
          ],
          [
            8.0021414,
            46.375764
          ],
          [
            8.0021084,
            46.3758299
          ],
          [
            8.0021102,
            46.3758707
          ],
          [
            8.0020963,
            46.3759078
          ],
          [
            8.002091,
            46.3759426
          ],
          [
            8.0020615,
            46.375981
          ],
          [
            8.001992,
            46.3760853
          ],
          [
            8.0019677,
            46.37612
          ],
          [
            8.0019659,
            46.376174
          ],
          [
            8.0019209,
            46.3762629
          ],
          [
            8.0018885,
            46.3762878
          ],
          [
            8.0017645,
            46.3763091
          ],
          [
            8.0017534,
            46.3763508
          ],
          [
            8.0017659,
            46.3763627
          ],
          [
            8.0017225,
            46.3764081
          ],
          [
            8.0017218,
            46.3764671
          ],
          [
            8.0016766,
            46.3765996
          ],
          [
            8.0016601,
            46.3766997
          ],
          [
            8.0015671,
            46.3767722
          ],
          [
            8.0015089,
            46.3768759
          ],
          [
            8.0015081,
            46.3769155
          ],
          [
            8.0015359,
            46.3769628
          ],
          [
            8.0016255,
            46.3772547
          ],
          [
            8.0015697,
            46.3773518
          ],
          [
            8.0015298,
            46.3773872
          ],
          [
            8.0015263,
            46.3774154
          ],
          [
            8.0014924,
            46.377443
          ],
          [
            8.0014759,
            46.3775113
          ],
          [
            8.0014551,
            46.3775305
          ],
          [
            8.0014507,
            46.3775628
          ],
          [
            8.0014186,
            46.3775521
          ],
          [
            8.0013977,
            46.3775748
          ],
          [
            8.0013873,
            46.3776048
          ],
          [
            8.0013577,
            46.377627
          ],
          [
            8.001363,
            46.3777097
          ],
          [
            8.0013395,
            46.377781
          ],
          [
            8.0013301,
            46.3778458
          ],
          [
            8.0013447,
            46.3779872
          ],
          [
            8.0012769,
            46.3780933
          ],
          [
            8.0011188,
            46.378203
          ],
          [
            8.00089,
            46.3783101
          ],
          [
            8.0009077,
            46.3783846
          ],
          [
            8.0009094,
            46.378465
          ],
          [
            8.0009841,
            46.3787838
          ],
          [
            8.0009807,
            46.3788558
          ],
          [
            8.0009416,
            46.3789732
          ],
          [
            8.0009226,
            46.3790798
          ],
          [
            8.0009337,
            46.3791519
          ],
          [
            8.0009372,
            46.3792562
          ],
          [
            8.000965,
            46.3792999
          ],
          [
            8.000992,
            46.3793982
          ],
          [
            8.0009867,
            46.3795067
          ],
          [
            8.0010102,
            46.3795379
          ],
          [
            8.001025,
            46.3795906
          ],
          [
            8.0010519,
            46.37962
          ],
          [
            8.0010602,
            46.379653
          ],
          [
            8.0011696,
            46.3797246
          ],
          [
            8.0012926,
            46.3798316
          ],
          [
            8.0013451,
            46.3798466
          ],
          [
            8.0013716,
            46.3798846
          ],
          [
            8.0013716,
            46.3799147
          ],
          [
            8.0013942,
            46.3799335
          ],
          [
            8.0014524,
            46.3799455
          ],
          [
            8.0014881,
            46.3799724
          ],
          [
            8.0015281,
            46.3800522
          ],
          [
            8.0017713,
            46.3801756
          ],
          [
            8.001906,
            46.3802541
          ],
          [
            8.0019807,
            46.3802823
          ],
          [
            8.0020893,
            46.3803111
          ],
          [
            8.002277,
            46.3804316
          ],
          [
            8.0023404,
            46.3804609
          ],
          [
            8.0024664,
            46.3804459
          ],
          [
            8.0025925,
            46.3804556
          ],
          [
            8.002681,
            46.3804723
          ],
          [
            8.0029573,
            46.3806234
          ],
          [
            8.0030468,
            46.3806965
          ],
          [
            8.0030867,
            46.380748
          ],
          [
            8.0031719,
            46.3808236
          ],
          [
            8.0032058,
            46.3808841
          ],
          [
            8.0033057,
            46.3809974
          ],
          [
            8.0033586,
            46.3810251
          ],
          [
            8.0035125,
            46.3811694
          ],
          [
            8.0035707,
            46.3812605
          ],
          [
            8.0036154,
            46.381301
          ]
        ]
      },
      "id": "way/69416992"
    },
    {
      "type": "Feature",
      "properties": {
        "@id": "way/69416994",
        "bridge": "yes",
        "bridge:structure": "simple-suspension",
        "cable_number": "6",
        "foot": "yes",
        "highway": "via_ferrata",
        "layer": "1",
        "name": "Klettersteig Aletsch",
        "sac_scale": "mountain_hiking",
        "via_ferrata_scale": "4"
      },
      "geometry": {
        "type": "LineString",
        "coordinates": [
          [
            8.0036154,
            46.381301
          ],
          [
            8.0041114,
            46.3807486
          ]
        ]
      },
      "id": "way/69416994"
    },
    {
      "type": "Feature",
      "properties": {
        "@id": "way/71374200",
        "access:conditional": "yes @ (Jun-Sept; Oct 1-Oct Fr[1]; Fr[1]); no @ wet",
        "highway": "via_ferrata",
        "name": "Via Ferrata Dauberhorn",
        "sport": "via_ferrata",
        "toll": "no",
        "via_ferrata_scale": "4",
        "website": "https://www.viaferrata-leukerbad.ch/klettersteig-daubenhorn",
        "wheelchair": "no"
      },
      "geometry": {
        "type": "LineString",
        "coordinates": [
          [
            7.6145431,
            46.3928118
          ],
          [
            7.614366,
            46.3928748
          ],
          [
            7.6141824,
            46.3928929
          ],
          [
            7.6139623,
            46.39288
          ],
          [
            7.613866,
            46.3928811
          ],
          [
            7.6137319,
            46.3929458
          ],
          [
            7.6136971,
            46.3930032
          ],
          [
            7.6136391,
            46.3930409
          ],
          [
            7.6129675,
            46.393153
          ],
          [
            7.6126998,
            46.3931924
          ],
          [
            7.6125172,
            46.3931814
          ],
          [
            7.6120799,
            46.393227
          ],
          [
            7.6118077,
            46.3932237
          ],
          [
            7.6116183,
            46.3931012
          ],
          [
            7.611583,
            46.393023
          ],
          [
            7.611334,
            46.3928811
          ],
          [
            7.6112913,
            46.3927509
          ],
          [
            7.6111736,
            46.3924172
          ],
          [
            7.6112161,
            46.3922584
          ],
          [
            7.6112299,
            46.3920995
          ],
          [
            7.6113043,
            46.3918236
          ],
          [
            7.611264,
            46.3916183
          ],
          [
            7.611393,
            46.3913512
          ],
          [
            7.6113445,
            46.390956
          ],
          [
            7.6112586,
            46.39066
          ],
          [
            7.6113072,
            46.3903077
          ],
          [
            7.6113713,
            46.3900772
          ],
          [
            7.6113176,
            46.3899293
          ],
          [
            7.611208,
            46.389799
          ],
          [
            7.610859,
            46.3895519
          ],
          [
            7.6106578,
            46.3893484
          ],
          [
            7.6106474,
            46.3891811
          ],
          [
            7.6105216,
            46.3889391
          ],
          [
            7.6105263,
            46.3888335
          ],
          [
            7.6106206,
            46.3886408
          ],
          [
            7.6107793,
            46.388582
          ],
          [
            7.6107909,
            46.3885659
          ],
          [
            7.6107882,
            46.3885474
          ],
          [
            7.6107734,
            46.3885308
          ],
          [
            7.6105106,
            46.3884299
          ],
          [
            7.6103564,
            46.3883189
          ],
          [
            7.6103309,
            46.3882643
          ],
          [
            7.6103134,
            46.3881672
          ],
          [
            7.6102732,
            46.3880941
          ],
          [
            7.6102611,
            46.3880368
          ],
          [
            7.610229,
            46.3879813
          ],
          [
            7.6100975,
            46.3878675
          ],
          [
            7.61006,
            46.3877741
          ],
          [
            7.6099648,
            46.3877139
          ],
          [
            7.6097931,
            46.3875299
          ],
          [
            7.6097918,
            46.3874762
          ],
          [
            7.6097569,
            46.3874031
          ],
          [
            7.6097193,
            46.3873735
          ],
          [
            7.6096201,
            46.3873328
          ],
          [
            7.6095799,
            46.3873069
          ],
          [
            7.6095262,
            46.387244
          ],
          [
            7.6095262,
            46.3871682
          ],
          [
            7.6095423,
            46.387133
          ],
          [
            7.609596,
            46.3870664
          ],
          [
            7.609942,
            46.3868037
          ],
          [
            7.6100305,
            46.3867334
          ],
          [
            7.6100881,
            46.3866908
          ],
          [
            7.6101968,
            46.3866964
          ],
          [
            7.6101941,
            46.386652
          ],
          [
            7.6101539,
            46.3865817
          ],
          [
            7.6100627,
            46.3865409
          ],
          [
            7.6099741,
            46.3864429
          ],
          [
            7.6097703,
            46.3864077
          ],
          [
            7.609781,
            46.3863707
          ],
          [
            7.6098642,
            46.3863245
          ],
          [
            7.6099473,
            46.3861968
          ],
          [
            7.6099339,
            46.3859507
          ],
          [
            7.6099607,
            46.3857546
          ],
          [
            7.6099956,
            46.3856806
          ],
          [
            7.6100734,
            46.3855844
          ],
          [
            7.6101056,
            46.3855123
          ],
          [
            7.610068,
            46.3854845
          ],
          [
            7.610009,
            46.3854826
          ],
          [
            7.6098655,
            46.385453
          ],
          [
            7.6098213,
            46.3854697
          ],
          [
            7.6098151,
            46.3855757
          ],
          [
            7.6095235,
            46.3854882
          ],
          [
            7.6093277,
            46.3854937
          ],
          [
            7.6092406,
            46.3855437
          ],
          [
            7.6091081,
            46.3855709
          ],
          [
            7.6090541,
            46.3856085
          ],
          [
            7.6089925,
            46.3856917
          ],
          [
            7.6089013,
            46.3857454
          ],
          [
            7.6087041,
            46.385765
          ],
          [
            7.6082978,
            46.3857361
          ],
          [
            7.608102,
            46.3856381
          ],
          [
            7.6075906,
            46.3850409
          ]
        ]
      },
      "id": "way/71374200"
    },
    {
      "type": "Feature",
      "properties": {
        "@id": "way/76351990",
        "highway": "via_ferrata",
        "name": "Sulzfluh Klettersteig",
        "oneway": "yes",
        "sac_scale": "difficult_alpine_hiking",
        "via_ferrata_scale": "4"
      },
      "geometry": {
        "type": "LineString",
        "coordinates": [
          [
            9.8416534,
            47.0116066
          ],
          [
            9.8416415,
            47.011631
          ],
          [
            9.8415937,
            47.0116066
          ],
          [
            9.8415245,
            47.0116001
          ],
          [
            9.8415102,
            47.0115757
          ],
          [
            9.8414576,
            47.0115627
          ],
          [
            9.8414123,
            47.0115692
          ],
          [
            9.8414075,
            47.0115887
          ],
          [
            9.8413573,
            47.0115838
          ],
          [
            9.8412857,
            47.0115692
          ],
          [
            9.8412379,
            47.0115757
          ],
          [
            9.8411759,
            47.0115659
          ],
          [
            9.841183,
            47.0116017
          ],
          [
            9.8411424,
            47.0116294
          ],
          [
            9.8411233,
            47.0116669
          ],
          [
            9.8411233,
            47.0117059
          ],
          [
            9.8411353,
            47.0117613
          ],
          [
            9.8410779,
            47.0117906
          ],
          [
            9.8410851,
            47.0118053
          ],
          [
            9.8410684,
            47.0118297
          ],
          [
            9.8409848,
            47.0118395
          ],
          [
            9.8409538,
            47.011859
          ],
          [
            9.8409418,
            47.0118818
          ],
          [
            9.8409466,
            47.0119095
          ],
          [
            9.8409251,
            47.0119469
          ],
          [
            9.8409132,
            47.011973
          ],
          [
            9.8408869,
            47.0119371
          ],
          [
            9.8408487,
            47.0119192
          ],
          [
            9.8408439,
            47.0119485
          ],
          [
            9.8408463,
            47.0119713
          ],
          [
            9.8408344,
            47.0120202
          ],
          [
            9.8407938,
            47.0120576
          ],
          [
            9.8407699,
            47.0120788
          ],
          [
            9.8407293,
            47.0121016
          ],
          [
            9.8406648,
            47.0121032
          ],
          [
            9.8406025,
            47.0121671
          ],
          [
            9.8405209,
            47.0121512
          ],
          [
            9.8404568,
            47.0121751
          ],
          [
            9.8403285,
            47.0121791
          ],
          [
            9.8403227,
            47.0122387
          ],
          [
            9.8402824,
            47.0122704
          ],
          [
            9.8403248,
            47.0123158
          ]
        ]
      },
      "id": "way/76351990"
    },
    {
      "type": "Feature",
      "properties": {
        "@id": "way/76351991",
        "bridge": "yes",
        "highway": "via_ferrata",
        "name": "Sulzfluh Klettersteig",
        "oneway": "yes",
        "sac_scale": "difficult_alpine_hiking"
      },
      "geometry": {
        "type": "LineString",
        "coordinates": [
          [
            9.8416797,
            47.0116392
          ],
          [
            9.8416534,
            47.0116066
          ]
        ]
      },
      "id": "way/76351991"
    },
    {
      "type": "Feature",
      "properties": {
        "@id": "way/80143116",
        "highway": "via_ferrata",
        "note": "mittelschwere Variante",
        "sac_scale": "difficult_alpine_hiking",
        "trail_visibility": "good",
        "via_ferrata_scale": "3"
      },
      "geometry": {
        "type": "LineString",
        "coordinates": [
          [
            9.9681178,
            46.4064909
          ],
          [
            9.9682346,
            46.4065184
          ],
          [
            9.9683292,
            46.4065916
          ],
          [
            9.9684419,
            46.406605
          ],
          [
            9.9685508,
            46.4065746
          ],
          [
            9.9686415,
            46.4066479
          ],
          [
            9.9687024,
            46.4066086
          ],
          [
            9.9688034,
            46.4066318
          ],
          [
            9.9690224,
            46.4066086
          ],
          [
            9.9691649,
            46.4065514
          ],
          [
            9.969244,
            46.4066104
          ],
          [
            9.9693204,
            46.4065818
          ],
          [
            9.9694137,
            46.4066023
          ],
          [
            9.9694772,
            46.406597
          ],
          [
            9.9694915,
            46.4065603
          ],
          [
            9.9694669,
            46.4064865
          ],
          [
            9.9694189,
            46.4063799
          ],
          [
            9.9693645,
            46.4061324
          ],
          [
            9.9694422,
            46.4060689
          ],
          [
            9.9696282,
            46.4059626
          ],
          [
            9.969682,
            46.4059644
          ]
        ]
      },
      "id": "way/80143116"
    },
    {
      "type": "Feature",
      "properties": {
        "@id": "way/119226275",
        "fixme": "Oberen (Adlerhorst) + unteren (Gemstritt) Teil sauber trennen (Start- u Endpunkte)",
        "highway": "via_ferrata",
        "name": "KS Rigidalstockgrat",
        "note": "Klettersteig, tagging not yet clear, see http://wiki.openstreetmap.org/wiki/Talk:Proposed_features/via_ferrata",
        "sac_scale": "demanding_alpine_hiking",
        "via_ferrata_scale": "3"
      },
      "geometry": {
        "type": "LineString",
        "coordinates": [
          [
            8.4189669,
            46.8509155
          ],
          [
            8.418941,
            46.8510494
          ],
          [
            8.4189253,
            46.8510884
          ],
          [
            8.4189445,
            46.8512369
          ],
          [
            8.4189472,
            46.8513068
          ],
          [
            8.4189199,
            46.8513207
          ],
          [
            8.4188584,
            46.8513805
          ],
          [
            8.4188765,
            46.8514372
          ],
          [
            8.4189199,
            46.8515161
          ],
          [
            8.4188155,
            46.8515503
          ],
          [
            8.4188027,
            46.8515996
          ],
          [
            8.4189079,
            46.8516653
          ],
          [
            8.4188782,
            46.8517855
          ],
          [
            8.4187996,
            46.8519754
          ]
        ]
      },
      "id": "way/119226275"
    },
    {
      "type": "Feature",
      "properties": {
        "@id": "way/150786560",
        "bicycle": "no",
        "highway": "via_ferrata",
        "horse": "no"
      },
      "geometry": {
        "type": "LineString",
        "coordinates": [
          [
            7.5618988,
            46.4518277
          ],
          [
            7.5620309,
            46.4518829
          ],
          [
            7.5621346,
            46.4519149
          ],
          [
            7.5621797,
            46.4519505
          ]
        ]
      },
      "id": "way/150786560"
    },
    {
      "type": "Feature",
      "properties": {
        "@id": "way/151091621",
        "access": "no",
        "bicycle": "no",
        "foot": "yes",
        "highway": "via_ferrata",
        "horse": "no",
        "name": "Klettersteig Braunwald / Eggstöcke Teil1",
        "oneway": "yes",
        "sac_scale": "demanding_alpine_hiking",
        "trail_visibility": "excellent",
        "via_ferrata_scale": "3"
      },
      "geometry": {
        "type": "LineString",
        "coordinates": [
          [
            8.9817757,
            46.9602059
          ],
          [
            8.9817673,
            46.9602768
          ],
          [
            8.9815249,
            46.9602931
          ],
          [
            8.9813808,
            46.9602764
          ],
          [
            8.981319,
            46.9603476
          ],
          [
            8.9807115,
            46.9603445
          ],
          [
            8.9801005,
            46.960478
          ],
          [
            8.9800174,
            46.9604634
          ],
          [
            8.9796583,
            46.9605785
          ],
          [
            8.9795507,
            46.9605494
          ],
          [
            8.9794783,
            46.9605512
          ],
          [
            8.9793898,
            46.9605988
          ],
          [
            8.9792621,
            46.9605804
          ],
          [
            8.9790813,
            46.9606776
          ],
          [
            8.9789472,
            46.9606684
          ],
          [
            8.9787729,
            46.960694
          ],
          [
            8.978459,
            46.9607068
          ],
          [
            8.9781559,
            46.9608368
          ],
          [
            8.977928,
            46.9607929
          ],
          [
            8.9778448,
            46.9608716
          ],
          [
            8.9777509,
            46.960835
          ],
          [
            8.9775268,
            46.9608427
          ],
          [
            8.9774157,
            46.9608258
          ],
          [
            8.9772252,
            46.9608661
          ],
          [
            8.9771662,
            46.960802
          ],
          [
            8.9769037,
            46.9608166
          ],
          [
            8.9765201,
            46.9609172
          ],
          [
            8.9762975,
            46.9609978
          ],
          [
            8.9759773,
            46.9608993
          ],
          [
            8.9759166,
            46.960888
          ],
          [
            8.9757664,
            46.960952
          ],
          [
            8.9755867,
            46.9609593
          ],
          [
            8.9753131,
            46.9608971
          ],
          [
            8.9748428,
            46.9608821
          ],
          [
            8.9745832,
            46.9608368
          ],
          [
            8.974208,
            46.960832
          ],
          [
            8.973674,
            46.9606556
          ],
          [
            8.9736257,
            46.9606904
          ],
          [
            8.9734379,
            46.9606519
          ],
          [
            8.9731992,
            46.9604689
          ],
          [
            8.9729336,
            46.9604521
          ],
          [
            8.9728833,
            46.9604007
          ],
          [
            8.9728884,
            46.9603411
          ],
          [
            8.9729846,
            46.9603855
          ],
          [
            8.9728774,
            46.9602785
          ],
          [
            8.9729018,
            46.9602289
          ],
          [
            8.9731422,
            46.9600732
          ]
        ]
      },
      "id": "way/151091621"
    },
    {
      "type": "Feature",
      "properties": {
        "@id": "way/151091623",
        "access": "no",
        "bicycle": "no",
        "foot": "yes",
        "highway": "via_ferrata",
        "horse": "no",
        "name": "Klettersteig Braunwald / Eggstöcke Teil2",
        "sac_scale": "demanding_alpine_hiking",
        "trail_visibility": "excellent",
        "via_ferrata_scale": "5"
      },
      "geometry": {
        "type": "LineString",
        "coordinates": [
          [
            8.9731422,
            46.9600732
          ],
          [
            8.9719884,
            46.9601361
          ],
          [
            8.971903,
            46.9601163
          ],
          [
            8.9718711,
            46.9600635
          ],
          [
            8.9718827,
            46.9600121
          ],
          [
            8.9719301,
            46.9599672
          ],
          [
            8.9719272,
            46.9599316
          ],
          [
            8.9717483,
            46.9598476
          ]
        ]
      },
      "id": "way/151091623"
    },
    {
      "type": "Feature",
      "properties": {
        "@id": "way/151091695",
        "highway": "via_ferrata",
        "name": "Klettersteig Braunwald / Eggstöcke Abstieg",
        "sac_scale": "demanding_alpine_hiking",
        "trail_visibility": "excellent"
      },
      "geometry": {
        "type": "LineString",
        "coordinates": [
          [
            8.9717483,
            46.9598476
          ],
          [
            8.9715218,
            46.95987
          ],
          [
            8.9712972,
            46.9598669
          ],
          [
            8.9712319,
            46.9598306
          ],
          [
            8.9711758,
            46.959695
          ],
          [
            8.971109,
            46.9596442
          ],
          [
            8.9705339,
            46.9594971
          ],
          [
            8.9701757,
            46.9593501
          ],
          [
            8.9700422,
            46.9593252
          ],
          [
            8.9698274,
            46.9593063
          ],
          [
            8.9696822,
            46.9593083
          ],
          [
            8.9695631,
            46.95932
          ],
          [
            8.969463,
            46.959298
          ],
          [
            8.9694889,
            46.9592711
          ],
          [
            8.9694706,
            46.9592534
          ],
          [
            8.9694681,
            46.959235
          ],
          [
            8.9694941,
            46.9591909
          ],
          [
            8.9694813,
            46.9591725
          ],
          [
            8.9694214,
            46.9591312
          ],
          [
            8.9694236,
            46.9591156
          ],
          [
            8.969486,
            46.9590945
          ],
          [
            8.9695775,
            46.9590587
          ],
          [
            8.9696409,
            46.9590255
          ],
          [
            8.9697449,
            46.9590205
          ],
          [
            8.9697825,
            46.9589374
          ],
          [
            8.9697906,
            46.9588987
          ],
          [
            8.9696947,
            46.9588906
          ],
          [
            8.969604,
            46.958873
          ],
          [
            8.9694838,
            46.9588765
          ],
          [
            8.9692825,
            46.9588489
          ],
          [
            8.969197,
            46.9588358
          ],
          [
            8.9688785,
            46.9588373
          ],
          [
            8.9687465,
            46.9588443
          ],
          [
            8.9686388,
            46.9588292
          ],
          [
            8.9685599,
            46.9588167
          ],
          [
            8.96847,
            46.9588162
          ]
        ]
      },
      "id": "way/151091695"
    },
    {
      "type": "Feature",
      "properties": {
        "@id": "way/178510989",
        "bicycle": "no",
        "foot": "yes",
        "highway": "via_ferrata",
        "horse": "no",
        "name": "Klettersteig Jochpass-Graustock",
        "note": "Klettersteig Graustock",
        "sac_scale": "alpine_hiking",
        "surface": "ground",
        "trail_visibility": "excellent",
        "via_ferrata_scale": "4"
      },
      "geometry": {
        "type": "LineString",
        "coordinates": [
          [
            8.3865363,
            46.7783661
          ],
          [
            8.3861845,
            46.7784659
          ],
          [
            8.3856886,
            46.7785772
          ],
          [
            8.3855689,
            46.7787352
          ],
          [
            8.3853572,
            46.7788402
          ],
          [
            8.3848983,
            46.7789978
          ],
          [
            8.3845837,
            46.7789768
          ],
          [
            8.3843602,
            46.7791321
          ],
          [
            8.3843024,
            46.7791878
          ],
          [
            8.3842379,
            46.7792171
          ],
          [
            8.3842484,
            46.7792254
          ],
          [
            8.3842311,
            46.779237
          ],
          [
            8.3841147,
            46.7792671
          ],
          [
            8.3840657,
            46.7792958
          ],
          [
            8.3840427,
            46.7792966
          ],
          [
            8.383988,
            46.7793378
          ],
          [
            8.3839941,
            46.7793668
          ],
          [
            8.3839461,
            46.7793844
          ],
          [
            8.3839909,
            46.7794106
          ],
          [
            8.3839594,
            46.7794204
          ],
          [
            8.3839534,
            46.7794364
          ],
          [
            8.3839244,
            46.7794531
          ],
          [
            8.3838894,
            46.7794735
          ],
          [
            8.3838912,
            46.7794953
          ],
          [
            8.3838388,
            46.779501
          ],
          [
            8.3838242,
            46.7795106
          ],
          [
            8.3838588,
            46.7795237
          ],
          [
            8.3838171,
            46.7795466
          ],
          [
            8.383782,
            46.7795686
          ],
          [
            8.3837524,
            46.77961
          ],
          [
            8.3837347,
            46.7796298
          ],
          [
            8.3835724,
            46.7796896
          ],
          [
            8.3833722,
            46.7797305
          ],
          [
            8.3832979,
            46.7797538
          ],
          [
            8.3830873,
            46.7797681
          ],
          [
            8.3829653,
            46.7798047
          ],
          [
            8.3828962,
            46.7798388
          ],
          [
            8.3828596,
            46.7798714
          ],
          [
            8.3827752,
            46.7799056
          ],
          [
            8.3826177,
            46.779937
          ],
          [
            8.3825903,
            46.7799578
          ],
          [
            8.3824716,
            46.779994
          ],
          [
            8.3823793,
            46.7799988
          ],
          [
            8.3823668,
            46.7800436
          ],
          [
            8.3823912,
            46.7800864
          ],
          [
            8.3823247,
            46.7801464
          ],
          [
            8.3822862,
            46.7801895
          ],
          [
            8.3823311,
            46.780383
          ],
          [
            8.3823789,
            46.7804272
          ],
          [
            8.3823518,
            46.7804668
          ],
          [
            8.3823551,
            46.7804957
          ],
          [
            8.3823276,
            46.7805159
          ],
          [
            8.3823109,
            46.7805614
          ],
          [
            8.3822727,
            46.7805714
          ],
          [
            8.3821861,
            46.780666
          ],
          [
            8.3821761,
            46.7807124
          ],
          [
            8.3821931,
            46.7807502
          ],
          [
            8.3821298,
            46.7808415
          ],
          [
            8.3821187,
            46.7809374
          ],
          [
            8.3820038,
            46.7809967
          ],
          [
            8.3819608,
            46.7810417
          ],
          [
            8.3819535,
            46.7810669
          ],
          [
            8.3819253,
            46.7810766
          ],
          [
            8.3819682,
            46.7810968
          ],
          [
            8.3819226,
            46.7811046
          ],
          [
            8.3819454,
            46.7811197
          ],
          [
            8.3818871,
            46.7811413
          ],
          [
            8.3818267,
            46.7811598
          ],
          [
            8.381786,
            46.7811755
          ],
          [
            8.38174,
            46.7812264
          ],
          [
            8.3816002,
            46.7814433
          ],
          [
            8.3816002,
            46.7815463
          ],
          [
            8.3814357,
            46.7815936
          ],
          [
            8.381218,
            46.7817887
          ],
          [
            8.3811313,
            46.7818238
          ],
          [
            8.3810853,
            46.7818771
          ],
          [
            8.3812109,
            46.7818953
          ],
          [
            8.3810375,
            46.7819353
          ],
          [
            8.3808322,
            46.7819583
          ],
          [
            8.380604,
            46.7819789
          ],
          [
            8.3805633,
            46.7820092
          ],
          [
            8.3806287,
            46.7820468
          ],
          [
            8.3810148,
            46.7820709
          ],
          [
            8.3809603,
            46.782119
          ],
          [
            8.3806964,
            46.7822152
          ],
          [
            8.3806232,
            46.7822791
          ],
          [
            8.380464,
            46.7823409
          ],
          [
            8.3804683,
            46.7823616
          ],
          [
            8.3803851,
            46.7824834
          ],
          [
            8.3802474,
            46.7825059
          ],
          [
            8.3802546,
            46.7825315
          ],
          [
            8.3802245,
            46.7825511
          ],
          [
            8.38018,
            46.7826366
          ],
          [
            8.3800639,
            46.7826493
          ],
          [
            8.3799319,
            46.7826503
          ],
          [
            8.3798616,
            46.7827446
          ],
          [
            8.379886,
            46.782777
          ],
          [
            8.3798502,
            46.7828084
          ],
          [
            8.3798688,
            46.7828634
          ],
          [
            8.3798315,
            46.7828968
          ],
          [
            8.3798846,
            46.7829086
          ],
          [
            8.379919,
            46.782996
          ],
          [
            8.3798846,
            46.7830432
          ],
          [
            8.3798358,
            46.7830638
          ],
          [
            8.3797598,
            46.7830716
          ],
          [
            8.3795819,
            46.7831591
          ],
          [
            8.3795031,
            46.7832072
          ],
          [
            8.3794342,
            46.7832484
          ],
          [
            8.3792721,
            46.7833545
          ],
          [
            8.3792234,
            46.7833388
          ],
          [
            8.37909,
            46.7833732
          ],
          [
            8.3789394,
            46.7835833
          ],
          [
            8.3789294,
            46.78371
          ],
          [
            8.3787357,
            46.7840675
          ],
          [
            8.3785292,
            46.7845438
          ],
          [
            8.3784274,
            46.7848836
          ],
          [
            8.3780172,
            46.7850594
          ],
          [
            8.3774922,
            46.7852716
          ],
          [
            8.3773187,
            46.7853688
          ],
          [
            8.3771954,
            46.7854041
          ],
          [
            8.3769601,
            46.7855799
          ],
          [
            8.3766819,
            46.7857331
          ],
          [
            8.3761742,
            46.7859119
          ],
          [
            8.3756923,
            46.786125
          ],
          [
            8.3755385,
            46.7861365
          ]
        ]
      },
      "id": "way/178510989"
    },
    {
      "type": "Feature",
      "properties": {
        "@id": "way/180171708",
        "highway": "via_ferrata",
        "incline": "up",
        "name": "Tierbergli-Klettersteig",
        "via_ferrata_scale": "3"
      },
      "geometry": {
        "type": "LineString",
        "coordinates": [
          [
            8.4157631,
            46.7120837
          ],
          [
            8.4156373,
            46.7119084
          ],
          [
            8.4154118,
            46.7117997
          ],
          [
            8.4150189,
            46.7115145
          ],
          [
            8.4148724,
            46.7111997
          ],
          [
            8.4147736,
            46.7110293
          ],
          [
            8.4146399,
            46.7108804
          ],
          [
            8.4144266,
            46.7106552
          ],
          [
            8.4142709,
            46.710529
          ],
          [
            8.4140897,
            46.7103856
          ],
          [
            8.4139995,
            46.7102463
          ],
          [
            8.4137973,
            46.7101594
          ],
          [
            8.4136946,
            46.7100208
          ],
          [
            8.413724,
            46.7098395
          ],
          [
            8.4134907,
            46.7095687
          ],
          [
            8.4134044,
            46.709398
          ],
          [
            8.4133439,
            46.7092561
          ],
          [
            8.4132869,
            46.7091106
          ],
          [
            8.4131601,
            46.7089339
          ],
          [
            8.4130956,
            46.7087562
          ],
          [
            8.4130526,
            46.7084265
          ],
          [
            8.4129808,
            46.7083061
          ],
          [
            8.4130463,
            46.7082871
          ],
          [
            8.4130677,
            46.7083404
          ],
          [
            8.4130999,
            46.7083809
          ],
          [
            8.413057,
            46.7081896
          ],
          [
            8.4131697,
            46.708265
          ],
          [
            8.41327,
            46.7083012
          ],
          [
            8.4132475,
            46.7081721
          ],
          [
            8.4134513,
            46.7081823
          ],
          [
            8.4136593,
            46.7082253
          ],
          [
            8.4137772,
            46.7082236
          ],
          [
            8.4139847,
            46.7082079
          ],
          [
            8.4142141,
            46.7082012
          ],
          [
            8.4143069,
            46.7081593
          ],
          [
            8.4144033,
            46.7082058
          ],
          [
            8.4145979,
            46.7081766
          ],
          [
            8.4148246,
            46.7081206
          ],
          [
            8.4150534,
            46.7080491
          ],
          [
            8.4151319,
            46.7080274
          ],
          [
            8.4151758,
            46.7079915
          ],
          [
            8.4152193,
            46.7079128
          ],
          [
            8.4153329,
            46.7078549
          ],
          [
            8.4152591,
            46.7077243
          ],
          [
            8.415412,
            46.7076627
          ],
          [
            8.4155034,
            46.7075907
          ],
          [
            8.4156158,
            46.7074742
          ],
          [
            8.4157037,
            46.707439
          ],
          [
            8.4158532,
            46.707339
          ],
          [
            8.4159082,
            46.7072488
          ],
          [
            8.4161094,
            46.7071366
          ],
          [
            8.4162301,
            46.7070796
          ],
          [
            8.4161902,
            46.7070004
          ],
          [
            8.4162274,
            46.7069408
          ],
          [
            8.4161,
            46.7068782
          ],
          [
            8.4161724,
            46.7067789
          ],
          [
            8.4161956,
            46.706671
          ],
          [
            8.4161456,
            46.7066143
          ],
          [
            8.4162395,
            46.706537
          ],
          [
            8.41621,
            46.7064966
          ],
          [
            8.4164416,
            46.7063677
          ],
          [
            8.4164259,
            46.7062814
          ],
          [
            8.416627,
            46.7062979
          ],
          [
            8.4165814,
            46.7060993
          ],
          [
            8.416513,
            46.7059485
          ],
          [
            8.4165241,
            46.7058442
          ],
          [
            8.4165801,
            46.7057415
          ],
          [
            8.4166579,
            46.7056468
          ],
          [
            8.4165948,
            46.7055392
          ],
          [
            8.4164876,
            46.7054859
          ],
          [
            8.4164809,
            46.7054261
          ],
          [
            8.4165097,
            46.7053747
          ],
          [
            8.4165653,
            46.7051594
          ],
          [
            8.4167477,
            46.7049617
          ],
          [
            8.4168953,
            46.7048614
          ],
          [
            8.4169627,
            46.7047624
          ],
          [
            8.4170629,
            46.7045515
          ],
          [
            8.4172104,
            46.7044513
          ],
          [
            8.4172998,
            46.704303
          ],
          [
            8.4173044,
            46.7041584
          ],
          [
            8.417319,
            46.703904
          ],
          [
            8.4171447,
            46.7035776
          ],
          [
            8.4169932,
            46.7034046
          ],
          [
            8.4169757,
            46.7033173
          ],
          [
            8.4170298,
            46.7032298
          ],
          [
            8.4167491,
            46.7030156
          ],
          [
            8.4166378,
            46.7028372
          ],
          [
            8.4165011,
            46.7027898
          ],
          [
            8.4161831,
            46.70261
          ],
          [
            8.4158224,
            46.7024629
          ],
          [
            8.4150653,
            46.7021889
          ]
        ]
      },
      "id": "way/180171708"
    },
    {
      "type": "Feature",
      "properties": {
        "@id": "way/182235084",
        "highway": "via_ferrata",
        "name": "Klettersteig Gantrisch",
        "oneway": "yes",
        "overhang": "yes",
        "via_ferrata_scale": "4"
      },
      "geometry": {
        "type": "LineString",
        "coordinates": [
          [
            7.4552169,
            46.7060995
          ],
          [
            7.4551727,
            46.7060237
          ],
          [
            7.455134,
            46.7059139
          ],
          [
            7.4550346,
            46.7058911
          ],
          [
            7.4548523,
            46.7058684
          ],
          [
            7.4546976,
            46.7058002
          ],
          [
            7.4546258,
            46.7054631
          ],
          [
            7.4544711,
            46.7053267
          ],
          [
            7.4542833,
            46.7052244
          ],
          [
            7.4541562,
            46.7052358
          ],
          [
            7.4541728,
            46.7051638
          ],
          [
            7.4540513,
            46.7051751
          ],
          [
            7.4539573,
            46.7051941
          ],
          [
            7.4538528,
            46.7051602
          ],
          [
            7.4537169,
            46.7051546
          ],
          [
            7.4536944,
            46.7051734
          ],
          [
            7.4536869,
            46.7052271
          ],
          [
            7.453637,
            46.705249
          ]
        ]
      },
      "id": "way/182235084"
    },
    {
      "type": "Feature",
      "properties": {
        "@id": "way/184129357",
        "highway": "via_ferrata",
        "name": "Klettersteig Aletsch",
        "oneway": "yes",
        "via_ferrata_scale": "4"
      },
      "geometry": {
        "type": "LineString",
        "coordinates": [
          [
            8.0041114,
            46.3807486
          ],
          [
            8.0037898,
            46.3804541
          ],
          [
            8.0037452,
            46.3803761
          ],
          [
            8.0036706,
            46.380238
          ],
          [
            8.0035941,
            46.3801361
          ],
          [
            8.003582,
            46.3801097
          ],
          [
            8.0036028,
            46.3800581
          ],
          [
            8.0035611,
            46.3799347
          ],
          [
            8.0035109,
            46.3798961
          ],
          [
            8.003469,
            46.3798975
          ],
          [
            8.0034134,
            46.3798723
          ],
          [
            8.0033196,
            46.3797716
          ],
          [
            8.0033248,
            46.3796817
          ],
          [
            8.0032967,
            46.3793824
          ],
          [
            8.0032071,
            46.3792684
          ],
          [
            8.0030852,
            46.3791862
          ],
          [
            8.0029464,
            46.3791416
          ],
          [
            8.0028326,
            46.3791429
          ],
          [
            8.002732,
            46.3791045
          ],
          [
            8.0027087,
            46.3789938
          ],
          [
            8.0027622,
            46.3788699
          ],
          [
            8.0029296,
            46.3787402
          ],
          [
            8.0029356,
            46.3787123
          ],
          [
            8.0029967,
            46.3786558
          ],
          [
            8.0031006,
            46.3785872
          ],
          [
            8.0033461,
            46.3782978
          ],
          [
            8.0034083,
            46.378174
          ],
          [
            8.0034829,
            46.3781197
          ],
          [
            8.0035298,
            46.3780574
          ],
          [
            8.0036341,
            46.3779591
          ],
          [
            8.003714,
            46.3778596
          ],
          [
            8.003754,
            46.377826
          ],
          [
            8.0038481,
            46.3775673
          ],
          [
            8.0039445,
            46.3774896
          ],
          [
            8.0039173,
            46.3774637
          ],
          [
            8.0039104,
            46.3774016
          ],
          [
            8.0039137,
            46.3771808
          ],
          [
            8.0039782,
            46.3770767
          ],
          [
            8.0041161,
            46.3767761
          ],
          [
            8.0040997,
            46.3766901
          ],
          [
            8.0040353,
            46.3766189
          ],
          [
            8.0039998,
            46.3765538
          ],
          [
            8.0039886,
            46.3764677
          ],
          [
            8.0039973,
            46.3764032
          ],
          [
            8.0040303,
            46.3763538
          ],
          [
            8.0039973,
            46.376223
          ],
          [
            8.0040303,
            46.3761812
          ],
          [
            8.0040405,
            46.3761433
          ],
          [
            8.0040876,
            46.3761045
          ],
          [
            8.0041117,
            46.3760383
          ],
          [
            8.0042344,
            46.3759627
          ],
          [
            8.0043144,
            46.375889
          ],
          [
            8.0045216,
            46.3758136
          ],
          [
            8.0044933,
            46.37577
          ],
          [
            8.0044926,
            46.375721
          ],
          [
            8.0046371,
            46.3756194
          ],
          [
            8.0046565,
            46.3755729
          ],
          [
            8.004708,
            46.375535
          ],
          [
            8.0048536,
            46.3754751
          ],
          [
            8.0048963,
            46.3753975
          ],
          [
            8.0049547,
            46.3753576
          ],
          [
            8.0050167,
            46.3752133
          ],
          [
            8.0050086,
            46.3751645
          ],
          [
            8.0050298,
            46.3751272
          ],
          [
            8.0049912,
            46.3750434
          ],
          [
            8.004913,
            46.3749523
          ],
          [
            8.004913,
            46.374878
          ],
          [
            8.0049617,
            46.3748049
          ],
          [
            8.0049704,
            46.3747533
          ],
          [
            8.0049269,
            46.3746874
          ],
          [
            8.0048053,
            46.3746538
          ],
          [
            8.0047775,
            46.3746214
          ],
          [
            8.0047743,
            46.3745862
          ],
          [
            8.004847,
            46.3745555
          ],
          [
            8.0049704,
            46.3744296
          ],
          [
            8.0050416,
            46.3743937
          ],
          [
            8.0050364,
            46.3743097
          ],
          [
            8.005132,
            46.3741395
          ],
          [
            8.0051337,
            46.3741059
          ],
          [
            8.0050677,
            46.3739549
          ],
          [
            8.0050625,
            46.3738949
          ],
          [
            8.005009,
            46.373859
          ],
          [
            8.0049895,
            46.373763
          ],
          [
            8.004946,
            46.3736947
          ],
          [
            8.0049356,
            46.3735184
          ],
          [
            8.0043788,
            46.3732725
          ],
          [
            8.0043642,
            46.3731563
          ],
          [
            8.0043752,
            46.3730441
          ],
          [
            8.00442,
            46.3729058
          ],
          [
            8.0043054,
            46.3727849
          ],
          [
            8.004097,
            46.3726762
          ],
          [
            8.0040746,
            46.3726626
          ],
          [
            8.0040478,
            46.3726287
          ],
          [
            8.0040514,
            46.3725972
          ],
          [
            8.0041082,
            46.372577
          ]
        ]
      },
      "id": "way/184129357"
    },
    {
      "type": "Feature",
      "properties": {
        "@id": "way/232392511",
        "access:conditional": "yes @ (Jun-Sept;Oct 1-Oct Fr[1];Fr[1]); no @ wet",
        "highway": "via_ferrata",
        "name": "Kleiner Klettersteig Daubenhorn",
        "toll": "no",
        "via_ferrata_scale": "4",
        "website": "https://www.viaferrata-leukerbad.ch/klettersteig-daubenhorn"
      },
      "geometry": {
        "type": "LineString",
        "coordinates": [
          [
            7.6075906,
            46.3850409
          ],
          [
            7.6075789,
            46.3849655
          ],
          [
            7.6076782,
            46.3848277
          ],
          [
            7.6076098,
            46.3847944
          ],
          [
            7.6074421,
            46.3847944
          ],
          [
            7.6074395,
            46.3847324
          ],
          [
            7.6073389,
            46.3845955
          ],
          [
            7.6074971,
            46.3845131
          ],
          [
            7.6076071,
            46.3842883
          ],
          [
            7.6077037,
            46.3842458
          ],
          [
            7.6078673,
            46.3840524
          ],
          [
            7.6081274,
            46.3838868
          ],
          [
            7.6082173,
            46.3837499
          ],
          [
            7.6081596,
            46.3837592
          ],
          [
            7.6081114,
            46.3837148
          ],
          [
            7.6078485,
            46.3837758
          ],
          [
            7.6076379,
            46.383736
          ],
          [
            7.6076393,
            46.3836583
          ],
          [
            7.6075213,
            46.3834631
          ],
          [
            7.6075132,
            46.3833234
          ],
          [
            7.6074314,
            46.3831264
          ],
          [
            7.6075682,
            46.3829709
          ],
          [
            7.6077251,
            46.3828886
          ],
          [
            7.6078337,
            46.3826379
          ],
          [
            7.6081999,
            46.3823752
          ],
          [
            7.6085499,
            46.3820597
          ],
          [
            7.6086022,
            46.3819496
          ],
          [
            7.6088878,
            46.3817229
          ],
          [
            7.6089495,
            46.3815999
          ],
          [
            7.6089174,
            46.3815453
          ],
          [
            7.6089348,
            46.3814306
          ],
          [
            7.6088516,
            46.3812631
          ],
          [
            7.6088597,
            46.381141
          ],
          [
            7.6088221,
            46.3810633
          ],
          [
            7.6087028,
            46.380993
          ],
          [
            7.6084211,
            46.3809412
          ],
          [
            7.6082991,
            46.3808884
          ],
          [
            7.6081891,
            46.3806608
          ],
          [
            7.6082481,
            46.3803833
          ],
          [
            7.608275,
            46.380349
          ],
          [
            7.6083514,
            46.3803583
          ],
          [
            7.6083662,
            46.3803019
          ],
          [
            7.608452,
            46.3802519
          ],
          [
            7.6086679,
            46.3802824
          ],
          [
            7.6086907,
            46.380411
          ],
          [
            7.6088503,
            46.3803426
          ],
          [
            7.6089294,
            46.3802463
          ],
          [
            7.6089697,
            46.380065
          ],
          [
            7.6089093,
            46.3799965
          ],
          [
            7.608739,
            46.3799605
          ],
          [
            7.6090796,
            46.3798439
          ],
          [
            7.6090045,
            46.3797745
          ],
          [
            7.60914,
            46.3797107
          ],
          [
            7.6090837,
            46.3796431
          ],
          [
            7.6090796,
            46.3795284
          ],
          [
            7.6092084,
            46.3795552
          ],
          [
            7.6093076,
            46.3794683
          ],
          [
            7.6093894,
            46.3794858
          ],
          [
            7.6094122,
            46.3794775
          ],
          [
            7.6094203,
            46.3793776
          ],
          [
            7.6095249,
            46.37936
          ],
          [
            7.6095282,
            46.3793128
          ],
          [
            7.6095852,
            46.3793225
          ],
          [
            7.6095792,
            46.3792652
          ],
          [
            7.6096369,
            46.3792915
          ],
          [
            7.6096288,
            46.3791902
          ],
          [
            7.6097207,
            46.3791995
          ],
          [
            7.6097307,
            46.3791384
          ],
          [
            7.6098541,
            46.3791255
          ],
          [
            7.6102544,
            46.3788882
          ],
          [
            7.6103497,
            46.3787919
          ],
          [
            7.6102692,
            46.3787642
          ],
          [
            7.6100653,
            46.3786744
          ],
          [
            7.6096603,
            46.3784459
          ],
          [
            7.6095364,
            46.3783992
          ],
          [
            7.6093116,
            46.3783071
          ],
          [
            7.6093679,
            46.3782682
          ],
          [
            7.6098126,
            46.3782716
          ],
          [
            7.6095745,
            46.3780592
          ],
          [
            7.6097778,
            46.378068
          ],
          [
            7.6097247,
            46.3780278
          ],
          [
            7.6099977,
            46.3780551
          ],
          [
            7.6099044,
            46.3779186
          ],
          [
            7.6099714,
            46.3778538
          ],
          [
            7.6101613,
            46.3779736
          ],
          [
            7.6101833,
            46.377815
          ],
          [
            7.6103657,
            46.3778002
          ],
          [
            7.6104886,
            46.3778052
          ],
          [
            7.6104059,
            46.377715
          ],
          [
            7.6106656,
            46.3777275
          ],
          [
            7.610524,
            46.3775337
          ],
          [
            7.6108828,
            46.3775573
          ],
          [
            7.6108002,
            46.3774171
          ],
          [
            7.6109955,
            46.3774518
          ],
          [
            7.610996,
            46.3773819
          ],
          [
            7.6111409,
            46.3774708
          ],
          [
            7.6112669,
            46.3774412
          ],
          [
            7.6115427,
            46.3775443
          ],
          [
            7.6115534,
            46.3772001
          ],
          [
            7.6114086,
            46.3770688
          ],
          [
            7.6112986,
            46.3767338
          ],
          [
            7.6113796,
            46.3765104
          ],
          [
            7.6114842,
            46.3765622
          ],
          [
            7.6114761,
            46.3764382
          ],
          [
            7.6117626,
            46.376558
          ],
          [
            7.6117685,
            46.3765178
          ],
          [
            7.6118275,
            46.37649
          ],
          [
            7.6119584,
            46.3765303
          ],
          [
            7.6119133,
            46.3761384
          ],
          [
            7.6125544,
            46.3762013
          ],
          [
            7.6131525,
            46.3762883
          ],
          [
            7.6134422,
            46.3763901
          ]
        ]
      },
      "id": "way/232392511"
    },
    {
      "type": "Feature",
      "properties": {
        "@id": "way/232769332",
        "bicycle": "no",
        "ele": "1006",
        "foot": "yes",
        "highway": "via_ferrata",
        "horse": "no",
        "incline": "up",
        "name": "Klettersteig Flimser Wald",
        "note": "selbst gemessen",
        "oneway": "no",
        "sac_scale": "difficult_alpine_hiking",
        "ski": "no",
        "snowmobile": "no",
        "trail_visibility": "excellent",
        "wheelchair": "no"
      },
      "geometry": {
        "type": "LineString",
        "coordinates": [
          [
            9.3101126,
            46.8288467
          ],
          [
            9.3101002,
            46.8288621
          ],
          [
            9.3100885,
            46.8288734
          ],
          [
            9.3100558,
            46.8288784
          ],
          [
            9.3100323,
            46.8288745
          ]
        ]
      },
      "id": "way/232769332"
    },
    {
      "type": "Feature",
      "properties": {
        "@id": "way/235705366",
        "highway": "via_ferrata",
        "name": "Klettersteig Piz Trovat II",
        "note": "extreme Variante",
        "sac_scale": "difficult_alpine_hiking",
        "trail_visibility": "good",
        "via_ferrata_scale": "6"
      },
      "geometry": {
        "type": "LineString",
        "coordinates": [
          [
            9.9693645,
            46.4061324
          ],
          [
            9.9693326,
            46.4061289
          ],
          [
            9.9693102,
            46.4061356
          ],
          [
            9.9692872,
            46.4061435
          ],
          [
            9.9692662,
            46.4061454
          ],
          [
            9.9692506,
            46.4061441
          ],
          [
            9.9692341,
            46.4061359
          ],
          [
            9.9692222,
            46.4061166
          ],
          [
            9.9692176,
            46.4061011
          ],
          [
            9.9692153,
            46.4060686
          ],
          [
            9.9692149,
            46.4060143
          ],
          [
            9.9692066,
            46.4059596
          ],
          [
            9.9691869,
            46.4059059
          ],
          [
            9.9691727,
            46.4058427
          ]
        ]
      },
      "id": "way/235705366"
    },
    {
      "type": "Feature",
      "properties": {
        "@id": "way/235705369",
        "bridge": "yes",
        "bridge:structure": "simple-suspension",
        "cable_number": "3",
        "highway": "via_ferrata",
        "layer": "1",
        "sac_scale": "difficult_alpine_hiking",
        "trail_visibility": "good",
        "via_ferrata_scale": "3"
      },
      "geometry": {
        "type": "LineString",
        "coordinates": [
          [
            9.969682,
            46.4059644
          ],
          [
            9.9698595,
            46.4060332
          ]
        ]
      },
      "id": "way/235705369"
    },
    {
      "type": "Feature",
      "properties": {
        "@id": "way/235705371",
        "highway": "via_ferrata",
        "sac_scale": "difficult_alpine_hiking",
        "trail_visibility": "good",
        "via_ferrata_scale": "3"
      },
      "geometry": {
        "type": "LineString",
        "coordinates": [
          [
            9.9698595,
            46.4060332
          ],
          [
            9.9699191,
            46.4060037
          ],
          [
            9.9700124,
            46.4059438
          ],
          [
            9.9700525,
            46.4058992
          ],
          [
            9.9701497,
            46.4058831
          ],
          [
            9.9702469,
            46.4058956
          ],
          [
            9.9703674,
            46.4058911
          ],
          [
            9.9704678,
            46.4058433
          ]
        ]
      },
      "id": "way/235705371"
    },
    {
      "type": "Feature",
      "properties": {
        "@id": "way/256963788",
        "highway": "via_ferrata",
        "name": "Via Ferrata du Belvédère: Première Partie",
        "oneway": "yes",
        "via_ferrata_scale": "3"
      },
      "geometry": {
        "type": "LineString",
        "coordinates": [
          [
            7.4193596,
            46.2242091
          ],
          [
            7.4193301,
            46.224329
          ],
          [
            7.4193293,
            46.2244229
          ],
          [
            7.4194109,
            46.2244371
          ],
          [
            7.4195741,
            46.2243745
          ],
          [
            7.4197226,
            46.2243944
          ],
          [
            7.4199222,
            46.2242956
          ],
          [
            7.4200559,
            46.2243914
          ],
          [
            7.4201309,
            46.2244431
          ],
          [
            7.4201674,
            46.2244944
          ],
          [
            7.420262,
            46.2245036
          ],
          [
            7.4203562,
            46.2245078
          ],
          [
            7.4205056,
            46.2245218
          ],
          [
            7.4205603,
            46.2245709
          ],
          [
            7.4206052,
            46.2246091
          ],
          [
            7.4206384,
            46.2246395
          ],
          [
            7.4206584,
            46.2246575
          ],
          [
            7.4206977,
            46.2246956
          ],
          [
            7.4207355,
            46.224732
          ],
          [
            7.4207338,
            46.2247665
          ],
          [
            7.4207443,
            46.2248188
          ],
          [
            7.4207701,
            46.2248338
          ]
        ]
      },
      "id": "way/256963788"
    },
    {
      "type": "Feature",
      "properties": {
        "@id": "way/295767187",
        "highway": "via_ferrata",
        "name": "Tälli Klettersteig",
        "operator": "Bergführerverein Haslital",
        "url": "http://www.klettersteig.de/klettersteig/taelli_klettersteig/863",
        "via_ferrata_scale": "3",
        "website": "https://www.grimselwelt.ch/grimselerlebnis/aktiv/klettersteig-taelli/"
      },
      "geometry": {
        "type": "LineString",
        "coordinates": [
          [
            8.3356784,
            46.7471503
          ],
          [
            8.3357793,
            46.7472263
          ],
          [
            8.335879,
            46.7472698
          ],
          [
            8.3359793,
            46.7472854
          ],
          [
            8.3360527,
            46.7472618
          ],
          [
            8.3361499,
            46.7472494
          ],
          [
            8.3361832,
            46.7472504
          ],
          [
            8.3362007,
            46.7472392
          ],
          [
            8.336227,
            46.747236
          ],
          [
            8.3362589,
            46.7472473
          ],
          [
            8.3362843,
            46.7472567
          ],
          [
            8.3363045,
            46.7472653
          ],
          [
            8.3363303,
            46.7472635
          ],
          [
            8.3363843,
            46.7472553
          ],
          [
            8.33642,
            46.747252
          ],
          [
            8.3364439,
            46.7472491
          ],
          [
            8.3364816,
            46.7472533
          ],
          [
            8.3365056,
            46.7472599
          ],
          [
            8.3365266,
            46.7472656
          ],
          [
            8.3365371,
            46.7472693
          ],
          [
            8.3365389,
            46.7472775
          ],
          [
            8.3365206,
            46.747283
          ],
          [
            8.3365017,
            46.7473001
          ],
          [
            8.3364981,
            46.7473041
          ],
          [
            8.3365022,
            46.7473061
          ],
          [
            8.3365124,
            46.7473042
          ],
          [
            8.3365193,
            46.7473024
          ],
          [
            8.3365219,
            46.7473045
          ],
          [
            8.3365214,
            46.7473094
          ],
          [
            8.336516,
            46.7473134
          ],
          [
            8.3365104,
            46.7473217
          ],
          [
            8.3365092,
            46.7473295
          ],
          [
            8.336511,
            46.7473352
          ],
          [
            8.3365068,
            46.7473405
          ],
          [
            8.3364901,
            46.7473453
          ],
          [
            8.336491,
            46.7473524
          ],
          [
            8.3365054,
            46.7473565
          ],
          [
            8.3365284,
            46.7473624
          ],
          [
            8.3365483,
            46.7473768
          ],
          [
            8.3365719,
            46.7473904
          ],
          [
            8.3365993,
            46.747393
          ],
          [
            8.3366447,
            46.7473903
          ],
          [
            8.3366801,
            46.7473835
          ],
          [
            8.3367417,
            46.747368
          ],
          [
            8.3367744,
            46.7473606
          ],
          [
            8.3367993,
            46.7473565
          ],
          [
            8.3368131,
            46.7473544
          ],
          [
            8.3368216,
            46.7473552
          ],
          [
            8.3368232,
            46.7473628
          ],
          [
            8.3368183,
            46.7473709
          ],
          [
            8.3367987,
            46.7474158
          ],
          [
            8.3368086,
            46.7474446
          ],
          [
            8.3367692,
            46.7474719
          ],
          [
            8.3367459,
            46.7474777
          ],
          [
            8.3367449,
            46.7474887
          ],
          [
            8.3367284,
            46.7474984
          ],
          [
            8.3367165,
            46.7475013
          ],
          [
            8.3367057,
            46.7475044
          ],
          [
            8.3367071,
            46.7475092
          ],
          [
            8.3367199,
            46.7475168
          ],
          [
            8.3367445,
            46.7475181
          ],
          [
            8.3367819,
            46.7475269
          ],
          [
            8.3367966,
            46.7475371
          ],
          [
            8.3368264,
            46.7475448
          ],
          [
            8.3368665,
            46.7475538
          ],
          [
            8.3368871,
            46.7475538
          ],
          [
            8.3369048,
            46.747545
          ],
          [
            8.3369306,
            46.7475198
          ],
          [
            8.3369556,
            46.7474946
          ],
          [
            8.3370593,
            46.7474703
          ],
          [
            8.337084,
            46.7474779
          ],
          [
            8.3371152,
            46.74747
          ],
          [
            8.3371504,
            46.7474774
          ],
          [
            8.3371951,
            46.7474845
          ],
          [
            8.3372232,
            46.747495
          ],
          [
            8.3372545,
            46.7475068
          ],
          [
            8.3372715,
            46.7474983
          ],
          [
            8.3372973,
            46.7474897
          ],
          [
            8.3373412,
            46.7474837
          ],
          [
            8.3373731,
            46.7474858
          ],
          [
            8.3373937,
            46.7474908
          ],
          [
            8.3374009,
            46.7475189
          ],
          [
            8.3374091,
            46.7475456
          ],
          [
            8.3374043,
            46.7475674
          ],
          [
            8.3372829,
            46.7476173
          ],
          [
            8.3372878,
            46.7476355
          ],
          [
            8.3373018,
            46.7476416
          ],
          [
            8.3373289,
            46.7476516
          ],
          [
            8.3373411,
            46.7476711
          ],
          [
            8.3373645,
            46.7476907
          ],
          [
            8.3373753,
            46.7477157
          ],
          [
            8.3373919,
            46.747723
          ],
          [
            8.3374116,
            46.747726
          ],
          [
            8.3374331,
            46.74772
          ],
          [
            8.3375284,
            46.7477143
          ],
          [
            8.3375538,
            46.7477185
          ],
          [
            8.3375713,
            46.7477271
          ],
          [
            8.3375718,
            46.7477321
          ],
          [
            8.3375547,
            46.7477387
          ],
          [
            8.3375478,
            46.7477476
          ],
          [
            8.3375547,
            46.7477549
          ],
          [
            8.3375882,
            46.7477557
          ],
          [
            8.3376124,
            46.747761
          ],
          [
            8.337629,
            46.7477636
          ],
          [
            8.3376578,
            46.7477612
          ],
          [
            8.3376695,
            46.7477604
          ],
          [
            8.3376797,
            46.747766
          ],
          [
            8.3376785,
            46.7477729
          ],
          [
            8.3376696,
            46.7477835
          ],
          [
            8.3375731,
            46.7478264
          ],
          [
            8.3375671,
            46.7478311
          ],
          [
            8.3375631,
            46.7478385
          ],
          [
            8.3375669,
            46.7478437
          ],
          [
            8.3375769,
            46.7478475
          ],
          [
            8.3376029,
            46.7478481
          ],
          [
            8.3376483,
            46.747845
          ],
          [
            8.3376599,
            46.7478551
          ],
          [
            8.3376676,
            46.747858
          ],
          [
            8.3376914,
            46.7478543
          ],
          [
            8.3377114,
            46.7478528
          ],
          [
            8.337722,
            46.7478584
          ],
          [
            8.3377265,
            46.7478696
          ],
          [
            8.3377239,
            46.7478812
          ],
          [
            8.3377165,
            46.7478916
          ],
          [
            8.337668,
            46.7479049
          ],
          [
            8.337658,
            46.7479087
          ],
          [
            8.3376556,
            46.7479185
          ],
          [
            8.3376486,
            46.7479237
          ],
          [
            8.337634,
            46.7479256
          ],
          [
            8.3376249,
            46.7479296
          ],
          [
            8.3376235,
            46.7479406
          ],
          [
            8.3376262,
            46.7479546
          ],
          [
            8.3376464,
            46.7479706
          ],
          [
            8.3376552,
            46.7480001
          ],
          [
            8.3376712,
            46.7480156
          ],
          [
            8.3376756,
            46.7480471
          ],
          [
            8.3376701,
            46.7480805
          ],
          [
            8.3376625,
            46.7481633
          ],
          [
            8.3374366,
            46.7481665
          ],
          [
            8.3377453,
            46.7482406
          ],
          [
            8.3378935,
            46.7483174
          ],
          [
            8.337868,
            46.7483682
          ],
          [
            8.3379038,
            46.748412
          ],
          [
            8.3379093,
            46.7484201
          ],
          [
            8.3378977,
            46.7484231
          ],
          [
            8.3378688,
            46.7484174
          ],
          [
            8.3377937,
            46.7484002
          ],
          [
            8.3377471,
            46.7483884
          ],
          [
            8.3377239,
            46.7483902
          ],
          [
            8.3377021,
            46.7484036
          ],
          [
            8.3376801,
            46.7484229
          ],
          [
            8.3376778,
            46.748435
          ],
          [
            8.3376878,
            46.7484461
          ],
          [
            8.3377085,
            46.7484553
          ],
          [
            8.3377482,
            46.7484836
          ],
          [
            8.3378022,
            46.7485125
          ],
          [
            8.3378099,
            46.7485217
          ],
          [
            8.3378038,
            46.748538
          ],
          [
            8.3376852,
            46.7486251
          ],
          [
            8.3376683,
            46.7486349
          ],
          [
            8.3376474,
            46.7486356
          ],
          [
            8.3376075,
            46.748639
          ],
          [
            8.3375824,
            46.7486455
          ],
          [
            8.3375741,
            46.7486529
          ],
          [
            8.3375724,
            46.7486586
          ],
          [
            8.3375781,
            46.7486665
          ],
          [
            8.3376143,
            46.7486911
          ],
          [
            8.3376513,
            46.7487178
          ],
          [
            8.3377129,
            46.7487515
          ],
          [
            8.3378643,
            46.7488128
          ],
          [
            8.3379047,
            46.7488446
          ],
          [
            8.337917,
            46.7489048
          ],
          [
            8.3380398,
            46.7490245
          ],
          [
            8.3381724,
            46.749101
          ],
          [
            8.338323,
            46.7492335
          ],
          [
            8.3383827,
            46.7493429
          ],
          [
            8.3379688,
            46.7492276
          ],
          [
            8.3377576,
            46.7492259
          ],
          [
            8.3375711,
            46.7490713
          ],
          [
            8.3372865,
            46.7490941
          ],
          [
            8.3375039,
            46.7492469
          ],
          [
            8.3378491,
            46.74935
          ],
          [
            8.338349,
            46.7494758
          ],
          [
            8.338842,
            46.7494135
          ],
          [
            8.3391316,
            46.749509
          ],
          [
            8.3392149,
            46.749502
          ],
          [
            8.3393343,
            46.7494833
          ],
          [
            8.3394269,
            46.7494532
          ],
          [
            8.33947,
            46.7494199
          ],
          [
            8.3395397,
            46.7493948
          ],
          [
            8.3396141,
            46.7493801
          ],
          [
            8.3397054,
            46.7493631
          ],
          [
            8.3397924,
            46.749336
          ],
          [
            8.3398377,
            46.7493087
          ],
          [
            8.3399144,
            46.7492943
          ],
          [
            8.3399652,
            46.7492717
          ],
          [
            8.3399997,
            46.7492365
          ],
          [
            8.3400377,
            46.7491774
          ],
          [
            8.3400566,
            46.7491538
          ],
          [
            8.3400785,
            46.7491477
          ],
          [
            8.3401265,
            46.7491389
          ],
          [
            8.3401666,
            46.749138
          ],
          [
            8.3401833,
            46.7491449
          ],
          [
            8.3401929,
            46.7491557
          ],
          [
            8.3402266,
            46.7492072
          ],
          [
            8.3402528,
            46.7492218
          ],
          [
            8.3403132,
            46.7492376
          ],
          [
            8.3403861,
            46.7492508
          ],
          [
            8.3404486,
            46.7492597
          ],
          [
            8.3405243,
            46.749267
          ],
          [
            8.3405848,
            46.7492726
          ],
          [
            8.3405977,
            46.7492811
          ],
          [
            8.3405863,
            46.7493029
          ],
          [
            8.3405533,
            46.7493497
          ],
          [
            8.3405202,
            46.7493824
          ],
          [
            8.3404772,
            46.7493944
          ],
          [
            8.3404724,
            46.7494316
          ],
          [
            8.3404009,
            46.749496
          ],
          [
            8.3403609,
            46.7495604
          ],
          [
            8.3403758,
            46.7495829
          ],
          [
            8.3403732,
            46.7496261
          ],
          [
            8.3404085,
            46.7496672
          ],
          [
            8.3404471,
            46.7496792
          ],
          [
            8.3405173,
            46.7497141
          ],
          [
            8.340727,
            46.7497862
          ],
          [
            8.340867,
            46.7498614
          ],
          [
            8.3409699,
            46.7500032
          ],
          [
            8.3405641,
            46.7499006
          ],
          [
            8.340771,
            46.7500449
          ],
          [
            8.341166,
            46.7501584
          ],
          [
            8.3412293,
            46.7502398
          ],
          [
            8.341423,
            46.750325
          ],
          [
            8.3412337,
            46.7503882
          ],
          [
            8.3411192,
            46.7503856
          ],
          [
            8.3410959,
            46.7502584
          ],
          [
            8.3408877,
            46.7502121
          ],
          [
            8.3407162,
            46.7502014
          ],
          [
            8.3405448,
            46.7502201
          ],
          [
            8.3404532,
            46.7502907
          ],
          [
            8.3403298,
            46.7504703
          ],
          [
            8.340329,
            46.7505317
          ],
          [
            8.3403215,
            46.7506011
          ],
          [
            8.340302,
            46.750623
          ],
          [
            8.340265,
            46.7506605
          ],
          [
            8.3402142,
            46.7507833
          ],
          [
            8.3399271,
            46.7508254
          ]
        ]
      },
      "id": "way/295767187"
    },
    {
      "type": "Feature",
      "properties": {
        "@id": "way/299914603",
        "highway": "via_ferrata",
        "name": "Jägihorn-Klettersteig",
        "source": "survey",
        "via_ferrata_scale": "k3/4"
      },
      "geometry": {
        "type": "LineString",
        "coordinates": [
          [
            7.9743958,
            46.1514823
          ],
          [
            7.9744689,
            46.1514302
          ],
          [
            7.9744248,
            46.1513609
          ],
          [
            7.9742836,
            46.1513963
          ],
          [
            7.9741772,
            46.1513391
          ],
          [
            7.9741903,
            46.151402
          ],
          [
            7.9741628,
            46.1514916
          ],
          [
            7.97407,
            46.1514842
          ],
          [
            7.9740216,
            46.1515159
          ],
          [
            7.9740075,
            46.151564
          ],
          [
            7.9738685,
            46.1516285
          ],
          [
            7.9736881,
            46.1516414
          ],
          [
            7.973454,
            46.1516365
          ],
          [
            7.9733603,
            46.1516185
          ],
          [
            7.973251,
            46.1515768
          ],
          [
            7.9731299,
            46.1515763
          ],
          [
            7.9732191,
            46.1516413
          ],
          [
            7.9731386,
            46.1516808
          ],
          [
            7.9732045,
            46.151692
          ],
          [
            7.9732372,
            46.1517901
          ],
          [
            7.9731777,
            46.1518102
          ],
          [
            7.9732049,
            46.151873
          ],
          [
            7.973023,
            46.1518986
          ],
          [
            7.9730185,
            46.1519379
          ],
          [
            7.9729509,
            46.1519922
          ],
          [
            7.9730586,
            46.1520534
          ],
          [
            7.973007,
            46.152117
          ],
          [
            7.9731242,
            46.1521531
          ],
          [
            7.9730293,
            46.1522212
          ],
          [
            7.9730934,
            46.1522177
          ],
          [
            7.9729655,
            46.1523191
          ],
          [
            7.9730269,
            46.1524136
          ],
          [
            7.9729263,
            46.1525477
          ],
          [
            7.9729048,
            46.1526713
          ],
          [
            7.9729121,
            46.1527845
          ],
          [
            7.9728681,
            46.1527898
          ],
          [
            7.9728062,
            46.152817
          ],
          [
            7.9727234,
            46.1527694
          ],
          [
            7.9726316,
            46.1527949
          ],
          [
            7.9726082,
            46.1528564
          ],
          [
            7.9725181,
            46.1528372
          ],
          [
            7.9724381,
            46.1527873
          ],
          [
            7.9721246,
            46.1527787
          ],
          [
            7.9720385,
            46.1527372
          ],
          [
            7.9717367,
            46.1527708
          ],
          [
            7.9715615,
            46.152822
          ],
          [
            7.9715133,
            46.1527248
          ],
          [
            7.9713936,
            46.1526896
          ],
          [
            7.971182,
            46.1526765
          ],
          [
            7.9711032,
            46.1526398
          ],
          [
            7.9710465,
            46.1525237
          ],
          [
            7.9709789,
            46.1523058
          ],
          [
            7.9710443,
            46.1521537
          ],
          [
            7.9711351,
            46.1519885
          ],
          [
            7.9710866,
            46.1519315
          ],
          [
            7.9709726,
            46.1519827
          ],
          [
            7.9707889,
            46.1518525
          ],
          [
            7.9706623,
            46.1517165
          ],
          [
            7.9705546,
            46.1516273
          ]
        ]
      },
      "id": "way/299914603"
    },
    {
      "type": "Feature",
      "properties": {
        "@id": "way/303189845",
        "highway": "via_ferrata",
        "name": "Klettersteig am Krokodil",
        "sac_scale": "demanding_mountain_hiking",
        "via_ferrata_scale": "3"
      },
      "geometry": {
        "type": "LineString",
        "coordinates": [
          [
            8.4882541,
            46.6605685
          ],
          [
            8.4881772,
            46.6607099
          ],
          [
            8.4881069,
            46.6607501
          ],
          [
            8.4880406,
            46.6607715
          ],
          [
            8.4878689,
            46.6607715
          ],
          [
            8.4876894,
            46.660734
          ],
          [
            8.4875606,
            46.6606804
          ],
          [
            8.4873811,
            46.6607099
          ],
          [
            8.4872679,
            46.6607688
          ],
          [
            8.4872055,
            46.6609188
          ],
          [
            8.4871976,
            46.6610849
          ],
          [
            8.487182,
            46.6611304
          ],
          [
            8.4870611,
            46.6611759
          ],
          [
            8.4869479,
            46.6613018
          ],
          [
            8.486823,
            46.6614424
          ]
        ]
      },
      "id": "way/303189845"
    },
    {
      "type": "Feature",
      "properties": {
        "@id": "way/303189846",
        "bridge": "yes",
        "bridge:structure": "simple-suspension",
        "cable_number": "3",
        "highway": "via_ferrata",
        "sac_scale": "demanding_mountain_hiking",
        "via_ferrata_scale": "3"
      },
      "geometry": {
        "type": "LineString",
        "coordinates": [
          [
            8.486823,
            46.6614424
          ],
          [
            8.4866728,
            46.6615241
          ]
        ]
      },
      "id": "way/303189846"
    },
    {
      "type": "Feature",
      "properties": {
        "@id": "way/303189848",
        "highway": "via_ferrata",
        "sac_scale": "demanding_mountain_hiking",
        "via_ferrata_scale": "3"
      },
      "geometry": {
        "type": "LineString",
        "coordinates": [
          [
            8.4866728,
            46.6615241
          ],
          [
            8.4866162,
            46.6616339
          ],
          [
            8.4865984,
            46.6616655
          ]
        ]
      },
      "id": "way/303189848"
    },
    {
      "type": "Feature",
      "properties": {
        "@id": "way/304135614",
        "access": "yes",
        "highway": "via_ferrata",
        "name": "Klettersteig Pinut",
        "surface": "gravel",
        "via_ferrata_scale": "3"
      },
      "geometry": {
        "type": "LineString",
        "coordinates": [
          [
            9.305929,
            46.8453068
          ],
          [
            9.3056845,
            46.8451582
          ],
          [
            9.3053562,
            46.8451056
          ],
          [
            9.3049153,
            46.8450562
          ],
          [
            9.3042558,
            46.8451167
          ],
          [
            9.304073,
            46.8455423
          ],
          [
            9.3039369,
            46.8456768
          ],
          [
            9.3038208,
            46.8457103
          ],
          [
            9.3039819,
            46.8457929
          ],
          [
            9.303698,
            46.8458265
          ],
          [
            9.3035715,
            46.8458134
          ],
          [
            9.3033249,
            46.8459126
          ],
          [
            9.3032622,
            46.8459299
          ],
          [
            9.3032579,
            46.8459434
          ],
          [
            9.303465,
            46.8459756
          ],
          [
            9.303616,
            46.8460835
          ],
          [
            9.303469,
            46.8460898
          ],
          [
            9.3035908,
            46.8461638
          ],
          [
            9.3034476,
            46.8461821
          ],
          [
            9.3034487,
            46.8461917
          ],
          [
            9.3035341,
            46.8462213
          ],
          [
            9.3035945,
            46.8462605
          ],
          [
            9.3034869,
            46.8462777
          ],
          [
            9.3034322,
            46.8462971
          ],
          [
            9.3035196,
            46.8463458
          ],
          [
            9.3035336,
            46.8463767
          ],
          [
            9.3034249,
            46.8463872
          ],
          [
            9.3035087,
            46.846449
          ],
          [
            9.3035015,
            46.8464552
          ],
          [
            9.3033937,
            46.8464426
          ],
          [
            9.303145,
            46.8464863
          ],
          [
            9.3032365,
            46.8465328
          ],
          [
            9.3032484,
            46.8465642
          ],
          [
            9.3033393,
            46.8465948
          ],
          [
            9.3033475,
            46.8467264
          ],
          [
            9.3030563,
            46.8467565
          ],
          [
            9.3031642,
            46.8468849
          ],
          [
            9.3023461,
            46.8472778
          ],
          [
            9.3023944,
            46.8474062
          ],
          [
            9.3026569,
            46.8475358
          ],
          [
            9.3024463,
            46.8476827
          ],
          [
            9.3022005,
            46.8477306
          ],
          [
            9.3023837,
            46.8479125
          ],
          [
            9.3027954,
            46.8479801
          ],
          [
            9.3028315,
            46.8480074
          ],
          [
            9.3028718,
            46.8480116
          ],
          [
            9.3029034,
            46.8480324
          ],
          [
            9.3029109,
            46.848045
          ],
          [
            9.3028917,
            46.8480609
          ],
          [
            9.3028894,
            46.8480683
          ],
          [
            9.3029166,
            46.8480803
          ],
          [
            9.3029465,
            46.8481334
          ],
          [
            9.3029497,
            46.8481781
          ],
          [
            9.3029568,
            46.8482064
          ],
          [
            9.3029827,
            46.8482352
          ],
          [
            9.3030011,
            46.8482499
          ],
          [
            9.303006,
            46.848257
          ],
          [
            9.303003,
            46.8482607
          ],
          [
            9.3029966,
            46.8482629
          ],
          [
            9.3029244,
            46.8482652
          ],
          [
            9.3029024,
            46.8482697
          ],
          [
            9.3028658,
            46.8482681
          ],
          [
            9.3028504,
            46.8482699
          ],
          [
            9.3028427,
            46.8482748
          ],
          [
            9.3028433,
            46.8482817
          ],
          [
            9.3028494,
            46.8482926
          ],
          [
            9.3028657,
            46.8483044
          ],
          [
            9.3028667,
            46.8483119
          ],
          [
            9.3028637,
            46.8483172
          ],
          [
            9.3028014,
            46.8483469
          ],
          [
            9.3027923,
            46.8483684
          ],
          [
            9.3028016,
            46.8483746
          ],
          [
            9.302884,
            46.8483908
          ],
          [
            9.3028873,
            46.848403
          ],
          [
            9.3028662,
            46.8484058
          ],
          [
            9.3028766,
            46.8484245
          ],
          [
            9.3028248,
            46.8484406
          ],
          [
            9.3027642,
            46.8485635
          ],
          [
            9.302718,
            46.8485937
          ],
          [
            9.3027167,
            46.8486223
          ],
          [
            9.3027312,
            46.8486436
          ],
          [
            9.3027001,
            46.8486652
          ],
          [
            9.3027383,
            46.8486721
          ],
          [
            9.302772,
            46.8486967
          ],
          [
            9.302787,
            46.8487168
          ],
          [
            9.3027994,
            46.8487196
          ],
          [
            9.3028392,
            46.8487098
          ],
          [
            9.3028771,
            46.8486781
          ],
          [
            9.3028982,
            46.8486799
          ],
          [
            9.3029045,
            46.8486857
          ],
          [
            9.3028843,
            46.8486895
          ],
          [
            9.3028775,
            46.8486949
          ],
          [
            9.3028679,
            46.8487231
          ],
          [
            9.3028765,
            46.8487553
          ],
          [
            9.3028818,
            46.8487603
          ],
          [
            9.3028882,
            46.8487528
          ],
          [
            9.3029032,
            46.8487268
          ],
          [
            9.3029301,
            46.8487148
          ],
          [
            9.3029534,
            46.8487226
          ],
          [
            9.3029585,
            46.8487275
          ],
          [
            9.3029563,
            46.8487351
          ],
          [
            9.302938,
            46.848777
          ]
        ]
      },
      "id": "way/304135614"
    },
    {
      "type": "Feature",
      "properties": {
        "@id": "way/307363411",
        "highway": "via_ferrata",
        "name": "Klettersteig Kandersteg-Allmenalp",
        "via_ferrata_scale": "2+"
      },
      "geometry": {
        "type": "LineString",
        "coordinates": [
          [
            7.6556428,
            46.4911549
          ],
          [
            7.6556119,
            46.4911947
          ],
          [
            7.6555891,
            46.4911549
          ],
          [
            7.6555489,
            46.4912611
          ],
          [
            7.6555207,
            46.4911254
          ],
          [
            7.6553923,
            46.4913741
          ],
          [
            7.6553344,
            46.4915681
          ],
          [
            7.6553572,
            46.4909764
          ],
          [
            7.6553588,
            46.4909338
          ],
          [
            7.6552322,
            46.4909528
          ],
          [
            7.6552069,
            46.4909204
          ],
          [
            7.655282,
            46.4907995
          ]
        ]
      },
      "id": "way/307363411"
    },
    {
      "type": "Feature",
      "properties": {
        "@id": "way/348787620",
        "bicycle": "no",
        "highway": "via_ferrata",
        "name": "Chäligang - Klettersteig",
        "sac_scale": "demanding_alpine_hiking",
        "url": "http://www.engstligenalp.ch/de/s/klettersteig",
        "via_ferrata_scale": "1+"
      },
      "geometry": {
        "type": "LineString",
        "coordinates": [
          [
            7.5596085,
            46.4520576
          ],
          [
            7.5597055,
            46.4519083
          ],
          [
            7.5597875,
            46.45184
          ],
          [
            7.5598675,
            46.4518283
          ],
          [
            7.5599297,
            46.4518113
          ],
          [
            7.5599304,
            46.4517242
          ],
          [
            7.559875,
            46.4516723
          ],
          [
            7.5600474,
            46.4516909
          ],
          [
            7.5602279,
            46.4517455
          ],
          [
            7.5603851,
            46.4516043
          ],
          [
            7.5601988,
            46.4515098
          ],
          [
            7.5605123,
            46.4515082
          ],
          [
            7.5608021,
            46.4515732
          ],
          [
            7.5610686,
            46.4516602
          ],
          [
            7.5612679,
            46.4517457
          ],
          [
            7.5614108,
            46.4517248
          ],
          [
            7.5615614,
            46.4517719
          ],
          [
            7.5616612,
            46.4519066
          ],
          [
            7.5618988,
            46.4518277
          ],
          [
            7.5619177,
            46.4516887
          ],
          [
            7.5620042,
            46.451679
          ],
          [
            7.5620451,
            46.451624
          ],
          [
            7.5619026,
            46.4515663
          ],
          [
            7.5616701,
            46.4515408
          ],
          [
            7.5613849,
            46.451588
          ],
          [
            7.5613866,
            46.4516661
          ],
          [
            7.5612545,
            46.4516749
          ],
          [
            7.5611606,
            46.4516578
          ],
          [
            7.5611271,
            46.451576
          ],
          [
            7.5610393,
            46.4515524
          ],
          [
            7.5609827,
            46.4514912
          ],
          [
            7.5608381,
            46.4513793
          ],
          [
            7.5606316,
            46.4513033
          ],
          [
            7.5604987,
            46.4513192
          ],
          [
            7.5604244,
            46.4512499
          ],
          [
            7.5604163,
            46.4511426
          ],
          [
            7.5603278,
            46.4510429
          ],
          [
            7.5602862,
            46.4509508
          ],
          [
            7.5603486,
            46.4508169
          ],
          [
            7.5604994,
            46.450709
          ],
          [
            7.5607359,
            46.4506297
          ],
          [
            7.5607771,
            46.450607
          ]
        ]
      },
      "id": "way/348787620"
    },
    {
      "type": "Feature",
      "properties": {
        "@id": "way/360200180",
        "highway": "via_ferrata",
        "name": "Klettersteig Staubern",
        "source": "survey",
        "surface": "rock",
        "url": "https://www.bergsteigen.com/touren/klettersteig/stauberenkanzel-steige/",
        "via_ferrata_scale": "4"
      },
      "geometry": {
        "type": "LineString",
        "coordinates": [
          [
            9.4522318,
            47.2601317
          ],
          [
            9.4522891,
            47.2601403
          ],
          [
            9.4522173,
            47.2601902
          ],
          [
            9.4523035,
            47.2602617
          ],
          [
            9.4522141,
            47.2603159
          ],
          [
            9.4520512,
            47.2603224
          ],
          [
            9.4519793,
            47.2603227
          ]
        ]
      },
      "id": "way/360200180"
    },
    {
      "type": "Feature",
      "properties": {
        "@id": "way/364251313",
        "bicycle": "no",
        "description": "Klettersteig mit 450m Höhenunterschied. Einstieg bis Ausstieg ca. 90min. Öffnungszeiten: Mai bis Oktober. Persönliche Ausrüstung: Helm, Klettersteigbremse, Klettergurt",
        "highway": "via_ferrata",
        "horse": "no",
        "horse_scale": "impossible",
        "incline": "up",
        "name": "Via Ferrata Diavolo",
        "oneway": "yes",
        "surface": "rock",
        "trail_visibility": "excellent",
        "via_ferrata_scale": "3"
      },
      "geometry": {
        "type": "LineString",
        "coordinates": [
          [
            8.5922005,
            46.6477958
          ],
          [
            8.5923779,
            46.6477834
          ],
          [
            8.5925148,
            46.647808
          ],
          [
            8.592853,
            46.6477134
          ],
          [
            8.5928441,
            46.6476026
          ],
          [
            8.5929934,
            46.6475054
          ],
          [
            8.59323,
            46.6475816
          ],
          [
            8.5935288,
            46.6474698
          ],
          [
            8.5937398,
            46.6475404
          ],
          [
            8.59399,
            46.6475365
          ],
          [
            8.5943635,
            46.647587
          ],
          [
            8.5946069,
            46.6475104
          ],
          [
            8.5948835,
            46.6475704
          ],
          [
            8.595257,
            46.6479262
          ],
          [
            8.595376,
            46.6480821
          ],
          [
            8.59558,
            46.6481145
          ],
          [
            8.5957277,
            46.6480843
          ],
          [
            8.5960844,
            46.6480474
          ],
          [
            8.5964985,
            46.6481189
          ],
          [
            8.596723,
            46.6482434
          ],
          [
            8.5966627,
            46.6483776
          ],
          [
            8.5968088,
            46.6485498
          ],
          [
            8.5969758,
            46.6485323
          ],
          [
            8.5970349,
            46.6483271
          ],
          [
            8.5970901,
            46.6483024
          ]
        ]
      },
      "id": "way/364251313"
    },
    {
      "type": "Feature",
      "properties": {
        "@id": "way/369730460",
        "highway": "via_ferrata",
        "name": "Via Ferrata Plan Praz (K5)"
      },
      "geometry": {
        "type": "LineString",
        "coordinates": [
          [
            7.0128738,
            46.3494196
          ],
          [
            7.0127378,
            46.3494281
          ],
          [
            7.0127378,
            46.3498232
          ],
          [
            7.0127581,
            46.3500524
          ],
          [
            7.0127938,
            46.3504579
          ],
          [
            7.0129011,
            46.3508387
          ],
          [
            7.0130746,
            46.3513393
          ],
          [
            7.0132688,
            46.3513147
          ],
          [
            7.0132485,
            46.3512303
          ]
        ]
      },
      "id": "way/369730460"
    },
    {
      "type": "Feature",
      "properties": {
        "@id": "way/425415481",
        "highway": "via_ferrata",
        "name": "Via Farinetta",
        "oneway": "yes",
        "sport": "climbing",
        "url": "http://www.saillon.ch/tourisme/home.aspx",
        "via_ferrata_scale": "3"
      },
      "geometry": {
        "type": "LineString",
        "coordinates": [
          [
            7.1875245,
            46.1822285
          ],
          [
            7.1867435,
            46.1823499
          ],
          [
            7.186446,
            46.1823469
          ]
        ]
      },
      "id": "way/425415481"
    },
    {
      "type": "Feature",
      "properties": {
        "@id": "way/425415482",
        "highway": "via_ferrata",
        "name": "Via Farinetta",
        "oneway": "yes",
        "sport": "climbing",
        "url": "http://www.saillon.ch/tourisme/home.aspx",
        "via_ferrata_scale": "4"
      },
      "geometry": {
        "type": "LineString",
        "coordinates": [
          [
            7.1841487,
            46.1822939
          ],
          [
            7.1841255,
            46.182395
          ],
          [
            7.1839759,
            46.1825341
          ],
          [
            7.183757,
            46.1825827
          ],
          [
            7.1829228,
            46.1829889
          ],
          [
            7.1824711,
            46.1832255
          ],
          [
            7.1822544,
            46.1833013
          ]
        ]
      },
      "id": "way/425415482"
    },
    {
      "type": "Feature",
      "properties": {
        "@id": "way/425420046",
        "highway": "via_ferrata",
        "name": "Via ferrata de la Face",
        "toll": "yes",
        "url": "http://www.moleson.ch/en/via-ferrata/",
        "via_ferrata_scale": "4"
      },
      "geometry": {
        "type": "LineString",
        "coordinates": [
          [
            7.0191402,
            46.552639
          ],
          [
            7.018558,
            46.5527944
          ],
          [
            7.0180878,
            46.5524781
          ],
          [
            7.0183506,
            46.5523084
          ],
          [
            7.0185699,
            46.5519819
          ]
        ]
      },
      "id": "way/425420046"
    },
    {
      "type": "Feature",
      "properties": {
        "@id": "way/425420047",
        "highway": "via_ferrata",
        "name": "Via ferrata du Pillier",
        "toll": "yes",
        "url": "http://www.moleson.ch/en/via-ferrata/",
        "via_ferrata_scale": "2"
      },
      "geometry": {
        "type": "LineString",
        "coordinates": [
          [
            7.0191402,
            46.552639
          ],
          [
            7.0191861,
            46.5526165
          ],
          [
            7.0192552,
            46.5525536
          ],
          [
            7.0191392,
            46.5524072
          ],
          [
            7.0185699,
            46.5519819
          ]
        ]
      },
      "id": "way/425420047"
    },
    {
      "type": "Feature",
      "properties": {
        "@id": "way/429469436",
        "highway": "via_ferrata",
        "name": "KS Rigidalstockwand",
        "note": "Klettersteig, tagging not yet clear, see http://wiki.openstreetmap.org/wiki/Talk:Proposed_features/via_ferrata",
        "sac_scale": "difficult_alpine_hiking",
        "via_ferrata_scale": "4"
      },
      "geometry": {
        "type": "LineString",
        "coordinates": [
          [
            8.4172064,
            46.850397
          ],
          [
            8.4172185,
            46.8504248
          ],
          [
            8.4173059,
            46.8504372
          ],
          [
            8.4173532,
            46.8504696
          ],
          [
            8.4173872,
            46.8505237
          ],
          [
            8.4174558,
            46.850572
          ],
          [
            8.417501,
            46.850571
          ],
          [
            8.4175363,
            46.8506521
          ],
          [
            8.4175405,
            46.8507134
          ],
          [
            8.4175445,
            46.850768
          ],
          [
            8.4175508,
            46.8508134
          ],
          [
            8.4176472,
            46.8508755
          ],
          [
            8.4176832,
            46.8509042
          ],
          [
            8.4177161,
            46.8509298
          ],
          [
            8.4176952,
            46.8509319
          ],
          [
            8.4177057,
            46.8509534
          ],
          [
            8.4177087,
            46.8509811
          ],
          [
            8.4177266,
            46.8510087
          ],
          [
            8.4177416,
            46.851021
          ],
          [
            8.4177302,
            46.8510445
          ],
          [
            8.4177661,
            46.8510524
          ],
          [
            8.4177739,
            46.8510573
          ],
          [
            8.4177739,
            46.8510875
          ],
          [
            8.41778,
            46.8510954
          ],
          [
            8.4177595,
            46.8511041
          ],
          [
            8.4177695,
            46.8511196
          ],
          [
            8.4177882,
            46.8511404
          ],
          [
            8.4177877,
            46.8511566
          ],
          [
            8.4177993,
            46.851177
          ],
          [
            8.4178269,
            46.851191
          ],
          [
            8.4178197,
            46.8512201
          ],
          [
            8.4177871,
            46.8512174
          ],
          [
            8.4177457,
            46.8512295
          ],
          [
            8.4177568,
            46.851248
          ],
          [
            8.4177728,
            46.8512586
          ],
          [
            8.4177938,
            46.8512718
          ],
          [
            8.4178054,
            46.8512952
          ],
          [
            8.4178313,
            46.8513002
          ],
          [
            8.4177971,
            46.8513141
          ],
          [
            8.4178092,
            46.8513255
          ],
          [
            8.4178319,
            46.8513425
          ],
          [
            8.4178617,
            46.8513606
          ],
          [
            8.4178966,
            46.8513776
          ],
          [
            8.4179239,
            46.8514093
          ],
          [
            8.4179657,
            46.8514143
          ],
          [
            8.4180094,
            46.8514373
          ],
          [
            8.418023,
            46.851446
          ],
          [
            8.4180467,
            46.8514236
          ],
          [
            8.4180603,
            46.8514131
          ],
          [
            8.418094,
            46.8514236
          ],
          [
            8.4181122,
            46.8514423
          ],
          [
            8.4181422,
            46.8514585
          ],
          [
            8.4181631,
            46.8514436
          ],
          [
            8.4181968,
            46.8514423
          ],
          [
            8.4182141,
            46.8514666
          ],
          [
            8.4182004,
            46.8514883
          ],
          [
            8.4181531,
            46.8515039
          ],
          [
            8.4181613,
            46.8515275
          ],
          [
            8.4181922,
            46.8515425
          ],
          [
            8.4182359,
            46.8515362
          ],
          [
            8.4182614,
            46.8515406
          ],
          [
            8.4182632,
            46.8515649
          ],
          [
            8.4182987,
            46.8515754
          ],
          [
            8.418305,
            46.851609
          ],
          [
            8.4183205,
            46.8516856
          ],
          [
            8.4183059,
            46.8517092
          ],
          [
            8.4183269,
            46.8517347
          ],
          [
            8.4183187,
            46.8517552
          ],
          [
            8.4183168,
            46.8517751
          ],
          [
            8.4183469,
            46.8517826
          ],
          [
            8.4183914,
            46.8517627
          ],
          [
            8.4184187,
            46.8517552
          ],
          [
            8.4184642,
            46.8517608
          ],
          [
            8.4185115,
            46.8517727
          ],
          [
            8.4185461,
            46.8517857
          ],
          [
            8.4186089,
            46.8518069
          ],
          [
            8.4186416,
            46.8518212
          ],
          [
            8.4186571,
            46.8518423
          ],
          [
            8.4186825,
            46.8518952
          ],
          [
            8.4187298,
            46.8519263
          ],
          [
            8.4187562,
            46.851935
          ],
          [
            8.4187817,
            46.8519692
          ],
          [
            8.4187996,
            46.8519754
          ]
        ]
      },
      "id": "way/429469436"
    },
    {
      "type": "Feature",
      "properties": {
        "@id": "way/430739017",
        "highway": "via_ferrata",
        "name": "Klettersteig Eggishorn"
      },
      "geometry": {
        "type": "LineString",
        "coordinates": [
          [
            8.0911998,
            46.4248716
          ],
          [
            8.0913295,
            46.4249135
          ],
          [
            8.0913456,
            46.4249394
          ],
          [
            8.0913872,
            46.4249366
          ],
          [
            8.091528,
            46.4249246
          ],
          [
            8.0915696,
            46.4249542
          ],
          [
            8.0917077,
            46.4249644
          ],
          [
            8.0917533,
            46.4249939
          ],
          [
            8.0918297,
            46.4250069
          ],
          [
            8.0920108,
            46.4249838
          ],
          [
            8.0921918,
            46.4249607
          ],
          [
            8.092334,
            46.4249653
          ],
          [
            8.0925218,
            46.4250032
          ],
          [
            8.0925566,
            46.4250503
          ],
          [
            8.0926143,
            46.425079
          ],
          [
            8.0926974,
            46.4250568
          ],
          [
            8.0928463,
            46.4250448
          ],
          [
            8.0928959,
            46.4250836
          ],
          [
            8.0929831,
            46.4251058
          ],
          [
            8.0930622,
            46.4251437
          ],
          [
            8.0930931,
            46.4251945
          ],
          [
            8.0931373,
            46.4252195
          ],
          [
            8.0931829,
            46.4252703
          ],
          [
            8.0932728,
            46.4252833
          ],
          [
            8.0933439,
            46.4252777
          ],
          [
            8.0934485,
            46.4253424
          ],
          [
            8.0935826,
            46.4253656
          ],
          [
            8.0936805,
            46.4253803
          ],
          [
            8.0937489,
            46.4253424
          ],
          [
            8.0938132,
            46.4253572
          ],
          [
            8.0938535,
            46.4254044
          ],
          [
            8.0939836,
            46.4254876
          ],
          [
            8.0941981,
            46.4254922
          ],
          [
            8.0944006,
            46.4255569
          ],
          [
            8.0946541,
            46.4256355
          ],
          [
            8.0947788,
            46.4256974
          ],
          [
            8.0948995,
            46.425702
          ],
          [
            8.0951248,
            46.4257196
          ],
          [
            8.095326,
            46.4257575
          ],
          [
            8.0953823,
            46.4259036
          ],
          [
            8.095377,
            46.4259387
          ],
          [
            8.0954641,
            46.4259572
          ],
          [
            8.0954641,
            46.42602
          ],
          [
            8.0953515,
            46.4260524
          ],
          [
            8.0952455,
            46.4260672
          ],
          [
            8.0951101,
            46.4261245
          ],
          [
            8.0950766,
            46.4261855
          ],
          [
            8.0949706,
            46.4262188
          ],
          [
            8.0949773,
            46.4262576
          ],
          [
            8.0948901,
            46.426278
          ],
          [
            8.0948741,
            46.4263676
          ],
          [
            8.0947829,
            46.4263464
          ],
          [
            8.0946367,
            46.4263732
          ],
          [
            8.0945602,
            46.4264
          ],
          [
            8.0943926,
            46.4264453
          ],
          [
            8.0943966,
            46.426497
          ],
          [
            8.0942974,
            46.4264813
          ],
          [
            8.0942464,
            46.4264989
          ],
          [
            8.0941861,
            46.4265812
          ],
          [
            8.0940385,
            46.4265775
          ],
          [
            8.0939152,
            46.4266283
          ],
          [
            8.0937368,
            46.4267845
          ],
          [
            8.093604,
            46.4267734
          ],
          [
            8.0934029,
            46.4269241
          ],
          [
            8.0931604,
            46.4271294
          ]
        ]
      },
      "id": "way/430739017"
    },
    {
      "type": "Feature",
      "properties": {
        "@id": "way/432078984",
        "highway": "via_ferrata",
        "name": "Via Ferrata de la Tête aux Chamois",
        "overhang": "yes",
        "rungs": "yes",
        "url": "https://www.bergsteigen.com/touren/klettersteig/ferrata-de-la-tete-aux-chamois/",
        "via_ferrata_scale": "5"
      },
      "geometry": {
        "type": "LineString",
        "coordinates": [
          [
            7.2135758,
            46.3401581
          ],
          [
            7.2138423,
            46.3408122
          ],
          [
            7.2140829,
            46.3409392
          ],
          [
            7.2141183,
            46.3410663
          ],
          [
            7.2140758,
            46.341379
          ],
          [
            7.2145855,
            46.3416966
          ],
          [
            7.2148828,
            46.3418139
          ],
          [
            7.2149182,
            46.3420729
          ],
          [
            7.2151093,
            46.3420338
          ],
          [
            7.215357,
            46.3419019
          ],
          [
            7.2158242,
            46.3419263
          ],
          [
            7.2163692,
            46.3422097
          ],
          [
            7.2165604,
            46.3422928
          ],
          [
            7.2164967,
            46.3420924
          ],
          [
            7.2160861,
            46.3417699
          ]
        ]
      },
      "id": "way/432078984"
    },
    {
      "type": "Feature",
      "properties": {
        "@id": "way/437275525",
        "highway": "via_ferrata",
        "name": "Via Ferratta Tour d'Aï",
        "via_ferrata_scale": "4"
      },
      "geometry": {
        "type": "LineString",
        "coordinates": [
          [
            7.001687,
            46.3715057
          ],
          [
            7.0018276,
            46.371356
          ],
          [
            7.0019576,
            46.3711786
          ],
          [
            7.0021963,
            46.3709183
          ],
          [
            7.0022466,
            46.3708971
          ],
          [
            7.0022161,
            46.3709767
          ],
          [
            7.002072,
            46.3712133
          ],
          [
            7.0020638,
            46.3713147
          ]
        ]
      },
      "id": "way/437275525"
    },
    {
      "type": "Feature",
      "properties": {
        "@id": "way/443269790",
        "highway": "via_ferrata",
        "name": "Klettersteig-Route",
        "via_ferrata_scale": "3"
      },
      "geometry": {
        "type": "LineString",
        "coordinates": [
          [
            8.4585737,
            46.6466498
          ],
          [
            8.4587407,
            46.6464587
          ],
          [
            8.4590283,
            46.6463881
          ],
          [
            8.4591927,
            46.6462837
          ],
          [
            8.4593242,
            46.6461878
          ],
          [
            8.459316,
            46.646027
          ],
          [
            8.4590571,
            46.6459678
          ]
        ]
      },
      "id": "way/443269790"
    },
    {
      "type": "Feature",
      "properties": {
        "@id": "way/445107743",
        "access": "military",
        "description": "Zugang nur für Schweizer Armee",
        "highway": "via_ferrata",
        "layer": "2",
        "mapillary": "1567482560120994",
        "military": "yes",
        "operator": "Swiss Armed Forces"
      },
      "geometry": {
        "type": "LineString",
        "coordinates": [
          [
            8.5905829,
            46.6454028
          ],
          [
            8.5907166,
            46.6455105
          ],
          [
            8.5907984,
            46.6454893
          ],
          [
            8.5908628,
            46.6454405
          ],
          [
            8.590962,
            46.6454387
          ],
          [
            8.5911404,
            46.645459
          ],
          [
            8.5913322,
            46.645482
          ],
          [
            8.5914824,
            46.6455022
          ],
          [
            8.5915575,
            46.6455114
          ],
          [
            8.5915682,
            46.645482
          ],
          [
            8.5915159,
            46.6454175
          ],
          [
            8.5915012,
            46.6453761
          ],
          [
            8.5915883,
            46.6453918
          ],
          [
            8.5916782,
            46.6453752
          ],
          [
            8.5917546,
            46.6453282
          ],
          [
            8.5917707,
            46.6453006
          ],
          [
            8.5917533,
            46.6452564
          ],
          [
            8.5917949,
            46.6452297
          ],
          [
            8.5919489,
            46.6452024
          ]
        ]
      },
      "id": "way/445107743"
    },
    {
      "type": "Feature",
      "properties": {
        "@id": "way/448271814",
        "access": "no",
        "bicycle": "no",
        "foot": "yes",
        "highway": "via_ferrata",
        "horse": "no",
        "name": "Klettersteig Braunwald / Eggstöcke Abstieg",
        "oneway": "yes",
        "sac_scale": "demanding_alpine_hiking",
        "trail_visibility": "excellent",
        "via_ferrata_scale": "3"
      },
      "geometry": {
        "type": "LineString",
        "coordinates": [
          [
            8.9731422,
            46.9600732
          ],
          [
            8.973108,
            46.9599114
          ],
          [
            8.9733451,
            46.9598813
          ],
          [
            8.9733709,
            46.9597101
          ],
          [
            8.9732529,
            46.9596625
          ],
          [
            8.9733172,
            46.959549
          ],
          [
            8.9732314,
            46.9594794
          ],
          [
            8.9733172,
            46.9593503
          ],
          [
            8.9734084,
            46.959354
          ],
          [
            8.9733923,
            46.9592954
          ],
          [
            8.9735124,
            46.9592141
          ],
          [
            8.9735694,
            46.9589568
          ],
          [
            8.9736498,
            46.9588524
          ],
          [
            8.9736981,
            46.9589201
          ],
          [
            8.9738859,
            46.9587938
          ],
          [
            8.9739188,
            46.9586673
          ],
          [
            8.9738725,
            46.9585888
          ],
          [
            8.9737223,
            46.9585119
          ],
          [
            8.9737638,
            46.9584663
          ]
        ]
      },
      "id": "way/448271814"
    },
    {
      "type": "Feature",
      "properties": {
        "@id": "way/450238274",
        "bicycle": "no",
        "highway": "via_ferrata",
        "name": "Mürreflue - Klettersteig",
        "sac_scale": "difficult_alpine_hiking",
        "via_ferrata_scale": "3"
      },
      "geometry": {
        "type": "LineString",
        "coordinates": [
          [
            7.8962851,
            46.5593898
          ],
          [
            7.8965171,
            46.5590786
          ],
          [
            7.8960474,
            46.5579781
          ],
          [
            7.8960386,
            46.5568233
          ],
          [
            7.8958997,
            46.5560321
          ],
          [
            7.8949603,
            46.5557771
          ]
        ]
      },
      "id": "way/450238274"
    },
    {
      "type": "Feature",
      "properties": {
        "@id": "way/450366924",
        "access": "no",
        "bicycle": "no",
        "foot": "yes",
        "highway": "via_ferrata",
        "horse": "no",
        "name": "Klettersteig Fürenwand",
        "sac_scale": "demanding_alpine_hiking",
        "trail_visibility": "excellent",
        "via_ferrata_scale": "4"
      },
      "geometry": {
        "type": "LineString",
        "coordinates": [
          [
            8.4624153,
            46.7988098
          ],
          [
            8.4624263,
            46.7989025
          ],
          [
            8.4628027,
            46.7989933
          ],
          [
            8.4633877,
            46.7991425
          ],
          [
            8.4634947,
            46.799542
          ],
          [
            8.4642259,
            46.7990554
          ],
          [
            8.464639,
            46.7989435
          ],
          [
            8.4647696,
            46.7991641
          ],
          [
            8.4645747,
            46.7995875
          ],
          [
            8.4650262,
            46.8000799
          ],
          [
            8.4652199,
            46.8001785
          ]
        ]
      },
      "id": "way/450366924"
    },
    {
      "type": "Feature",
      "properties": {
        "@id": "way/453745404",
        "highway": "via_ferrata",
        "via_ferrata_scale": "2"
      },
      "geometry": {
        "type": "LineString",
        "coordinates": [
          [
            7.3822936,
            47.283956
          ],
          [
            7.3820438,
            47.2851032
          ]
        ]
      },
      "id": "way/453745404"
    },
    {
      "type": "Feature",
      "properties": {
        "@id": "way/476375156",
        "bicycle": "no",
        "fixme": "Check if these ways really exist and correct the tags (there is a fence/handrail around the whole platform)",
        "foot": "yes",
        "highway": "via_ferrata",
        "incline": "0%",
        "sac_scale": "demanding_alpine_hiking",
        "smoothness": "excellent",
        "surface": "asphalt"
      },
      "geometry": {
        "type": "LineString",
        "coordinates": [
          [
            8.4920784,
            47.3494899
          ],
          [
            8.4920605,
            47.3494828
          ]
        ]
      },
      "id": "way/476375156"
    },
    {
      "type": "Feature",
      "properties": {
        "@id": "way/612254146",
        "highway": "via_ferrata",
        "layer": "1",
        "name": "Klettersteig Kandersteg-Allmenalp",
        "via_ferrata_scale": "2+"
      },
      "geometry": {
        "type": "LineString",
        "coordinates": [
          [
            7.6556315,
            46.4914232
          ],
          [
            7.6556428,
            46.4911549
          ]
        ]
      },
      "id": "way/612254146"
    },
    {
      "type": "Feature",
      "properties": {
        "@id": "way/612254147",
        "aerialway": "zip_line",
        "highway": "via_ferrata",
        "name": "Klettersteig Kandersteg-Allmenalp",
        "via_ferrata_scale": "4"
      },
      "geometry": {
        "type": "LineString",
        "coordinates": [
          [
            7.655282,
            46.4907995
          ],
          [
            7.6548899,
            46.4909975
          ]
        ]
      },
      "id": "way/612254147"
    },
    {
      "type": "Feature",
      "properties": {
        "@id": "way/612254148",
        "highway": "via_ferrata",
        "ladder": "4m",
        "name": "Klettersteig Kandersteg-Allmenalp",
        "via_ferrata_scale": "4"
      },
      "geometry": {
        "type": "LineString",
        "coordinates": [
          [
            7.6549441,
            46.4909869
          ],
          [
            7.6548899,
            46.4909975
          ]
        ]
      },
      "id": "way/612254148"
    },
    {
      "type": "Feature",
      "properties": {
        "@id": "way/612254149",
        "highway": "via_ferrata",
        "name": "Klettersteig Kandersteg-Allmenalp",
        "via_ferrata_scale": "2+"
      },
      "geometry": {
        "type": "LineString",
        "coordinates": [
          [
            7.6548899,
            46.4909975
          ],
          [
            7.6549155,
            46.4911601
          ],
          [
            7.6547646,
            46.4916012
          ],
          [
            7.6547011,
            46.4914962
          ],
          [
            7.6547456,
            46.491279
          ],
          [
            7.6545729,
            46.4912246
          ]
        ]
      },
      "id": "way/612254149"
    },
    {
      "type": "Feature",
      "properties": {
        "@id": "way/612254150",
        "bridge": "yes",
        "bridge:structure": "simple-suspension",
        "cables": "3",
        "highway": "via_ferrata",
        "layer": "1",
        "name": "Klettersteig Kandersteg-Allmenalp",
        "via_ferrata_scale": "4"
      },
      "geometry": {
        "type": "LineString",
        "coordinates": [
          [
            7.6552069,
            46.4909204
          ],
          [
            7.6549441,
            46.4909869
          ]
        ]
      },
      "id": "way/612254150"
    },
    {
      "type": "Feature",
      "properties": {
        "@id": "way/612254151",
        "highway": "via_ferrata",
        "ladder": "5m",
        "name": "Klettersteig Kandersteg-Allmenalp",
        "via_ferrata_scale": "4"
      },
      "geometry": {
        "type": "LineString",
        "coordinates": [
          [
            7.655687,
            46.4914079
          ],
          [
            7.6556315,
            46.4914232
          ]
        ]
      },
      "id": "way/612254151"
    },
    {
      "type": "Feature",
      "properties": {
        "@id": "way/612254153",
        "highway": "via_ferrata",
        "name": "Klettersteig Kandersteg-Allmenalp",
        "via_ferrata_scale": "2+"
      },
      "geometry": {
        "type": "LineString",
        "coordinates": [
          [
            7.6563325,
            46.4914828
          ],
          [
            7.656277,
            46.4914746
          ]
        ]
      },
      "id": "way/612254153"
    },
    {
      "type": "Feature",
      "properties": {
        "@id": "way/612254154",
        "highway": "via_ferrata",
        "name": "Klettersteig Kandersteg-Allmenalp",
        "via_ferrata_scale": "2+"
      },
      "geometry": {
        "type": "LineString",
        "coordinates": [
          [
            7.6567948,
            46.4917237
          ],
          [
            7.6566365,
            46.491642
          ]
        ]
      },
      "id": "way/612254154"
    },
    {
      "type": "Feature",
      "properties": {
        "@id": "way/612254155",
        "highway": "via_ferrata",
        "ladder": "8m",
        "name": "Klettersteig Kandersteg-Allmenalp",
        "via_ferrata_scale": "2+"
      },
      "geometry": {
        "type": "LineString",
        "coordinates": [
          [
            7.6568162,
            46.4916923
          ],
          [
            7.6567948,
            46.4917237
          ]
        ]
      },
      "id": "way/612254155"
    },
    {
      "type": "Feature",
      "properties": {
        "@id": "way/612254156",
        "highway": "via_ferrata",
        "ladder": "6m",
        "name": "Klettersteig Kandersteg-Allmenalp",
        "via_ferrata_scale": "2+"
      },
      "geometry": {
        "type": "LineString",
        "coordinates": [
          [
            7.6566365,
            46.491642
          ],
          [
            7.6566023,
            46.491648
          ]
        ]
      },
      "id": "way/612254156"
    },
    {
      "type": "Feature",
      "properties": {
        "@id": "way/612254157",
        "highway": "via_ferrata",
        "name": "Klettersteig Kandersteg-Allmenalp",
        "via_ferrata_scale": "2+"
      },
      "geometry": {
        "type": "LineString",
        "coordinates": [
          [
            7.6569336,
            46.4916395
          ],
          [
            7.6569448,
            46.4916565
          ],
          [
            7.6568162,
            46.4916923
          ]
        ]
      },
      "id": "way/612254157"
    },
    {
      "type": "Feature",
      "properties": {
        "@id": "way/612254158",
        "highway": "via_ferrata",
        "name": "Klettersteig Kandersteg-Allmenalp",
        "via_ferrata_scale": "2+"
      },
      "geometry": {
        "type": "LineString",
        "coordinates": [
          [
            7.6566023,
            46.491648
          ],
          [
            7.6565118,
            46.4914707
          ],
          [
            7.6564964,
            46.4914735
          ],
          [
            7.6564823,
            46.4914518
          ],
          [
            7.6564669,
            46.4914739
          ],
          [
            7.6564723,
            46.4915252
          ],
          [
            7.6564381,
            46.491486
          ],
          [
            7.6564166,
            46.4914933
          ],
          [
            7.6563952,
            46.4914541
          ]
        ]
      },
      "id": "way/612254158"
    },
    {
      "type": "Feature",
      "properties": {
        "@id": "way/612254159",
        "bridge": "yes",
        "bridge:structure": "simple-suspension",
        "cables": "3",
        "highway": "via_ferrata",
        "name": "Klettersteig Kandersteg-Allmenalp",
        "via_ferrata_scale": "2+"
      },
      "geometry": {
        "type": "LineString",
        "coordinates": [
          [
            7.6563952,
            46.4914541
          ],
          [
            7.6563325,
            46.4914828
          ]
        ]
      },
      "id": "way/612254159"
    },
    {
      "type": "Feature",
      "properties": {
        "@id": "way/612254160",
        "highway": "via_ferrata",
        "ladder": "6m",
        "name": "Klettersteig Kandersteg-Allmenalp",
        "via_ferrata_scale": "4"
      },
      "geometry": {
        "type": "LineString",
        "coordinates": [
          [
            7.6569396,
            46.4916354
          ],
          [
            7.6569336,
            46.4916395
          ]
        ]
      },
      "id": "way/612254160"
    },
    {
      "type": "Feature",
      "properties": {
        "@id": "way/680857041",
        "highway": "via_ferrata",
        "name": "Via Farinetta",
        "oneway": "yes",
        "sport": "climbing",
        "url": "http://www.saillon.ch/tourisme/home.aspx",
        "via_ferrata_scale": "3"
      },
      "geometry": {
        "type": "LineString",
        "coordinates": [
          [
            7.1863876,
            46.182278
          ],
          [
            7.1858889,
            46.1822835
          ],
          [
            7.1855135,
            46.1824107
          ],
          [
            7.1851854,
            46.1824168
          ],
          [
            7.1849909,
            46.1824652
          ],
          [
            7.18475,
            46.1825063
          ],
          [
            7.1844799,
            46.1824642
          ],
          [
            7.1843258,
            46.1824461
          ],
          [
            7.1842454,
            46.1824044
          ],
          [
            7.1841487,
            46.1822939
          ]
        ]
      },
      "id": "way/680857041"
    },
    {
      "type": "Feature",
      "properties": {
        "@id": "way/680857042",
        "bridge": "yes",
        "bridge:structure": "suspension",
        "highway": "via_ferrata",
        "name": "Via Farinetta",
        "url": "http://www.saillon.ch/tourisme/home.aspx",
        "via_ferrata_scale": "3"
      },
      "geometry": {
        "type": "LineString",
        "coordinates": [
          [
            7.186446,
            46.1823469
          ],
          [
            7.1863876,
            46.182278
          ]
        ]
      },
      "id": "way/680857042"
    },
    {
      "type": "Feature",
      "properties": {
        "@id": "way/720924225",
        "highway": "via_ferrata",
        "sac_scale": "demanding_mountain_hiking",
        "via_ferrata_scale": "4"
      },
      "geometry": {
        "type": "LineString",
        "coordinates": [
          [
            8.6821575,
            46.8341723
          ],
          [
            8.6820907,
            46.8340294
          ],
          [
            8.6819117,
            46.8338515
          ],
          [
            8.6819089,
            46.833788
          ],
          [
            8.6818869,
            46.8337153
          ],
          [
            8.6823562,
            46.8339031
          ],
          [
            8.6824513,
            46.8338871
          ],
          [
            8.6824902,
            46.8337889
          ],
          [
            8.6826187,
            46.8336703
          ],
          [
            8.6827038,
            46.8336199
          ],
          [
            8.682764,
            46.8335934
          ],
          [
            8.6827984,
            46.8335738
          ]
        ]
      },
      "id": "way/720924225"
    },
    {
      "type": "Feature",
      "properties": {
        "@id": "way/720924226",
        "highway": "via_ferrata",
        "layer": "-1",
        "tunnel": "yes"
      },
      "geometry": {
        "type": "LineString",
        "coordinates": [
          [
            8.6827984,
            46.8335738
          ],
          [
            8.6828616,
            46.8335045
          ]
        ]
      },
      "id": "way/720924226"
    },
    {
      "type": "Feature",
      "properties": {
        "@id": "way/733298445",
        "highway": "via_ferrata",
        "name": "Ferrata d‘Arrampicata",
        "oneway": "yes",
        "sac_scale": "demanding_alpine_hiking",
        "surface": "ground",
        "via_ferrata_scale": "3"
      },
      "geometry": {
        "type": "LineString",
        "coordinates": [
          [
            8.9471056,
            45.9808501
          ],
          [
            8.9471718,
            45.9808036
          ],
          [
            8.9472853,
            45.9807996
          ],
          [
            8.9472541,
            45.9807501
          ],
          [
            8.94729,
            45.9807261
          ],
          [
            8.9473639,
            45.9807164
          ],
          [
            8.947475,
            45.9807263
          ],
          [
            8.9475148,
            45.9807365
          ],
          [
            8.9475677,
            45.9807345
          ],
          [
            8.9476046,
            45.9807085
          ],
          [
            8.947743,
            45.98072
          ],
          [
            8.9477742,
            45.9807018
          ],
          [
            8.9477559,
            45.9806762
          ],
          [
            8.9475908,
            45.9806281
          ],
          [
            8.9476938,
            45.9806253
          ],
          [
            8.947657,
            45.9805692
          ]
        ]
      },
      "id": "way/733298445"
    },
    {
      "type": "Feature",
      "properties": {
        "@id": "way/737007971",
        "highway": "via_ferrata",
        "name": "Klettersteig Partnunblick",
        "oneway": "yes",
        "sac_scale": "difficult_alpine_hiking",
        "via_ferrata_scale": "5"
      },
      "geometry": {
        "type": "LineString",
        "coordinates": [
          [
            9.8489368,
            47.0144491
          ],
          [
            9.8481924,
            47.0147751
          ],
          [
            9.8489327,
            47.0150311
          ],
          [
            9.848863,
            47.01547
          ],
          [
            9.8504026,
            47.0156017
          ],
          [
            9.8502368,
            47.0163616
          ]
        ]
      },
      "id": "way/737007971"
    },
    {
      "type": "Feature",
      "properties": {
        "@id": "way/737007974",
        "highway": "via_ferrata",
        "name": "Familien-Klettersteig Partnunblick",
        "oneway": "yes",
        "sac_scale": "difficult_alpine_hiking",
        "via_ferrata_scale": "2"
      },
      "geometry": {
        "type": "LineString",
        "coordinates": [
          [
            9.8519625,
            47.0109688
          ],
          [
            9.8520461,
            47.011096
          ],
          [
            9.8521091,
            47.0111445
          ],
          [
            9.8521239,
            47.0112396
          ],
          [
            9.8520944,
            47.0112834
          ],
          [
            9.8519509,
            47.0112871
          ],
          [
            9.8518355,
            47.0112789
          ],
          [
            9.8517598,
            47.0113077
          ],
          [
            9.8518389,
            47.0114238
          ],
          [
            9.851851,
            47.0115244
          ],
          [
            9.8518416,
            47.0116972
          ],
          [
            9.8517209,
            47.0118024
          ]
        ]
      },
      "id": "way/737007974"
    },
    {
      "type": "Feature",
      "properties": {
        "@id": "way/816799884",
        "access:conditional": "no @ (May 1 - Jul 1)",
        "highway": "via_ferrata",
        "name": "Via Ferrata Rochers de Naye",
        "sport": "via_ferrata",
        "toll": "no",
        "via_ferrata_scale": "5",
        "wheelchair": "no"
      },
      "geometry": {
        "type": "LineString",
        "coordinates": [
          [
            6.9807327,
            46.4360119
          ],
          [
            6.9806177,
            46.4359385
          ],
          [
            6.9806204,
            46.4356302
          ],
          [
            6.9806209,
            46.4355696
          ],
          [
            6.9806525,
            46.4355673
          ]
        ]
      },
      "id": "way/816799884"
    },
    {
      "type": "Feature",
      "properties": {
        "@id": "way/952445992",
        "highway": "via_ferrata",
        "name": "Klettersteig Rotstock",
        "sac_scale": "alpine_hiking",
        "via_ferrata_scale": "2"
      },
      "geometry": {
        "type": "LineString",
        "coordinates": [
          [
            7.9850703,
            46.5770297
          ],
          [
            7.9847374,
            46.5771698
          ],
          [
            7.984365,
            46.5773383
          ],
          [
            7.9841901,
            46.5774011
          ]
        ]
      },
      "id": "way/952445992"
    },
    {
      "type": "Feature",
      "properties": {
        "@id": "way/953103647",
        "bicycle": "no",
        "highway": "via_ferrata",
        "name": "Mürreflue - Klettersteig",
        "sac_scale": "demanding_alpine_hiking",
        "via_ferrata_scale": "3"
      },
      "geometry": {
        "type": "LineString",
        "coordinates": [
          [
            7.8943084,
            46.5476614
          ],
          [
            7.8944384,
            46.5478208
          ],
          [
            7.8942758,
            46.5480869
          ],
          [
            7.8937585,
            46.5484003
          ]
        ]
      },
      "id": "way/953103647"
    },
    {
      "type": "Feature",
      "properties": {
        "@id": "way/972669787",
        "highway": "via_ferrata",
        "oneway": "yes",
        "via_ferrata_scale": "2"
      },
      "geometry": {
        "type": "LineString",
        "coordinates": [
          [
            7.340572,
            46.0057937
          ],
          [
            7.3407172,
            46.0058886
          ],
          [
            7.3408049,
            46.0059215
          ],
          [
            7.3408911,
            46.0059355
          ],
          [
            7.3410162,
            46.0059564
          ],
          [
            7.3411427,
            46.0060034
          ],
          [
            7.3412217,
            46.0060283
          ],
          [
            7.3413453,
            46.0060713
          ],
          [
            7.341479,
            46.0061022
          ],
          [
            7.3416357,
            46.0061292
          ],
          [
            7.3417262,
            46.0060812
          ],
          [
            7.3418182,
            46.0059135
          ],
          [
            7.3418455,
            46.0058506
          ],
          [
            7.34195,
            46.0057676
          ],
          [
            7.3420466,
            46.0057017
          ],
          [
            7.3420919,
            46.0056522
          ],
          [
            7.3420806,
            46.0056344
          ],
          [
            7.342056,
            46.0056203
          ]
        ]
      },
      "id": "way/972669787"
    },
    {
      "type": "Feature",
      "properties": {
        "@id": "way/972669788",
        "highway": "via_ferrata",
        "oneway": "yes"
      },
      "geometry": {
        "type": "LineString",
        "coordinates": [
          [
            7.3399554,
            46.0058376
          ],
          [
            7.3401035,
            46.0058546
          ],
          [
            7.3402084,
            46.0059105
          ],
          [
            7.3402946,
            46.0059554
          ]
        ]
      },
      "id": "way/972669788"
    },
    {
      "type": "Feature",
      "properties": {
        "@id": "way/972669789",
        "bridge": "yes",
        "bridge:structure": "simple-suspension",
        "cable_number": "4",
        "highway": "via_ferrata",
        "layer": "1",
        "oneway": "yes"
      },
      "geometry": {
        "type": "LineString",
        "coordinates": [
          [
            7.3402946,
            46.0059554
          ],
          [
            7.3403909,
            46.0058993
          ],
          [
            7.340572,
            46.0057937
          ]
        ]
      },
      "id": "way/972669789"
    },
    {
      "type": "Feature",
      "properties": {
        "@id": "way/972881353",
        "highway": "via_ferrata",
        "name": "Speer Klettersteig",
        "sac_scale": "demanding_alpine_hiking",
        "surface": "rock",
        "via_ferrata_scale": "2+"
      },
      "geometry": {
        "type": "LineString",
        "coordinates": [
          [
            9.1220252,
            47.1873168
          ],
          [
            9.122007,
            47.1873002
          ],
          [
            9.1219489,
            47.1873046
          ],
          [
            9.121917,
            47.1872857
          ],
          [
            9.1219444,
            47.1872566
          ],
          [
            9.1219478,
            47.1872275
          ],
          [
            9.1220053,
            47.1871774
          ],
          [
            9.1220774,
            47.1871232
          ],
          [
            9.1220824,
            47.1871032
          ],
          [
            9.1220409,
            47.1870905
          ],
          [
            9.1219763,
            47.1871049
          ],
          [
            9.1219482,
            47.1871102
          ],
          [
            9.1219264,
            47.1871086
          ],
          [
            9.1219106,
            47.1870917
          ],
          [
            9.1219376,
            47.1870415
          ],
          [
            9.1219374,
            47.1869928
          ],
          [
            9.1219135,
            47.186957
          ],
          [
            9.1219111,
            47.1869162
          ],
          [
            9.1218915,
            47.1868837
          ],
          [
            9.1218909,
            47.1868588
          ],
          [
            9.1220098,
            47.1869044
          ],
          [
            9.1220904,
            47.1868172
          ],
          [
            9.1221305,
            47.1868014
          ],
          [
            9.1221694,
            47.186836
          ],
          [
            9.1222026,
            47.1867551
          ],
          [
            9.122278,
            47.1867449
          ],
          [
            9.1222928,
            47.1867075
          ],
          [
            9.1223169,
            47.1866948
          ],
          [
            9.1223987,
            47.1867012
          ],
          [
            9.1224336,
            47.1867094
          ],
          [
            9.1224618,
            47.1866775
          ],
          [
            9.1224815,
            47.1866739
          ],
          [
            9.1224954,
            47.1866292
          ],
          [
            9.1225526,
            47.1865835
          ],
          [
            9.1225676,
            47.1865494
          ],
          [
            9.1225587,
            47.1865285
          ],
          [
            9.1225923,
            47.1864643
          ],
          [
            9.1225541,
            47.1864499
          ],
          [
            9.1225319,
            47.1864373
          ],
          [
            9.1224484,
            47.1864577
          ],
          [
            9.1224343,
            47.1864419
          ],
          [
            9.1224289,
            47.1863694
          ],
          [
            9.1225212,
            47.1861817
          ],
          [
            9.1225407,
            47.1861739
          ],
          [
            9.1225692,
            47.1861874
          ],
          [
            9.1226113,
            47.1861764
          ],
          [
            9.1226143,
            47.1861425
          ],
          [
            9.1225825,
            47.186095
          ],
          [
            9.1225275,
            47.186054
          ],
          [
            9.1223926,
            47.1859896
          ],
          [
            9.1222959,
            47.1859611
          ],
          [
            9.1221986,
            47.1859047
          ],
          [
            9.1221048,
            47.1858901
          ],
          [
            9.1220641,
            47.1858745
          ],
          [
            9.1219689,
            47.1857822
          ],
          [
            9.1219307,
            47.1857541
          ],
          [
            9.1218738,
            47.1857503
          ],
          [
            9.12179,
            47.1857058
          ],
          [
            9.1217456,
            47.185653
          ],
          [
            9.1217094,
            47.1856165
          ],
          [
            9.1218382,
            47.185622
          ],
          [
            9.1218342,
            47.1855777
          ],
          [
            9.1218958,
            47.1855328
          ],
          [
            9.1219162,
            47.1855728
          ],
          [
            9.1219842,
            47.1855603
          ],
          [
            9.1220715,
            47.185622
          ],
          [
            9.1221278,
            47.1856111
          ],
          [
            9.1221403,
            47.1856047
          ],
          [
            9.1222648,
            47.1856418
          ],
          [
            9.1223399,
            47.1856715
          ],
          [
            9.122444,
            47.1857324
          ],
          [
            9.1224643,
            47.1857476
          ],
          [
            9.122574,
            47.1858251
          ],
          [
            9.1226122,
            47.1858514
          ],
          [
            9.1226417,
            47.1858542
          ],
          [
            9.1226674,
            47.1858471
          ],
          [
            9.1227111,
            47.185814
          ],
          [
            9.122793,
            47.1857961
          ],
          [
            9.1227261,
            47.1857838
          ],
          [
            9.1228199,
            47.1857797
          ],
          [
            9.1228319,
            47.1857551
          ]
        ]
      },
      "id": "way/972881353"
    },
    {
      "type": "Feature",
      "properties": {
        "@id": "way/996228743",
        "highway": "via_ferrata",
        "name": "Gemstritt + Adlerhorst",
        "sac_scale": "alpine_hiking"
      },
      "geometry": {
        "type": "LineString",
        "coordinates": [
          [
            8.4191148,
            46.8521974
          ],
          [
            8.419196,
            46.8522475
          ],
          [
            8.4193781,
            46.8522685
          ],
          [
            8.4194525,
            46.8522397
          ]
        ]
      },
      "id": "way/996228743"
    },
    {
      "type": "Feature",
      "properties": {
        "@id": "way/1012204581",
        "highway": "via_ferrata",
        "name": "Klettersteig Aletsch",
        "oneway": "yes",
        "via_ferrata_scale": "4"
      },
      "geometry": {
        "type": "LineString",
        "coordinates": [
          [
            8.0046304,
            46.3717366
          ],
          [
            8.0046159,
            46.3716929
          ],
          [
            8.0044092,
            46.3715194
          ],
          [
            8.0042464,
            46.3713256
          ],
          [
            8.0042607,
            46.3709107
          ],
          [
            8.0040057,
            46.3704391
          ],
          [
            8.003976,
            46.3704197
          ],
          [
            8.0039532,
            46.3703831
          ],
          [
            8.0039556,
            46.3703161
          ],
          [
            8.0038635,
            46.370212
          ],
          [
            8.0038706,
            46.3701144
          ],
          [
            8.0035932,
            46.3698739
          ]
        ]
      },
      "id": "way/1012204581"
    },
    {
      "type": "Feature",
      "properties": {
        "@id": "way/1012204582",
        "aerialway": "zip_line",
        "highway": "via_ferrata",
        "name": "Klettersteig Aletsch",
        "oneway": "yes",
        "via_ferrata_scale": "4"
      },
      "geometry": {
        "type": "LineString",
        "coordinates": [
          [
            8.0045891,
            46.3717876
          ],
          [
            8.0046304,
            46.3717366
          ]
        ]
      },
      "id": "way/1012204582"
    },
    {
      "type": "Feature",
      "properties": {
        "@id": "way/1012204583",
        "highway": "via_ferrata",
        "name": "Klettersteig Aletsch",
        "oneway": "yes",
        "via_ferrata_scale": "4"
      },
      "geometry": {
        "type": "LineString",
        "coordinates": [
          [
            8.004133,
            46.3725591
          ],
          [
            8.0041372,
            46.3725435
          ],
          [
            8.0041149,
            46.3725213
          ],
          [
            8.0041256,
            46.3724923
          ],
          [
            8.004105,
            46.3724688
          ],
          [
            8.0041104,
            46.3724509
          ],
          [
            8.0041865,
            46.3724219
          ],
          [
            8.0044074,
            46.3723046
          ],
          [
            8.0043502,
            46.3721663
          ],
          [
            8.0044719,
            46.3720515
          ],
          [
            8.0045148,
            46.3719478
          ],
          [
            8.0045398,
            46.3719262
          ],
          [
            8.0044878,
            46.3718288
          ],
          [
            8.0045027,
            46.3718049
          ],
          [
            8.0045309,
            46.3717938
          ],
          [
            8.0045891,
            46.3717876
          ]
        ]
      },
      "id": "way/1012204583"
    },
    {
      "type": "Feature",
      "properties": {
        "@id": "way/1012204584",
        "bridge": "yes",
        "highway": "via_ferrata",
        "layer": "1",
        "name": "Klettersteig Aletsch",
        "oneway": "yes",
        "via_ferrata_scale": "4"
      },
      "geometry": {
        "type": "LineString",
        "coordinates": [
          [
            8.0041082,
            46.372577
          ],
          [
            8.004133,
            46.3725591
          ]
        ]
      },
      "id": "way/1012204584"
    },
    {
      "type": "Feature",
      "properties": {
        "@id": "way/1014463566",
        "highway": "via_ferrata",
        "name": "Via Ferrata de Tière",
        "oneway": "yes",
        "via_ferrata_scale": "4"
      },
      "geometry": {
        "type": "LineString",
        "coordinates": [
          [
            6.8835557,
            46.177392
          ],
          [
            6.8836082,
            46.1774171
          ],
          [
            6.8836838,
            46.1774445
          ],
          [
            6.8837993,
            46.1774525
          ],
          [
            6.8839277,
            46.1774573
          ],
          [
            6.8840425,
            46.1774282
          ],
          [
            6.8841799,
            46.1773842
          ],
          [
            6.8842853,
            46.1773273
          ],
          [
            6.8843505,
            46.1772625
          ],
          [
            6.884404,
            46.1771879
          ],
          [
            6.8844912,
            46.17711
          ],
          [
            6.8846006,
            46.1770248
          ],
          [
            6.8846714,
            46.1769634
          ],
          [
            6.8847966,
            46.1768367
          ]
        ]
      },
      "id": "way/1014463566"
    },
    {
      "type": "Feature",
      "properties": {
        "@id": "way/1047797338",
        "highway": "via_ferrata",
        "name": "Ferrata de Moiry"
      },
      "geometry": {
        "type": "LineString",
        "coordinates": [
          [
            7.5730717,
            46.1397686
          ],
          [
            7.5730909,
            46.1397753
          ],
          [
            7.5731475,
            46.1398088
          ],
          [
            7.5731639,
            46.1397587
          ],
          [
            7.5731796,
            46.1396901
          ],
          [
            7.5732084,
            46.1396224
          ],
          [
            7.5732832,
            46.1395734
          ],
          [
            7.5733715,
            46.1395387
          ],
          [
            7.5733491,
            46.1395722
          ],
          [
            7.5733498,
            46.1395988
          ],
          [
            7.5733,
            46.1396114
          ],
          [
            7.5732514,
            46.1396308
          ],
          [
            7.5732953,
            46.1396394
          ],
          [
            7.5733574,
            46.1396479
          ],
          [
            7.5734845,
            46.1396688
          ],
          [
            7.5735207,
            46.1396414
          ],
          [
            7.573579,
            46.1396401
          ],
          [
            7.5736304,
            46.139571
          ],
          [
            7.5735954,
            46.1395804
          ],
          [
            7.5735745,
            46.1395801
          ],
          [
            7.5736077,
            46.1395628
          ],
          [
            7.5736369,
            46.139549
          ],
          [
            7.5736201,
            46.139527
          ],
          [
            7.5736296,
            46.1395103
          ],
          [
            7.5736797,
            46.1394709
          ],
          [
            7.5737601,
            46.139471
          ],
          [
            7.5738104,
            46.139517
          ],
          [
            7.57388,
            46.1395492
          ],
          [
            7.5739279,
            46.139578
          ],
          [
            7.5738717,
            46.1395528
          ],
          [
            7.5738026,
            46.1395322
          ],
          [
            7.5737004,
            46.1395815
          ],
          [
            7.5736603,
            46.1396508
          ],
          [
            7.5736311,
            46.1396794
          ],
          [
            7.573667,
            46.1396977
          ],
          [
            7.5737312,
            46.139683
          ],
          [
            7.5737876,
            46.1396895
          ],
          [
            7.5739406,
            46.1398204
          ],
          [
            7.5741582,
            46.1398307
          ],
          [
            7.574195,
            46.1398251
          ],
          [
            7.5742262,
            46.1398057
          ],
          [
            7.5742605,
            46.1397651
          ]
        ]
      },
      "id": "way/1047797338"
    },
    {
      "type": "Feature",
      "properties": {
        "@id": "way/1072462365",
        "fixme": "Exact position (current is assumed from Bing), then join with northern part of via ferrata.",
        "highway": "via_ferrata",
        "name": "Via Ferrata de la Tête aux Chamois",
        "overhang": "yes",
        "rungs": "yes",
        "url": "https://www.bergsteigen.com/touren/klettersteig/ferrata-de-la-tete-aux-chamois/",
        "via_ferrata_scale": "5"
      },
      "geometry": {
        "type": "LineString",
        "coordinates": [
          [
            7.2135758,
            46.3401581
          ],
          [
            7.2133197,
            46.3400294
          ],
          [
            7.2134444,
            46.3395313
          ],
          [
            7.2133961,
            46.3391526
          ]
        ]
      },
      "id": "way/1072462365"
    },
    {
      "type": "Feature",
      "properties": {
        "@id": "way/1072467119",
        "fixme": "Exact shape (current is assumed from Bing)",
        "highway": "via_ferrata",
        "name": "Via Ferrata des Dames Anglaises",
        "old_name": "Ferrata de Pierredar",
        "via_ferrata_scale": "3"
      },
      "geometry": {
        "type": "LineString",
        "coordinates": [
          [
            7.1947289,
            46.3213199
          ],
          [
            7.1950879,
            46.3214073
          ],
          [
            7.1988988,
            46.3217118
          ],
          [
            7.1999395,
            46.3221267
          ],
          [
            7.2021925,
            46.3226898
          ],
          [
            7.2023964,
            46.3231788
          ],
          [
            7.2063446,
            46.3228972
          ],
          [
            7.2099471,
            46.3218144
          ]
        ]
      },
      "id": "way/1072467119"
    },
    {
      "type": "Feature",
      "properties": {
        "@id": "way/1072672256",
        "access:conditional": "yes @ (Jun-Sept; Oct 1-Oct Fr[1]; Fr[1]); no @ wet",
        "highway": "via_ferrata",
        "name": "Via Ferrata Dauberhorn",
        "sport": "via_ferrata",
        "toll": "no",
        "via_ferrata_scale": "5",
        "website": "https://www.viaferrata-leukerbad.ch/klettersteig-daubenhorn",
        "wheelchair": "no"
      },
      "geometry": {
        "type": "LineString",
        "coordinates": [
          [
            7.6075906,
            46.3850409
          ],
          [
            7.6073348,
            46.3850812
          ],
          [
            7.6071203,
            46.3851348
          ],
          [
            7.6070264,
            46.3851126
          ],
          [
            7.6066838,
            46.3850639
          ],
          [
            7.6062512,
            46.3847925
          ],
          [
            7.606034,
            46.3848221
          ],
          [
            7.6059455,
            46.3848998
          ],
          [
            7.6059803,
            46.3851108
          ],
          [
            7.6062191,
            46.3853494
          ],
          [
            7.6061118,
            46.3854808
          ],
          [
            7.6061413,
            46.3857176
          ],
          [
            7.6063219,
            46.3859403
          ],
          [
            7.6061895,
            46.3860118
          ],
          [
            7.6058274,
            46.3860673
          ],
          [
            7.6057778,
            46.3861376
          ],
          [
            7.6057389,
            46.3861691
          ],
          [
            7.6055968,
            46.3861552
          ],
          [
            7.6054801,
            46.3861811
          ],
          [
            7.6053266,
            46.3862707
          ],
          [
            7.6052075,
            46.3865124
          ],
          [
            7.6048458,
            46.3866686
          ],
          [
            7.6046304,
            46.3867234
          ],
          [
            7.6041065,
            46.3870282
          ],
          [
            7.6038091,
            46.3870347
          ],
          [
            7.6034218,
            46.3870973
          ],
          [
            7.603201,
            46.3871055
          ],
          [
            7.6030701,
            46.3872067
          ],
          [
            7.6028803,
            46.3873952
          ],
          [
            7.6027215,
            46.3876899
          ],
          [
            7.6026454,
            46.3877267
          ]
        ]
      },
      "id": "way/1072672256"
    },
    {
      "type": "Feature",
      "properties": {
        "@id": "way/1072672257",
        "access:conditional": "yes @ (May-Oct); no @ wet",
        "bridge": "yes",
        "description": "Mischung aus Klettersteig- und Hochseilgarten-Erlebnis",
        "fixme": "bridge:structure=simple-suspension + cable_number=number (Gesamtzahl Drahtseile). Exact shape (current is assumed from Bing).",
        "highway": "via_ferrata",
        "ladder": "yes",
        "name": "Erlebnisklettersteig",
        "rungs": "yes",
        "toll": "no",
        "via_ferrata_scale": "3",
        "website": "https://www.viaferrata-leukerbad.ch/erlebnisklettersteig"
      },
      "geometry": {
        "type": "LineString",
        "coordinates": [
          [
            7.6145352,
            46.397305
          ],
          [
            7.6154324,
            46.3973245
          ]
        ]
      },
      "id": "way/1072672257"
    },
    {
      "type": "Feature",
      "properties": {
        "@id": "way/1072672258",
        "access:conditional": "yes @ (May-Oct); no @ wet",
        "description": "Mischung aus Klettersteig- und Hochseilgarten-Erlebnis",
        "fixme": "Exact shape (current is assumed from Bing)",
        "highway": "via_ferrata",
        "ladder": "yes",
        "name": "Erlebnisklettersteig",
        "rungs": "yes",
        "toll": "no",
        "via_ferrata_scale": "3",
        "website": "https://www.viaferrata-leukerbad.ch/erlebnisklettersteig"
      },
      "geometry": {
        "type": "LineString",
        "coordinates": [
          [
            7.6145475,
            46.3976578
          ],
          [
            7.6145352,
            46.397305
          ]
        ]
      },
      "id": "way/1072672258"
    },
    {
      "type": "Feature",
      "properties": {
        "@id": "way/1072672259",
        "access:conditional": "yes @ (May-Oct); no @ wet",
        "description": "Mischung aus Klettersteig- und Hochseilgarten-Erlebnis",
        "fixme": "Exact shape (current is assumed from Bing)",
        "highway": "via_ferrata",
        "ladder": "yes",
        "name": "Erlebnisklettersteig",
        "rungs": "yes",
        "toll": "no",
        "via_ferrata_scale": "3",
        "website": "https://www.viaferrata-leukerbad.ch/erlebnisklettersteig"
      },
      "geometry": {
        "type": "LineString",
        "coordinates": [
          [
            7.6154324,
            46.3973245
          ],
          [
            7.6171598,
            46.3981125
          ],
          [
            7.6170864,
            46.3990337
          ]
        ]
      },
      "id": "way/1072672259"
    },
    {
      "type": "Feature",
      "properties": {
        "@id": "way/1086723284",
        "highway": "via_ferrata",
        "name": "Via Ferrata du Lavanchy"
      },
      "geometry": {
        "type": "LineString",
        "coordinates": [
          [
            7.1217128,
            46.2580262
          ],
          [
            7.1216564,
            46.2580404
          ],
          [
            7.1216985,
            46.2580739
          ],
          [
            7.1216622,
            46.2580905
          ],
          [
            7.1215638,
            46.2580337
          ]
        ]
      },
      "id": "way/1086723284"
    },
    {
      "type": "Feature",
      "properties": {
        "@id": "way/1087425466",
        "highway": "via_ferrata",
        "via_ferrata_scale": "1"
      },
      "geometry": {
        "type": "LineString",
        "coordinates": [
          [
            8.9837399,
            46.9568204
          ],
          [
            8.983925,
            46.9569192
          ],
          [
            8.9839585,
            46.9569879
          ],
          [
            8.9838968,
            46.9570492
          ],
          [
            8.9841034,
            46.9571197
          ],
          [
            8.9841597,
            46.957203
          ],
          [
            8.9842468,
            46.9572268
          ],
          [
            8.9843394,
            46.9572332
          ],
          [
            8.9843528,
            46.9571892
          ],
          [
            8.9844078,
            46.9571288
          ],
          [
            8.984499,
            46.9571243
          ],
          [
            8.9845379,
            46.9570849
          ],
          [
            8.9845687,
            46.9570364
          ],
          [
            8.9847015,
            46.9569714
          ]
        ]
      },
      "id": "way/1087425466"
    },
    {
      "type": "Feature",
      "properties": {
        "@id": "way/1102219169",
        "bridge": "yes",
        "highway": "via_ferrata",
        "name": "Gabi Klettersteig",
        "oneway": "yes",
        "rungs": "yes",
        "sac_scale": "demanding_alpine_hiking",
        "smoothness": "impassable",
        "surface": "rock",
        "trail_visibility": "excellent",
        "via_ferrata_scale": "4"
      },
      "geometry": {
        "type": "LineString",
        "coordinates": [
          [
            8.0773759,
            46.1849944
          ],
          [
            8.0772384,
            46.1850794
          ],
          [
            8.0772579,
            46.1851565
          ],
          [
            8.0772391,
            46.185241
          ],
          [
            8.0772575,
            46.1852707
          ],
          [
            8.0772958,
            46.1852981
          ],
          [
            8.0772488,
            46.1853008
          ],
          [
            8.0772441,
            46.1853078
          ],
          [
            8.0772756,
            46.1853231
          ],
          [
            8.0772696,
            46.1853426
          ],
          [
            8.0772435,
            46.1853494
          ],
          [
            8.077225,
            46.185351
          ],
          [
            8.077222,
            46.1853575
          ],
          [
            8.0772629,
            46.1853763
          ],
          [
            8.0772753,
            46.1853888
          ],
          [
            8.0772498,
            46.1854062
          ],
          [
            8.0771774,
            46.1854202
          ],
          [
            8.077172,
            46.1854703
          ],
          [
            8.0772351,
            46.1855743
          ],
          [
            8.0772337,
            46.1856578
          ],
          [
            8.0773075,
            46.1857228
          ],
          [
            8.0773316,
            46.1857721
          ],
          [
            8.0773142,
            46.1858751
          ],
          [
            8.0772418,
            46.185954
          ],
          [
            8.0771653,
            46.1860032
          ],
          [
            8.0771667,
            46.1860654
          ],
          [
            8.0772565,
            46.186149
          ],
          [
            8.0772203,
            46.1862567
          ],
          [
            8.077227,
            46.1863124
          ],
          [
            8.0771895,
            46.1863802
          ],
          [
            8.0771855,
            46.1864331
          ],
          [
            8.0771103,
            46.1864461
          ],
          [
            8.0770741,
            46.1864749
          ],
          [
            8.077058,
            46.1865566
          ],
          [
            8.0770607,
            46.1867024
          ],
          [
            8.076991,
            46.1868175
          ],
          [
            8.0768958,
            46.1868741
          ],
          [
            8.076818,
            46.1869206
          ],
          [
            8.0767845,
            46.1870663
          ],
          [
            8.0767536,
            46.1871109
          ],
          [
            8.0767295,
            46.187122
          ],
          [
            8.0767563,
            46.1871555
          ],
          [
            8.076763,
            46.187175
          ],
          [
            8.0767429,
            46.1871815
          ],
          [
            8.0766638,
            46.187174
          ],
          [
            8.0765538,
            46.1871842
          ],
          [
            8.0765028,
            46.1872232
          ],
          [
            8.0764331,
            46.1872957
          ],
          [
            8.0762641,
            46.1873329
          ]
        ]
      },
      "id": "way/1102219169"
    },
    {
      "type": "Feature",
      "properties": {
        "@id": "way/1111057213",
        "alt_name": "Fründenschnur mit Zürcherschnyda",
        "highway": "via_ferrata",
        "layer": "1",
        "name": "Klettersteig Zürcherschnyda"
      },
      "geometry": {
        "type": "LineString",
        "coordinates": [
          [
            7.7426758,
            46.4888847
          ],
          [
            7.7427646,
            46.4888404
          ],
          [
            7.7428882,
            46.4887949
          ],
          [
            7.7429717,
            46.48885
          ],
          [
            7.7430204,
            46.4888943
          ],
          [
            7.7430674,
            46.488874
          ],
          [
            7.743198,
            46.4887398
          ],
          [
            7.7433929,
            46.48859
          ],
          [
            7.7435164,
            46.4885253
          ],
          [
            7.7436557,
            46.4885001
          ],
          [
            7.7437531,
            46.488457
          ],
          [
            7.7439864,
            46.4883911
          ],
          [
            7.7442022,
            46.4883024
          ],
          [
            7.7442996,
            46.4882593
          ],
          [
            7.744458,
            46.488324
          ],
          [
            7.7445833,
            46.4883264
          ],
          [
            7.7447626,
            46.4882808
          ],
          [
            7.7451054,
            46.4882089
          ],
          [
            7.7454605,
            46.4881921
          ],
          [
            7.7457825,
            46.4879573
          ],
          [
            7.7459217,
            46.4877823
          ],
          [
            7.7459426,
            46.4876949
          ],
          [
            7.7460731,
            46.4875511
          ],
          [
            7.7463185,
            46.487442
          ],
          [
            7.7468006,
            46.4872287
          ],
          [
            7.7468894,
            46.4873006
          ],
          [
            7.7472931,
            46.4871436
          ],
          [
            7.7475211,
            46.4871221
          ],
          [
            7.7477857,
            46.4871221
          ],
          [
            7.7479057,
            46.4870897
          ],
          [
            7.7484975,
            46.48662
          ],
          [
            7.7489378,
            46.4864462
          ],
          [
            7.7491292,
            46.4863216
          ],
          [
            7.7492406,
            46.4863492
          ],
          [
            7.749352,
            46.4862988
          ],
          [
            7.7494356,
            46.4861047
          ],
          [
            7.7494878,
            46.4858639
          ],
          [
            7.7497802,
            46.4857884
          ],
          [
            7.7500186,
            46.4856793
          ],
          [
            7.7500952,
            46.4856398
          ],
          [
            7.7500169,
            46.4856194
          ],
          [
            7.7499055,
            46.4856278
          ],
          [
            7.7496705,
            46.4856458
          ],
          [
            7.7495539,
            46.4856134
          ],
          [
            7.7493677,
            46.4855691
          ],
          [
            7.7491971,
            46.485454
          ],
          [
            7.7491153,
            46.4852611
          ],
          [
            7.7488438,
            46.4852048
          ],
          [
            7.7487168,
            46.4851928
          ],
          [
            7.7486071,
            46.4851269
          ],
          [
            7.7484992,
            46.4850178
          ],
          [
            7.7484662,
            46.4850142
          ],
          [
            7.748313,
            46.4850634
          ],
          [
            7.7481233,
            46.4850046
          ],
          [
            7.7480067,
            46.484922
          ],
          [
            7.747904,
            46.4847506
          ],
          [
            7.7478605,
            46.4845361
          ],
          [
            7.7476952,
            46.4843695
          ],
          [
            7.7476081,
            46.4842593
          ],
          [
            7.7473384,
            46.4840915
          ],
          [
            7.7472479,
            46.4841155
          ],
          [
            7.7471121,
            46.4842293
          ],
          [
            7.7469955,
            46.4842617
          ],
          [
            7.7467832,
            46.4842557
          ],
          [
            7.7466492,
            46.4842185
          ],
          [
            7.7465012,
            46.484046
          ],
          [
            7.7464682,
            46.4839645
          ],
          [
            7.7462645,
            46.4838267
          ],
          [
            7.7461062,
            46.483738
          ],
          [
            7.7459252,
            46.4837188
          ],
          [
            7.7456867,
            46.4837308
          ],
          [
            7.7454205,
            46.483714
          ],
          [
            7.7452499,
            46.4836637
          ],
          [
            7.7450811,
            46.4835175
          ],
          [
            7.7446877,
            46.4831148
          ],
          [
            7.7446025,
            46.4830537
          ],
          [
            7.7442787,
            46.4830657
          ],
          [
            7.7441778,
            46.4830249
          ],
          [
            7.7440612,
            46.482826
          ],
          [
            7.7438663,
            46.4827505
          ],
          [
            7.7436992,
            46.4827433
          ],
          [
            7.743506,
            46.4827289
          ],
          [
            7.7432044,
            46.4828307
          ]
        ]
      },
      "id": "way/1111057213"
    },
    {
      "type": "Feature",
      "properties": {
        "@id": "way/1156335147",
        "bicycle": "no",
        "highway": "via_ferrata",
        "name": "Mürreflue - Klettersteig",
        "sac_scale": "difficult_alpine_hiking",
        "via_ferrata_scale": "3"
      },
      "geometry": {
        "type": "LineString",
        "coordinates": [
          [
            7.8960666,
            46.5595127
          ],
          [
            7.8962851,
            46.5593898
          ]
        ]
      },
      "id": "way/1156335147"
    },
    {
      "type": "Feature",
      "properties": {
        "@id": "way/1156335148",
        "bicycle": "no",
        "highway": "via_ferrata",
        "name": "Mürreflue - Klettersteig",
        "sac_scale": "difficult_alpine_hiking",
        "via_ferrata_scale": "3"
      },
      "geometry": {
        "type": "LineString",
        "coordinates": [
          [
            7.8958172,
            46.5594345
          ],
          [
            7.8960666,
            46.5595127
          ]
        ]
      },
      "id": "way/1156335148"
    },
    {
      "type": "Feature",
      "properties": {
        "@id": "way/1171739176",
        "highway": "via_ferrata",
        "name": "Ferrata d‘Arrampicata",
        "oneway": "yes",
        "sac_scale": "demanding_alpine_hiking",
        "surface": "ground",
        "url:de": "https://www.bergsteigen.com/touren/klettersteig/ferrata-darrampicata-san-salvatore/",
        "via_ferrata_scale": "3",
        "website": "https://www.montesansalvatore.ch/attivita/via-ferrata/"
      },
      "geometry": {
        "type": "LineString",
        "coordinates": [
          [
            8.9477505,
            45.9805383
          ],
          [
            8.9478144,
            45.9805521
          ],
          [
            8.9478652,
            45.9805521
          ],
          [
            8.9479139,
            45.980573
          ],
          [
            8.9480081,
            45.9805774
          ],
          [
            8.9480523,
            45.9805525
          ],
          [
            8.9480585,
            45.9805278
          ],
          [
            8.9482863,
            45.9805291
          ],
          [
            8.9483475,
            45.9805338
          ],
          [
            8.9483522,
            45.9805027
          ],
          [
            8.9483337,
            45.980454
          ]
        ]
      },
      "id": "way/1171739176"
    },
    {
      "type": "Feature",
      "properties": {
        "@id": "way/1183971631",
        "highway": "via_ferrata",
        "name": "Ferrata de Moiry"
      },
      "geometry": {
        "type": "LineString",
        "coordinates": [
          [
            7.573579,
            46.1396401
          ],
          [
            7.5734989,
            46.13907
          ]
        ]
      },
      "id": "way/1183971631"
    },
    {
      "type": "Feature",
      "properties": {
        "@id": "way/1191232002",
        "highway": "via_ferrata",
        "name": "Canale del Becco",
        "sac_scale": "difficult_alpine_hiking"
      },
      "geometry": {
        "type": "LineString",
        "coordinates": [
          [
            8.5109882,
            46.4642224
          ],
          [
            8.5111085,
            46.464298
          ],
          [
            8.5111811,
            46.4643821
          ],
          [
            8.5111439,
            46.4644711
          ],
          [
            8.5111563,
            46.4645588
          ],
          [
            8.5112465,
            46.4644906
          ],
          [
            8.5113032,
            46.4645686
          ],
          [
            8.5114217,
            46.4646076
          ],
          [
            8.511404,
            46.4645149
          ],
          [
            8.5115474,
            46.4645357
          ],
          [
            8.511673,
            46.4645771
          ],
          [
            8.5116677,
            46.4644491
          ],
          [
            8.5116465,
            46.4643528
          ],
          [
            8.511827,
            46.4643857
          ],
          [
            8.5119261,
            46.4644333
          ],
          [
            8.5120252,
            46.4644967
          ],
          [
            8.5121844,
            46.4645478
          ],
          [
            8.5123118,
            46.4645466
          ],
          [
            8.5123455,
            46.4644576
          ],
          [
            8.5126091,
            46.4643991
          ],
          [
            8.512733,
            46.4644272
          ],
          [
            8.5127348,
            46.4645162
          ],
          [
            8.5126941,
            46.4646027
          ],
          [
            8.5127295,
            46.4646929
          ],
          [
            8.5128162,
            46.4647648
          ]
        ]
      },
      "id": "way/1191232002"
    },
    {
      "type": "Feature",
      "properties": {
        "@id": "way/1193149648",
        "highway": "via_ferrata",
        "name": "Klettersteig Filmspitze",
        "source": "GPS",
        "sport": "climbing",
        "via_ferrata_scale": "3"
      },
      "geometry": {
        "type": "LineString",
        "coordinates": [
          [
            10.34175,
            46.9821866
          ],
          [
            10.3417743,
            46.9822075
          ],
          [
            10.3418109,
            46.9822528
          ],
          [
            10.3418431,
            46.9822369
          ],
          [
            10.3418657,
            46.9822333
          ],
          [
            10.3418958,
            46.9822241
          ],
          [
            10.3419985,
            46.9823247
          ],
          [
            10.3421219,
            46.9822769
          ],
          [
            10.3422157,
            46.9822202
          ],
          [
            10.3427501,
            46.9820689
          ],
          [
            10.3429026,
            46.9820467
          ],
          [
            10.343109,
            46.9821066
          ],
          [
            10.3432146,
            46.9820784
          ],
          [
            10.3432902,
            46.9821822
          ],
          [
            10.343414,
            46.9822073
          ],
          [
            10.3436821,
            46.9821653
          ],
          [
            10.3437828,
            46.9821753
          ]
        ]
      },
      "id": "way/1193149648"
    },
    {
      "type": "Feature",
      "properties": {
        "@id": "way/1204135836",
        "highway": "via_ferrata",
        "name": "Klettersteig Felspfad",
        "via_ferrata_scale": "3"
      },
      "geometry": {
        "type": "LineString",
        "coordinates": [
          [
            8.789109,
            46.9716064
          ],
          [
            8.7890372,
            46.9716919
          ],
          [
            8.7888598,
            46.9717561
          ],
          [
            8.7886453,
            46.9718677
          ],
          [
            8.7883732,
            46.9720028
          ],
          [
            8.7882062,
            46.9720893
          ],
          [
            8.7879748,
            46.972126
          ],
          [
            8.7876543,
            46.9721883
          ],
          [
            8.7874207,
            46.9721963
          ],
          [
            8.7871595,
            46.9722669
          ],
          [
            8.7870419,
            46.9723732
          ],
          [
            8.786911,
            46.9723381
          ],
          [
            8.786752,
            46.9723799
          ],
          [
            8.7867698,
            46.9724628
          ],
          [
            8.7866528,
            46.9725357
          ],
          [
            8.7868844,
            46.9724625
          ],
          [
            8.7871242,
            46.9724235
          ],
          [
            8.7873267,
            46.9723195
          ],
          [
            8.7874099,
            46.9724144
          ],
          [
            8.7872538,
            46.9724616
          ],
          [
            8.7870672,
            46.9724895
          ],
          [
            8.7868286,
            46.9725677
          ],
          [
            8.7867488,
            46.9725717
          ],
          [
            8.7867603,
            46.9726743
          ],
          [
            8.7870197,
            46.9726073
          ],
          [
            8.7872248,
            46.9725312
          ],
          [
            8.7876427,
            46.9723719
          ],
          [
            8.7879457,
            46.9722899
          ],
          [
            8.7885793,
            46.9722075
          ],
          [
            8.7891521,
            46.9721563
          ],
          [
            8.78935,
            46.9721816
          ],
          [
            8.7894421,
            46.9722888
          ]
        ]
      },
      "id": "way/1204135836"
    },
    {
      "type": "Feature",
      "properties": {
        "@id": "way/1211130054",
        "bridge": "yes",
        "highway": "via_ferrata",
        "layer": "1",
        "name": "Passerelle",
        "surface": "wood",
        "via_ferrata_scale": "1+"
      },
      "geometry": {
        "type": "LineString",
        "coordinates": [
          [
            7.2100148,
            46.6197791
          ],
          [
            7.2093748,
            46.6193866
          ]
        ]
      },
      "id": "way/1211130054"
    },
    {
      "type": "Feature",
      "properties": {
        "@id": "way/1211130055",
        "description": "Difficulté K3 (sur K6)",
        "highway": "via_ferrata",
        "name": "Via ferrata Les Contreforts",
        "via_ferrata_scale": "3"
      },
      "geometry": {
        "type": "LineString",
        "coordinates": [
          [
            7.2106673,
            46.6204632
          ],
          [
            7.2104982,
            46.6205101
          ],
          [
            7.210344,
            46.6205101
          ],
          [
            7.2102314,
            46.6203961
          ],
          [
            7.2102255,
            46.6202862
          ],
          [
            7.2101958,
            46.6201804
          ],
          [
            7.2101129,
            46.6201071
          ],
          [
            7.2100121,
            46.6200501
          ],
          [
            7.2101129,
            46.6200419
          ],
          [
            7.2102788,
            46.6200827
          ],
          [
            7.2104626,
            46.6201373
          ]
        ]
      },
      "id": "way/1211130055"
    },
    {
      "type": "Feature",
      "properties": {
        "@id": "way/1211130056",
        "description": "Difficulté K5 (sur K6)",
        "highway": "via_ferrata",
        "name": "Via ferrata Plein Vide 1",
        "via_ferrata_scale": "3"
      },
      "geometry": {
        "type": "LineString",
        "coordinates": [
          [
            7.2107567,
            46.6203552
          ],
          [
            7.2107309,
            46.620278
          ],
          [
            7.2106575,
            46.620278
          ],
          [
            7.2105792,
            46.6202615
          ],
          [
            7.2101958,
            46.6201804
          ]
        ]
      },
      "id": "way/1211130056"
    },
    {
      "type": "Feature",
      "properties": {
        "@id": "way/1211130057",
        "highway": "via_ferrata",
        "name": "Via ferrata Plein Vide 2",
        "via_ferrata_scale": "3"
      },
      "geometry": {
        "type": "LineString",
        "coordinates": [
          [
            7.2107351,
            46.6203813
          ],
          [
            7.2106598,
            46.6202299
          ],
          [
            7.2105792,
            46.6202615
          ]
        ]
      },
      "id": "way/1211130057"
    },
    {
      "type": "Feature",
      "properties": {
        "@id": "way/1211130058",
        "highway": "via_ferrata",
        "name": "Via ferrata descente",
        "via_ferrata_scale": "3"
      },
      "geometry": {
        "type": "LineString",
        "coordinates": [
          [
            7.2104704,
            46.6201275
          ],
          [
            7.2103488,
            46.6200041
          ],
          [
            7.2102448,
            46.6199045
          ],
          [
            7.2101849,
            46.6198093
          ],
          [
            7.2102353,
            46.6197791
          ],
          [
            7.2102164,
            46.6197379
          ],
          [
            7.2101377,
            46.6197012
          ],
          [
            7.2100148,
            46.6197791
          ]
        ]
      },
      "id": "way/1211130058"
    },
    {
      "type": "Feature",
      "properties": {
        "@id": "way/1211130059",
        "description": "Via ferrata descente",
        "highway": "via_ferrata",
        "via_ferrata_scale": "3"
      },
      "geometry": {
        "type": "LineString",
        "coordinates": [
          [
            7.2093748,
            46.6193866
          ],
          [
            7.2094104,
            46.6193763
          ],
          [
            7.2093989,
            46.6193589
          ],
          [
            7.2094793,
            46.6193495
          ],
          [
            7.2095528,
            46.6193179
          ],
          [
            7.2094724,
            46.6192753
          ],
          [
            7.2094402,
            46.6192927
          ],
          [
            7.209369,
            46.6192785
          ],
          [
            7.2093644,
            46.6192138
          ],
          [
            7.2094127,
            46.6191696
          ],
          [
            7.2093507,
            46.6192138
          ],
          [
            7.2093254,
            46.619269
          ],
          [
            7.2092772,
            46.6192312
          ],
          [
            7.2092749,
            46.6191949
          ],
          [
            7.2092221,
            46.6191901
          ]
        ]
      },
      "id": "way/1211130059"
    },
    {
      "type": "Feature",
      "properties": {
        "@id": "way/1211130060",
        "highway": "via_ferrata"
      },
      "geometry": {
        "type": "LineString",
        "coordinates": [
          [
            7.2104626,
            46.6201373
          ],
          [
            7.2104704,
            46.6201275
          ]
        ]
      },
      "id": "way/1211130060"
    },
    {
      "type": "Feature",
      "properties": {
        "@id": "way/1240488587",
        "highway": "via_ferrata"
      },
      "geometry": {
        "type": "LineString",
        "coordinates": [
          [
            7.2069518,
            46.4608003
          ],
          [
            7.2069812,
            46.4608377
          ],
          [
            7.2070225,
            46.460864
          ],
          [
            7.2070499,
            46.4609252
          ],
          [
            7.2072269,
            46.4610952
          ],
          [
            7.2074227,
            46.4614426
          ],
          [
            7.2074442,
            46.4613502
          ],
          [
            7.2074589,
            46.4614793
          ],
          [
            7.207471,
            46.4615811
          ],
          [
            7.2076346,
            46.4617197
          ],
          [
            7.2078089,
            46.461764
          ],
          [
            7.2079618,
            46.461849
          ],
          [
            7.2080342,
            46.4619802
          ],
          [
            7.208045,
            46.462213
          ],
          [
            7.2080155,
            46.462346
          ],
          [
            7.208053,
            46.4623719
          ],
          [
            7.208229,
            46.4622196
          ]
        ]
      },
      "id": "way/1240488587"
    },
    {
      "type": "Feature",
      "properties": {
        "@id": "way/1240488589",
        "highway": "via_ferrata"
      },
      "geometry": {
        "type": "LineString",
        "coordinates": [
          [
            7.2069518,
            46.4608003
          ],
          [
            7.2070486,
            46.460795
          ],
          [
            7.2071402,
            46.4608154
          ],
          [
            7.2072034,
            46.4608658
          ],
          [
            7.2072395,
            46.4609015
          ],
          [
            7.207309,
            46.4609144
          ],
          [
            7.2073296,
            46.4609373
          ],
          [
            7.2073275,
            46.4609661
          ],
          [
            7.2073638,
            46.4610888
          ],
          [
            7.2073977,
            46.4610987
          ],
          [
            7.2074247,
            46.461091
          ],
          [
            7.2074264,
            46.4610481
          ],
          [
            7.2074516,
            46.461025
          ],
          [
            7.2076269,
            46.4610076
          ],
          [
            7.2077147,
            46.4610319
          ],
          [
            7.2078078,
            46.4611052
          ],
          [
            7.2079964,
            46.4611669
          ],
          [
            7.208003,
            46.4611869
          ],
          [
            7.2079935,
            46.4612069
          ],
          [
            7.2080501,
            46.4612673
          ],
          [
            7.2080416,
            46.4612879
          ],
          [
            7.2079815,
            46.4613047
          ]
        ]
      },
      "id": "way/1240488589"
    },
    {
      "type": "Feature",
      "properties": {
        "@id": "way/1240488590",
        "highway": "via_ferrata",
        "oneway": "yes"
      },
      "geometry": {
        "type": "LineString",
        "coordinates": [
          [
            7.2085742,
            46.4618624
          ],
          [
            7.2084126,
            46.4619259
          ],
          [
            7.2081443,
            46.4619687
          ],
          [
            7.208229,
            46.4622196
          ]
        ]
      },
      "id": "way/1240488590"
    },
    {
      "type": "Feature",
      "properties": {
        "@id": "way/1279733507",
        "highway": "via_ferrata",
        "incline": "up",
        "ladder": "yes",
        "rungs": "yes"
      },
      "geometry": {
        "type": "LineString",
        "coordinates": [
          [
            9.1248067,
            47.1403981
          ],
          [
            9.1248151,
            47.1404043
          ],
          [
            9.124809,
            47.1404237
          ],
          [
            9.1248522,
            47.1404371
          ]
        ]
      },
      "id": "way/1279733507"
    },
    {
      "type": "Feature",
      "properties": {
        "@id": "way/1279737954",
        "highway": "via_ferrata",
        "incline": "down",
        "ladder": "yes",
        "level": "1"
      },
      "geometry": {
        "type": "LineString",
        "coordinates": [
          [
            9.1230398,
            47.1413058
          ],
          [
            9.1231363,
            47.1412606
          ],
          [
            9.1231363,
            47.1412419
          ]
        ]
      },
      "id": "way/1279737954"
    },
    {
      "type": "Feature",
      "properties": {
        "@id": "way/1287309683",
        "access": "no",
        "foot": "yes",
        "highway": "via_ferrata",
        "incline": "30%",
        "oneway": "no",
        "sac_scale": "alpine_hiking",
        "via_ferrata_scale": "2"
      },
      "geometry": {
        "type": "LineString",
        "coordinates": [
          [
            8.9795627,
            46.9590518
          ],
          [
            8.9796008,
            46.9590476
          ],
          [
            8.9796372,
            46.9590142
          ],
          [
            8.9796933,
            46.9590084
          ],
          [
            8.9796937,
            46.9592263
          ],
          [
            8.9797945,
            46.9592522
          ],
          [
            8.9798302,
            46.9594531
          ],
          [
            8.9799059,
            46.9595282
          ],
          [
            8.97994,
            46.9596016
          ],
          [
            8.9799059,
            46.9596192
          ],
          [
            8.9801042,
            46.9596413
          ],
          [
            8.980182,
            46.9596863
          ],
          [
            8.9802768,
            46.9597022
          ],
          [
            8.9803959,
            46.9596873
          ],
          [
            8.9804904,
            46.959733
          ],
          [
            8.9806031,
            46.9597403
          ],
          [
            8.980713,
            46.9597641
          ],
          [
            8.9808071,
            46.9598054
          ],
          [
            8.9810269,
            46.959809
          ],
          [
            8.9810872,
            46.9598355
          ],
          [
            8.9812709,
            46.9599975
          ],
          [
            8.9813259,
            46.9600387
          ],
          [
            8.9814493,
            46.9600735
          ],
          [
            8.9815633,
            46.9601211
          ],
          [
            8.9816719,
            46.9601687
          ],
          [
            8.9817484,
            46.9602025
          ],
          [
            8.9817757,
            46.9602059
          ]
        ]
      },
      "id": "way/1287309683"
    },
    {
      "type": "Feature",
      "properties": {
        "@id": "way/1289458751",
        "highway": "via_ferrata",
        "name": "Klettersteig Baltschieder"
      },
      "geometry": {
        "type": "LineString",
        "coordinates": [
          [
            7.8710665,
            46.3480676
          ],
          [
            7.8709743,
            46.3479513
          ],
          [
            7.8702095,
            46.3484838
          ],
          [
            7.8694381,
            46.3488104
          ],
          [
            7.8692307,
            46.3485822
          ],
          [
            7.8688612,
            46.3487388
          ],
          [
            7.8682714,
            46.3486448
          ],
          [
            7.8674482,
            46.3482556
          ],
          [
            7.8666315,
            46.3484838
          ],
          [
            7.866074,
            46.3483182
          ],
          [
            7.8651536,
            46.3482466
          ],
          [
            7.8644277,
            46.3479826
          ],
          [
            7.8636758,
            46.3478529
          ],
          [
            7.8633841,
            46.3476471
          ],
          [
            7.8632885,
            46.347741
          ]
        ]
      },
      "id": "way/1289458751"
    },
    {
      "type": "Feature",
      "properties": {
        "@id": "way/1291578251",
        "highway": "via_ferrata",
        "name": "Klettersteig Varner Leitern",
        "sac_scale": "3",
        "via_ferrata_scale": "2"
      },
      "geometry": {
        "type": "LineString",
        "coordinates": [
          [
            7.6204407,
            46.3289698
          ],
          [
            7.6203609,
            46.3288346
          ],
          [
            7.6205584,
            46.3287712
          ],
          [
            7.6207605,
            46.328722
          ],
          [
            7.6209098,
            46.3287061
          ],
          [
            7.6210227,
            46.3287123
          ]
        ]
      },
      "id": "way/1291578251"
    },
    {
      "type": "Feature",
      "properties": {
        "@id": "way/1292709123",
        "highway": "via_ferrata",
        "name": "Route C",
        "sac_scale": "alpine_hiking",
        "via_ferrata_scale": "3"
      },
      "geometry": {
        "type": "LineString",
        "coordinates": [
          [
            7.7432788,
            46.0254534
          ],
          [
            7.7433123,
            46.0264514
          ],
          [
            7.7436206,
            46.0265301
          ],
          [
            7.7436986,
            46.0266281
          ],
          [
            7.7437911,
            46.0266681
          ],
          [
            7.7438705,
            46.0267508
          ],
          [
            7.744011,
            46.0267662
          ],
          [
            7.7441555,
            46.0269178
          ],
          [
            7.7443768,
            46.0269928
          ],
          [
            7.7444296,
            46.0270612
          ],
          [
            7.7443329,
            46.0271399
          ],
          [
            7.7442155,
            46.0271238
          ],
          [
            7.7441933,
            46.0272113
          ],
          [
            7.7441424,
            46.0273137
          ],
          [
            7.7440657,
            46.0274778
          ],
          [
            7.7441154,
            46.0277136
          ],
          [
            7.7449158,
            46.028281
          ],
          [
            7.7454613,
            46.0289426
          ],
          [
            7.7458876,
            46.0292648
          ],
          [
            7.7459942,
            46.0293799
          ],
          [
            7.7459817,
            46.0296217
          ],
          [
            7.7460403,
            46.029828
          ],
          [
            7.7462958,
            46.0299442
          ],
          [
            7.7463647,
            46.0300056
          ],
          [
            7.7463381,
            46.0300123
          ],
          [
            7.7462641,
            46.0300113
          ],
          [
            7.7461918,
            46.0300298
          ],
          [
            7.7462281,
            46.0300602
          ],
          [
            7.7461526,
            46.0301755
          ],
          [
            7.7460927,
            46.0301628
          ],
          [
            7.7460593,
            46.0301828
          ],
          [
            7.7460145,
            46.0301672
          ],
          [
            7.7459803,
            46.0301907
          ],
          [
            7.7459661,
            46.0302853
          ],
          [
            7.7459464,
            46.0303309
          ],
          [
            7.7458354,
            46.0303838
          ],
          [
            7.7457627,
            46.0304406
          ],
          [
            7.7457099,
            46.0305565
          ],
          [
            7.7457485,
            46.0305817
          ],
          [
            7.7456659,
            46.030708
          ],
          [
            7.7457121,
            46.031067
          ],
          [
            7.745947,
            46.0318847
          ]
        ]
      },
      "id": "way/1292709123"
    },
    {
      "type": "Feature",
      "properties": {
        "@id": "way/1293031185",
        "fixme": "check the exact path",
        "highway": "via_ferrata",
        "informal": "no",
        "name": "Route A",
        "sac_scale": "alpine_hiking",
        "via_ferrata_scale": "1"
      },
      "geometry": {
        "type": "LineString",
        "coordinates": [
          [
            7.7418816,
            46.0237684
          ],
          [
            7.7416894,
            46.0237342
          ],
          [
            7.7416009,
            46.0237091
          ],
          [
            7.7415424,
            46.0237183
          ],
          [
            7.7415648,
            46.0237559
          ],
          [
            7.7414726,
            46.0237308
          ],
          [
            7.7413838,
            46.0236964
          ],
          [
            7.7413006,
            46.0236588
          ],
          [
            7.7412283,
            46.0235977
          ],
          [
            7.741216,
            46.0235327
          ],
          [
            7.7411775,
            46.023489
          ],
          [
            7.7411362,
            46.0234436
          ],
          [
            7.7410696,
            46.0233977
          ],
          [
            7.740989,
            46.0233164
          ],
          [
            7.7409165,
            46.023267
          ],
          [
            7.7408806,
            46.023278
          ],
          [
            7.7407652,
            46.0234284
          ],
          [
            7.7407335,
            46.0234724
          ],
          [
            7.7406993,
            46.0235146
          ],
          [
            7.7406587,
            46.0235057
          ],
          [
            7.7406234,
            46.0235584
          ],
          [
            7.7406412,
            46.0236148
          ],
          [
            7.7406638,
            46.0236891
          ],
          [
            7.7407271,
            46.0237604
          ],
          [
            7.7408007,
            46.0238672
          ],
          [
            7.7408807,
            46.0239103
          ],
          [
            7.7409482,
            46.0239787
          ],
          [
            7.7410825,
            46.0240234
          ],
          [
            7.7411774,
            46.024086
          ],
          [
            7.7413063,
            46.0240953
          ],
          [
            7.7413241,
            46.0241204
          ],
          [
            7.7413834,
            46.0241239
          ],
          [
            7.7413804,
            46.0241996
          ],
          [
            7.741485,
            46.0242576
          ],
          [
            7.7415934,
            46.0243001
          ],
          [
            7.7417378,
            46.0243367
          ],
          [
            7.7417516,
            46.024382
          ],
          [
            7.7418413,
            46.0244267
          ],
          [
            7.7419442,
            46.024492
          ],
          [
            7.742034,
            46.0245639
          ],
          [
            7.7421187,
            46.0246165
          ],
          [
            7.74214,
            46.0246669
          ],
          [
            7.7422544,
            46.0247384
          ],
          [
            7.7423373,
            46.0247777
          ],
          [
            7.7424181,
            46.0248001
          ],
          [
            7.7424633,
            46.0247791
          ],
          [
            7.7425546,
            46.0248488
          ],
          [
            7.7426434,
            46.0248933
          ],
          [
            7.7426944,
            46.024927
          ],
          [
            7.7426955,
            46.0249721
          ],
          [
            7.7427577,
            46.0250296
          ],
          [
            7.7428393,
            46.0250726
          ],
          [
            7.7429107,
            46.0250635
          ],
          [
            7.7430097,
            46.0250295
          ],
          [
            7.7431106,
            46.0250241
          ],
          [
            7.7432162,
            46.0250534
          ],
          [
            7.7432746,
            46.0251306
          ],
          [
            7.7434364,
            46.0251576
          ],
          [
            7.743554,
            46.0252203
          ],
          [
            7.7436411,
            46.0252511
          ],
          [
            7.7437393,
            46.0253242
          ],
          [
            7.7438974,
            46.0254254
          ],
          [
            7.7440535,
            46.0254776
          ],
          [
            7.7433559,
            46.0242524
          ]
        ]
      },
      "id": "way/1293031185"
    },
    {
      "type": "Feature",
      "properties": {
        "@id": "way/1294080592",
        "fixme": "check the exact path",
        "highway": "via_ferrata",
        "informal": "no",
        "name": "Route B",
        "sac_scale": "alpine_hiking",
        "via_ferrata_scale": "2"
      },
      "geometry": {
        "type": "LineString",
        "coordinates": [
          [
            7.7423373,
            46.0247777
          ],
          [
            7.7423021,
            46.0248109
          ],
          [
            7.7432788,
            46.0254534
          ],
          [
            7.7422966,
            46.0253463
          ],
          [
            7.7418372,
            46.0250029
          ],
          [
            7.7401692,
            46.0237211
          ],
          [
            7.7401025,
            46.0236486
          ],
          [
            7.7402212,
            46.0235756
          ],
          [
            7.7404387,
            46.0236675
          ],
          [
            7.740527,
            46.0236801
          ],
          [
            7.7406412,
            46.0236148
          ]
        ]
      },
      "id": "way/1294080592"
    },
    {
      "type": "Feature",
      "properties": {
        "@id": "way/1302830411",
        "highway": "via_ferrata",
        "via_ferrata_scale": "4"
      },
      "geometry": {
        "type": "LineString",
        "coordinates": [
          [
            8.7171955,
            46.9120506
          ],
          [
            8.7171662,
            46.9118919
          ],
          [
            8.7173384,
            46.9117315
          ],
          [
            8.7172498,
            46.9115582
          ],
          [
            8.7172427,
            46.9113768
          ]
        ]
      },
      "id": "way/1302830411"
    },
    {
      "type": "Feature",
      "properties": {
        "@id": "way/1305458682",
        "highway": "via_ferrata",
        "rungs": "yes"
      },
      "geometry": {
        "type": "LineString",
        "coordinates": [
          [
            7.3129015,
            46.2988469
          ],
          [
            7.3128397,
            46.2988944
          ],
          [
            7.3124928,
            46.2990344
          ]
        ]
      },
      "id": "way/1305458682"
    },
    {
      "type": "Feature",
      "properties": {
        "@id": "way/1306401253",
        "bicycle": "no",
        "highway": "via_ferrata",
        "horse": "no",
        "name": "Brunnethornweg",
        "sac_scale": "demanding_alpine_hiking",
        "surface": "ground",
        "trail_visibility": "good"
      },
      "geometry": {
        "type": "LineString",
        "coordinates": [
          [
            7.6669617,
            46.2547104
          ],
          [
            7.6669056,
            46.2546886
          ],
          [
            7.666966,
            46.2546021
          ],
          [
            7.6669618,
            46.2545483
          ],
          [
            7.6669369,
            46.2545335
          ]
        ]
      },
      "id": "way/1306401253"
    },
    {
      "type": "Feature",
      "properties": {
        "@id": "way/1307899549",
        "highway": "via_ferrata",
        "name": "Rock Metal Climbing (B/C)",
        "sac_scale": "difficult_alpine_hiking"
      },
      "geometry": {
        "type": "LineString",
        "coordinates": [
          [
            7.9145147,
            46.4536986
          ],
          [
            7.9144562,
            46.4537206
          ],
          [
            7.9144521,
            46.4537603
          ],
          [
            7.9143943,
            46.4537942
          ],
          [
            7.9144065,
            46.4538421
          ],
          [
            7.9143708,
            46.4539022
          ],
          [
            7.9142986,
            46.4539573
          ],
          [
            7.9143539,
            46.4539872
          ],
          [
            7.9143172,
            46.4540143
          ],
          [
            7.9143243,
            46.4540693
          ],
          [
            7.9143095,
            46.4541338
          ],
          [
            7.914304,
            46.4542087
          ],
          [
            7.9142768,
            46.4542621
          ],
          [
            7.9143484,
            46.4543158
          ],
          [
            7.9143759,
            46.4543645
          ],
          [
            7.914382,
            46.4543982
          ],
          [
            7.9143793,
            46.4544726
          ],
          [
            7.9144248,
            46.4544915
          ],
          [
            7.9144348,
            46.4545725
          ],
          [
            7.9144061,
            46.4546504
          ],
          [
            7.914383,
            46.4547355
          ],
          [
            7.9144005,
            46.4548139
          ],
          [
            7.9143676,
            46.4548615
          ],
          [
            7.9143774,
            46.4549107
          ],
          [
            7.9143797,
            46.4549688
          ]
        ]
      },
      "id": "way/1307899549"
    },
    {
      "type": "Feature",
      "properties": {
        "@id": "way/1307900074",
        "highway": "via_ferrata",
        "name": "Rock Metal Climbing (B/C)",
        "sac_scale": "difficult_alpine_hiking"
      },
      "geometry": {
        "type": "LineString",
        "coordinates": [
          [
            7.9147598,
            46.453336
          ],
          [
            7.914809,
            46.4534493
          ],
          [
            7.9147148,
            46.4534892
          ],
          [
            7.9146052,
            46.4534706
          ],
          [
            7.9145602,
            46.4535263
          ],
          [
            7.9144894,
            46.4535112
          ]
        ]
      },
      "id": "way/1307900074"
    },
    {
      "type": "Feature",
      "properties": {
        "@id": "way/1307900075",
        "bridge": "yes",
        "bridge:structure": "simple-suspension",
        "highway": "via_ferrata",
        "layer": "1",
        "name": "Seilbrücke (B/C)",
        "sac_scale": "difficult_alpine_hiking"
      },
      "geometry": {
        "type": "LineString",
        "coordinates": [
          [
            7.9144894,
            46.4535112
          ],
          [
            7.9145147,
            46.4536986
          ]
        ]
      },
      "id": "way/1307900075"
    },
    {
      "type": "Feature",
      "properties": {
        "@id": "way/1310659123",
        "highway": "via_ferrata",
        "sac_scale": "alpine_hiking",
        "source": "survey;gps;https://www.sac-cas.ch/fr/cabanes-et-courses/portail-des-courses-du-cas/almagellerhorn-27/randonnee-en-montagne/",
        "visibility": "excellent"
      },
      "geometry": {
        "type": "LineString",
        "coordinates": [
          [
            7.9829153,
            46.0828911
          ],
          [
            7.9829491,
            46.0829818
          ],
          [
            7.9832633,
            46.0829283
          ],
          [
            7.9834381,
            46.0829304
          ],
          [
            7.9834974,
            46.082879
          ],
          [
            7.9836812,
            46.0828893
          ],
          [
            7.9837434,
            46.0828523
          ],
          [
            7.9839538,
            46.0829448
          ],
          [
            7.9841643,
            46.0829448
          ],
          [
            7.9842443,
            46.0829715
          ],
          [
            7.9844369,
            46.0829366
          ],
          [
            7.9845762,
            46.0830291
          ],
          [
            7.9847303,
            46.0829941
          ]
        ]
      },
      "id": "way/1310659123"
    },
    {
      "type": "Feature",
      "properties": {
        "@id": "way/1310911816",
        "bridge": "yes",
        "highway": "via_ferrata",
        "name": "Zitterpartie Klettersteig",
        "via_ferrata_scale": "k5"
      },
      "geometry": {
        "type": "LineString",
        "coordinates": [
          [
            7.9719354,
            46.1526976
          ],
          [
            7.9714955,
            46.151866
          ]
        ]
      },
      "id": "way/1310911816"
    },
    {
      "type": "Feature",
      "properties": {
        "@id": "way/1310911817",
        "highway": "via_ferrata",
        "name": "Zitterpartie Klettersteig",
        "via_ferrata_scale": "k5"
      },
      "geometry": {
        "type": "LineString",
        "coordinates": [
          [
            7.9717367,
            46.1527708
          ],
          [
            7.9717217,
            46.1527588
          ],
          [
            7.9719354,
            46.1526976
          ]
        ]
      },
      "id": "way/1310911817"
    },
    {
      "type": "Feature",
      "properties": {
        "@id": "way/1310911818",
        "highway": "via_ferrata",
        "name": "Zitterpartie Klettersteig",
        "via_ferrata_scale": "k5"
      },
      "geometry": {
        "type": "LineString",
        "coordinates": [
          [
            7.9714955,
            46.151866
          ],
          [
            7.9713408,
            46.1519197
          ],
          [
            7.9711771,
            46.1519231
          ],
          [
            7.9711351,
            46.1519885
          ]
        ]
      },
      "id": "way/1310911818"
    },
    {
      "type": "Feature",
      "properties": {
        "@id": "way/1311586622",
        "highway": "via_ferrata",
        "name": "Via Ferrata de Tière",
        "oneway": "yes",
        "via_ferrata_scale": "4"
      },
      "geometry": {
        "type": "LineString",
        "coordinates": [
          [
            6.8848642,
            46.1770734
          ],
          [
            6.8846432,
            46.1772333
          ],
          [
            6.8844986,
            46.177304
          ],
          [
            6.8844017,
            46.177373
          ],
          [
            6.8844449,
            46.1773809
          ],
          [
            6.884517,
            46.1773485
          ],
          [
            6.8845833,
            46.1773385
          ],
          [
            6.8848072,
            46.1772586
          ]
        ]
      },
      "id": "way/1311586622"
    },
    {
      "type": "Feature",
      "properties": {
        "@id": "way/1311586623",
        "highway": "via_ferrata",
        "name": "Via Ferrata de Tière",
        "oneway": "yes",
        "via_ferrata_scale": "4"
      },
      "geometry": {
        "type": "LineString",
        "coordinates": [
          [
            6.8850351,
            46.1767737
          ],
          [
            6.8850136,
            46.1768226
          ],
          [
            6.8848642,
            46.1770734
          ]
        ]
      },
      "id": "way/1311586623"
    },
    {
      "type": "Feature",
      "properties": {
        "@id": "way/1311586624",
        "bridge": "yes",
        "highway": "via_ferrata",
        "name": "Via Ferrata de Tière",
        "oneway": "yes",
        "via_ferrata_scale": "4"
      },
      "geometry": {
        "type": "LineString",
        "coordinates": [
          [
            6.8847966,
            46.1768367
          ],
          [
            6.884776,
            46.1768123
          ]
        ]
      },
      "id": "way/1311586624"
    },
    {
      "type": "Feature",
      "properties": {
        "@id": "way/1311586625",
        "highway": "via_ferrata",
        "name": "Via Ferrata de Tière",
        "oneway": "yes",
        "via_ferrata_scale": "4"
      },
      "geometry": {
        "type": "LineString",
        "coordinates": [
          [
            6.884776,
            46.1768123
          ],
          [
            6.8848445,
            46.1767809
          ],
          [
            6.8849106,
            46.1767594
          ],
          [
            6.8850204,
            46.1767328
          ]
        ]
      },
      "id": "way/1311586625"
    },
    {
      "type": "Feature",
      "properties": {
        "@id": "way/1311586626",
        "bridge": "yes",
        "highway": "via_ferrata",
        "name": "Via Ferrata de Tière",
        "oneway": "yes",
        "via_ferrata_scale": "4"
      },
      "geometry": {
        "type": "LineString",
        "coordinates": [
          [
            6.8850204,
            46.1767328
          ],
          [
            6.8850351,
            46.1767737
          ]
        ]
      },
      "id": "way/1311586626"
    },
    {
      "type": "Feature",
      "properties": {
        "@id": "way/1311816824",
        "highway": "via_ferrata",
        "name": "Via ferrata du Belvédère: Troisième Partie",
        "oneway": "yes",
        "via_ferrata_scale": "2"
      },
      "geometry": {
        "type": "LineString",
        "coordinates": [
          [
            7.4207769,
            46.2249326
          ],
          [
            7.4207195,
            46.2249682
          ],
          [
            7.4207051,
            46.2250602
          ],
          [
            7.420805,
            46.225183
          ],
          [
            7.4207653,
            46.2253372
          ],
          [
            7.420813,
            46.2253512
          ],
          [
            7.420819,
            46.2254603
          ],
          [
            7.4207429,
            46.2255607
          ],
          [
            7.4207583,
            46.2256465
          ],
          [
            7.4206856,
            46.2256806
          ],
          [
            7.4205858,
            46.2257415
          ],
          [
            7.4206251,
            46.2257541
          ],
          [
            7.4206519,
            46.2257614
          ],
          [
            7.4206671,
            46.2257731
          ],
          [
            7.4206693,
            46.2257822
          ],
          [
            7.4206714,
            46.2257904
          ]
        ]
      },
      "id": "way/1311816824"
    },
    {
      "type": "Feature",
      "properties": {
        "@id": "way/1311816838",
        "highway": "via_ferrata",
        "name": "Via ferrata du Belvédère: Deuxième Partie",
        "oneway": "yes",
        "via_ferrata_scale": "4"
      },
      "geometry": {
        "type": "LineString",
        "coordinates": [
          [
            7.4207701,
            46.2248338
          ],
          [
            7.4207846,
            46.224882
          ],
          [
            7.4207769,
            46.2249326
          ]
        ]
      },
      "id": "way/1311816838"
    },
    {
      "type": "Feature",
      "properties": {
        "@id": "way/1312876728",
        "access:conditional": "yes @ (Jun-Sept; Oct 1-Oct Fr[1]; Fr[1]); no @ wet",
        "highway": "via_ferrata",
        "name": "Via Konst",
        "sport": "via_ferrata",
        "toll": "no",
        "via_ferrata_scale": "5",
        "website": "https://www.viaferrata-leukerbad.ch/klettersteig-daubenhorn",
        "wheelchair": "no"
      },
      "geometry": {
        "type": "LineString",
        "coordinates": [
          [
            7.6057389,
            46.3861691
          ],
          [
            7.6056477,
            46.3862209
          ],
          [
            7.6056021,
            46.3862755
          ],
          [
            7.6055284,
            46.3863809
          ],
          [
            7.6054654,
            46.3864373
          ],
          [
            7.6053715,
            46.386454
          ],
          [
            7.6052075,
            46.3865124
          ]
        ]
      },
      "id": "way/1312876728"
    },
    {
      "type": "Feature",
      "properties": {
        "@id": "way/1314450396",
        "foot": "yes",
        "highway": "via_ferrata",
        "name": "Via Ferrata La Resgia",
        "via_ferrata_scale": "3"
      },
      "geometry": {
        "type": "LineString",
        "coordinates": [
          [
            9.9249991,
            46.4868318
          ],
          [
            9.9249979,
            46.4868653
          ],
          [
            9.9249097,
            46.4868721
          ],
          [
            9.9248887,
            46.4869686
          ],
          [
            9.9247972,
            46.4869944
          ],
          [
            9.9248402,
            46.4870741
          ],
          [
            9.9249361,
            46.4870787
          ],
          [
            9.9250939,
            46.4870559
          ],
          [
            9.925192,
            46.4869891
          ],
          [
            9.9252582,
            46.4869997
          ],
          [
            9.9252962,
            46.4869912
          ],
          [
            9.9253241,
            46.4870199
          ],
          [
            9.9253023,
            46.4870982
          ],
          [
            9.9253328,
            46.4871271
          ],
          [
            9.9253336,
            46.4871751
          ],
          [
            9.925223,
            46.4872496
          ],
          [
            9.9251412,
            46.4872721
          ],
          [
            9.9251325,
            46.4873354
          ],
          [
            9.9251468,
            46.4873574
          ],
          [
            9.925052,
            46.4873711
          ],
          [
            9.9249199,
            46.4874707
          ]
        ]
      },
      "id": "way/1314450396"
    },
    {
      "type": "Feature",
      "properties": {
        "@id": "way/1317404411",
        "highway": "via_ferrata",
        "name": "Ferrata training"
      },
      "geometry": {
        "type": "LineString",
        "coordinates": [
          [
            7.2051151,
            46.4600161
          ],
          [
            7.2051023,
            46.4600543
          ],
          [
            7.2051309,
            46.4601083
          ],
          [
            7.205126,
            46.4601427
          ],
          [
            7.2051467,
            46.4601728
          ],
          [
            7.2052106,
            46.4601984
          ],
          [
            7.2052848,
            46.4602105
          ],
          [
            7.2053432,
            46.4602357
          ],
          [
            7.2053754,
            46.4602566
          ],
          [
            7.2054094,
            46.4602713
          ]
        ]
      },
      "id": "way/1317404411"
    },
    {
      "type": "Feature",
      "properties": {
        "@id": "way/1317407955",
        "highway": "via_ferrata"
      },
      "geometry": {
        "type": "LineString",
        "coordinates": [
          [
            7.2081237,
            46.4614756
          ],
          [
            7.2081711,
            46.4615752
          ],
          [
            7.2081979,
            46.4617002
          ],
          [
            7.2081654,
            46.4617595
          ],
          [
            7.2082018,
            46.461779
          ],
          [
            7.2082746,
            46.4617767
          ],
          [
            7.208405,
            46.4618085
          ],
          [
            7.2085742,
            46.4618624
          ]
        ]
      },
      "id": "way/1317407955"
    },
    {
      "type": "Feature",
      "properties": {
        "@id": "way/1317407956",
        "highway": "via_ferrata",
        "oneway": "yes"
      },
      "geometry": {
        "type": "LineString",
        "coordinates": [
          [
            7.2079815,
            46.4613047
          ],
          [
            7.2079142,
            46.4612946
          ],
          [
            7.2078956,
            46.4613
          ],
          [
            7.2078921,
            46.4613189
          ],
          [
            7.2079218,
            46.4613559
          ],
          [
            7.2079655,
            46.4613865
          ],
          [
            7.2079921,
            46.4614539
          ],
          [
            7.2080507,
            46.4614693
          ],
          [
            7.2081237,
            46.4614756
          ]
        ]
      },
      "id": "way/1317407956"
    },
    {
      "type": "Feature",
      "properties": {
        "@id": "way/1317407957",
        "highway": "via_ferrata",
        "oneway": "yes"
      },
      "geometry": {
        "type": "LineString",
        "coordinates": [
          [
            7.2081237,
            46.4614756
          ],
          [
            7.2081607,
            46.4614632
          ],
          [
            7.2081558,
            46.461447
          ],
          [
            7.2081208,
            46.4614394
          ],
          [
            7.2080698,
            46.4613908
          ],
          [
            7.2080667,
            46.4613691
          ],
          [
            7.2080476,
            46.4613551
          ],
          [
            7.2079913,
            46.4613352
          ],
          [
            7.207978,
            46.46132
          ],
          [
            7.2079815,
            46.4613047
          ]
        ]
      },
      "id": "way/1317407957"
    },
    {
      "type": "Feature",
      "properties": {
        "@id": "way/1323417858",
        "highway": "via_ferrata",
        "name": "Klettersteig Kandersteg-Allmenalp",
        "via_ferrata_scale": "2+"
      },
      "geometry": {
        "type": "LineString",
        "coordinates": [
          [
            7.656277,
            46.4914746
          ],
          [
            7.6562199,
            46.4914873
          ],
          [
            7.6561666,
            46.4914437
          ]
        ]
      },
      "id": "way/1323417858"
    },
    {
      "type": "Feature",
      "properties": {
        "@id": "way/1355338554",
        "highway": "via_ferrata",
        "name": "Hexensteig",
        "website": "https://silenen.ch/tourismus/ausfluege-freizeit/wandern-ausfluege/chilcherberge-hexensteig"
      },
      "geometry": {
        "type": "LineString",
        "coordinates": [
          [
            8.6936456,
            46.7997785
          ],
          [
            8.6938441,
            46.8000246
          ]
        ]
      },
      "id": "way/1355338554"
    },
    {
      "type": "Feature",
      "properties": {
        "@id": "way/1383052676",
        "bicycle": "no",
        "fixme": "Check if these ways really exist and correct the tags (there is a fence/handrail around the whole platform)",
        "foot": "yes",
        "highway": "via_ferrata",
        "incline": "120%",
        "sac_scale": "demanding_alpine_hiking",
        "safety_rope": "yes",
        "trail_visibility": "good",
        "width": "0.3"
      },
      "geometry": {
        "type": "LineString",
        "coordinates": [
          [
            8.4920871,
            47.349492
          ],
          [
            8.4920784,
            47.3494899
          ]
        ]
      },
      "id": "way/1383052676"
    },
    {
      "type": "Feature",
      "properties": {
        "@id": "way/1410978734",
        "highway": "via_ferrata",
        "via_ferrata_scale": "2"
      },
      "geometry": {
        "type": "LineString",
        "coordinates": [
          [
            7.267043,
            46.3491059
          ],
          [
            7.2672723,
            46.3490586
          ],
          [
            7.2674493,
            46.3490272
          ],
          [
            7.2675835,
            46.3490318
          ],
          [
            7.2677484,
            46.3490383
          ]
        ]
      },
      "id": "way/1410978734"
    },
    {
      "type": "Feature",
      "properties": {
        "@id": "way/1415723186",
        "highway": "via_ferrata"
      },
      "geometry": {
        "type": "LineString",
        "coordinates": [
          [
            8.483888,
            46.937026
          ],
          [
            8.4838404,
            46.9370801
          ],
          [
            8.4838789,
            46.9370944
          ],
          [
            8.4839384,
            46.937053
          ],
          [
            8.4841276,
            46.9370817
          ],
          [
            8.484479,
            46.9372451
          ],
          [
            8.4845012,
            46.937277
          ],
          [
            8.4844965,
            46.9373025
          ],
          [
            8.4845374,
            46.9372857
          ],
          [
            8.484549,
            46.9372124
          ],
          [
            8.4845992,
            46.9371
          ],
          [
            8.484556,
            46.9371048
          ],
          [
            8.4845201,
            46.937097
          ]
        ]
      },
      "id": "way/1415723186"
    },
    {
      "type": "Feature",
      "properties": {
        "@id": "way/1416149794",
        "highway": "via_ferrata",
        "via_ferrata_scale": "0"
      },
      "geometry": {
        "type": "LineString",
        "coordinates": [
          [
            8.9843235,
            46.9565583
          ],
          [
            8.9844498,
            46.9566496
          ],
          [
            8.9844923,
            46.9566519
          ],
          [
            8.9845166,
            46.9566198
          ],
          [
            8.9847081,
            46.9567039
          ],
          [
            8.9846789,
            46.9567073
          ],
          [
            8.9847096,
            46.9567158
          ],
          [
            8.9847309,
            46.9567023
          ],
          [
            8.9847141,
            46.956684
          ],
          [
            8.9848146,
            46.9567094
          ],
          [
            8.9848294,
            46.9566725
          ],
          [
            8.9847967,
            46.9566452
          ],
          [
            8.984673,
            46.9566202
          ],
          [
            8.9846096,
            46.9566387
          ]
        ]
      },
      "id": "way/1416149794"
    },
    {
      "type": "Feature",
      "properties": {
        "@id": "way/1421568918",
        "bridge": "yes",
        "highway": "via_ferrata",
        "name": "Zittergrat + Brunnistöckli",
        "note": "Klettersteig, tagging not yet clear, see http://wiki.openstreetmap.org/wiki/Talk:Proposed_features/via_ferrata",
        "oneway": "yes",
        "sac_scale": "alpine_hiking",
        "via_ferrata_scale": "2"
      },
      "geometry": {
        "type": "LineString",
        "coordinates": [
          [
            8.4134385,
            46.8416416
          ],
          [
            8.413586,
            46.8416437
          ]
        ]
      },
      "id": "way/1421568918"
    },
    {
      "type": "Feature",
      "properties": {
        "@id": "way/1421597221",
        "access": "customers",
        "highway": "via_ferrata",
        "material": "metal",
        "name": "Gorge Alpine Feeschlucht",
        "note": "Begehung ohne Bergführer untersagt"
      },
      "geometry": {
        "type": "LineString",
        "coordinates": [
          [
            7.9374531,
            46.1119783
          ],
          [
            7.9377353,
            46.1119128
          ],
          [
            7.9378904,
            46.1119002
          ],
          [
            7.9381545,
            46.1119397
          ],
          [
            7.9383084,
            46.1119641
          ]
        ]
      },
      "id": "way/1421597221"
    },
    {
      "type": "Feature",
      "properties": {
        "@id": "way/1421597222",
        "access": "customers",
        "highway": "via_ferrata",
        "name": "Gorge Alpine Feeschlucht",
        "note": "Begehung ohne Bergführer untersagt"
      },
      "geometry": {
        "type": "LineString",
        "coordinates": [
          [
            7.9352216,
            46.1095527
          ],
          [
            7.9355692,
            46.1100432
          ],
          [
            7.9358527,
            46.1102465
          ],
          [
            7.9361531,
            46.1105119
          ],
          [
            7.9363857,
            46.1108731
          ],
          [
            7.9365941,
            46.111209
          ],
          [
            7.9369733,
            46.1114022
          ]
        ]
      },
      "id": "way/1421597222"
    },
    {
      "type": "Feature",
      "properties": {
        "@id": "way/1421597223",
        "access": "customers",
        "bridge": "yes",
        "highway": "via_ferrata",
        "layer": "1",
        "material": "metal",
        "name": "Gorge Alpine Feeschlucht",
        "note": "Begehung ohne Bergführer untersagt"
      },
      "geometry": {
        "type": "LineString",
        "coordinates": [
          [
            7.9369733,
            46.1114022
          ],
          [
            7.9374531,
            46.1119783
          ]
        ]
      },
      "id": "way/1421597223"
    },
    {
      "type": "Feature",
      "properties": {
        "@id": "way/1429739480",
        "highway": "via_ferrata",
        "name": "Via Ferrata Rochers de Naye",
        "via_ferrata_scale": "4"
      },
      "geometry": {
        "type": "LineString",
        "coordinates": [
          [
            6.9807327,
            46.4360119
          ],
          [
            6.9808434,
            46.4360017
          ]
        ]
      },
      "id": "way/1429739480"
    },
    {
      "type": "Feature",
      "properties": {
        "@id": "way/1434327862",
        "access": "no",
        "bicycle": "no",
        "foot": "yes",
        "highway": "via_ferrata",
        "horse": "no",
        "name": "Klettersteig Braunwald / Eggstöcke Teil1",
        "oneway": "no",
        "sac_scale": "demanding_alpine_hiking",
        "trail_visibility": "excellent",
        "via_ferrata_scale": "3"
      },
      "geometry": {
        "type": "LineString",
        "coordinates": [
          [
            8.9830748,
            46.9600654
          ],
          [
            8.983046,
            46.9600623
          ],
          [
            8.9829658,
            46.9600481
          ],
          [
            8.9829776,
            46.9600037
          ],
          [
            8.9828267,
            46.9600297
          ],
          [
            8.9827561,
            46.9601028
          ],
          [
            8.9826697,
            46.9601891
          ],
          [
            8.9826055,
            46.9602308
          ],
          [
            8.9824586,
            46.9602405
          ],
          [
            8.9823193,
            46.9602582
          ],
          [
            8.9821614,
            46.9602136
          ],
          [
            8.9820781,
            46.9602018
          ],
          [
            8.981982,
            46.9602091
          ],
          [
            8.9817757,
            46.9602059
          ]
        ]
      },
      "id": "way/1434327862"
    },
    {
      "type": "Feature",
      "properties": {
        "@id": "way/1434327863",
        "access": "no",
        "bicycle": "no",
        "fixme": "verlauf ungenau",
        "foot": "yes",
        "highway": "via_ferrata",
        "horse": "no",
        "name": "Klettersteig Braunwald / Eggstöcke",
        "oneway": "yes",
        "trail_visibility": "excellent",
        "via_ferrata_scale": "5"
      },
      "geometry": {
        "type": "LineString",
        "coordinates": [
          [
            8.9834192,
            46.9598087
          ],
          [
            8.9830748,
            46.9600654
          ]
        ]
      },
      "id": "way/1434327863"
    },
    {
      "type": "Feature",
      "properties": {
        "@id": "way/1434327864",
        "access": "no",
        "bicycle": "no",
        "foot": "yes",
        "highway": "via_ferrata",
        "horse": "no",
        "name": "Klettersteig Braunwald / Eggstöcke Teil1",
        "oneway": "yes",
        "sac_scale": "demanding_alpine_hiking",
        "trail_visibility": "excellent",
        "via_ferrata_scale": "3"
      },
      "geometry": {
        "type": "LineString",
        "coordinates": [
          [
            8.9839591,
            46.9602699
          ],
          [
            8.9839427,
            46.9603076
          ],
          [
            8.9838617,
            46.9602871
          ],
          [
            8.9838519,
            46.9603246
          ],
          [
            8.9837552,
            46.9603333
          ],
          [
            8.983685,
            46.960348
          ],
          [
            8.9835946,
            46.9602725
          ],
          [
            8.9834337,
            46.960278
          ],
          [
            8.9833996,
            46.9602416
          ],
          [
            8.9834173,
            46.9601978
          ],
          [
            8.9833804,
            46.9601596
          ],
          [
            8.9833247,
            46.9601358
          ],
          [
            8.9832768,
            46.960153
          ],
          [
            8.9831989,
            46.9600784
          ],
          [
            8.9832058,
            46.9601269
          ],
          [
            8.9830639,
            46.9601089
          ],
          [
            8.9830748,
            46.9600654
          ]
        ]
      },
      "id": "way/1434327864"
    },
    {
      "type": "Feature",
      "properties": {
        "@id": "way/1434327865",
        "access": "no",
        "foot": "yes",
        "highway": "via_ferrata",
        "incline": "30%",
        "oneway": "no",
        "sac_scale": "alpine_hiking",
        "via_ferrata_scale": "3"
      },
      "geometry": {
        "type": "LineString",
        "coordinates": [
          [
            8.9800538,
            46.9588116
          ],
          [
            8.9800154,
            46.9588188
          ],
          [
            8.9798338,
            46.9588768
          ],
          [
            8.9797053,
            46.9589506
          ],
          [
            8.979465,
            46.9590311
          ],
          [
            8.9794792,
            46.9590455
          ],
          [
            8.9795507,
            46.9590208
          ],
          [
            8.9795814,
            46.9590144
          ],
          [
            8.9796006,
            46.9590202
          ],
          [
            8.9795627,
            46.9590518
          ]
        ]
      },
      "id": "way/1434327865"
    },
    {
      "type": "Feature",
      "properties": {
        "@id": "way/1434558903",
        "highway": "via_ferrata",
        "name": "Via Ferrata Rochers de Naye",
        "sport": "via_ferrata",
        "toll": "no",
        "via_ferrata_scale": "5",
        "wheelchair": "no"
      },
      "geometry": {
        "type": "LineString",
        "coordinates": [
          [
            6.9807376,
            46.4365313
          ],
          [
            6.9808872,
            46.436461
          ],
          [
            6.9810823,
            46.4364576
          ],
          [
            6.9810199,
            46.4363394
          ],
          [
            6.9808853,
            46.4362414
          ],
          [
            6.9808443,
            46.4361873
          ],
          [
            6.9808708,
            46.4361166
          ],
          [
            6.9807386,
            46.43607
          ],
          [
            6.9807327,
            46.4360119
          ]
        ]
      },
      "id": "way/1434558903"
    },
    {
      "type": "Feature",
      "properties": {
        "@id": "way/1442538805",
        "highway": "via_ferrata",
        "name": "Klettersteig Kandersteg-Allmenalp",
        "via_ferrata_scale": "3+"
      },
      "geometry": {
        "type": "LineString",
        "coordinates": [
          [
            7.6553572,
            46.4909764
          ],
          [
            7.655623,
            46.4909672
          ],
          [
            7.6557786,
            46.4909949
          ],
          [
            7.6557839,
            46.4911408
          ],
          [
            7.6558805,
            46.491174
          ],
          [
            7.6560602,
            46.491174
          ],
          [
            7.6561487,
            46.4912054
          ],
          [
            7.6561541,
            46.4912848
          ],
          [
            7.6559378,
            46.4913885
          ]
        ]
      },
      "id": "way/1442538805"
    },
    {
      "type": "Feature",
      "properties": {
        "@id": "way/1443052482",
        "bicycle": "no",
        "highway": "via_ferrata",
        "horse": "no",
        "name": "Adlerhorst",
        "oneway": "yes",
        "sac_scale": "demanding_mountain_hiking",
        "via_ferrata_scale": "2",
        "website": "https://uri.swiss/klettern/klettersteige-in-uri/klettersteig-adlerhorst-arni"
      },
      "geometry": {
        "type": "LineString",
        "coordinates": [
          [
            8.6392233,
            46.772276
          ],
          [
            8.6392038,
            46.7722995
          ],
          [
            8.6391968,
            46.7723167
          ],
          [
            8.6391205,
            46.7723195
          ],
          [
            8.639053,
            46.772325
          ],
          [
            8.6389604,
            46.7723278
          ],
          [
            8.6389223,
            46.7723144
          ],
          [
            8.6388561,
            46.7723103
          ],
          [
            8.638853,
            46.7722717
          ],
          [
            8.6387597,
            46.7722232
          ],
          [
            8.6386933,
            46.7721979
          ],
          [
            8.63865,
            46.7721698
          ]
        ]
      },
      "id": "way/1443052482"
    },
    {
      "type": "Feature",
      "properties": {
        "@id": "way/1443052484",
        "bicycle": "no",
        "highway": "via_ferrata",
        "horse": "no",
        "name": "Adlerhorst",
        "oneway": "yes",
        "sac_scale": "demanding_mountain_hiking",
        "via_ferrata_scale": "4-",
        "website": "https://uri.swiss/klettern/klettersteige-in-uri/klettersteig-adlerhorst-arni"
      },
      "geometry": {
        "type": "LineString",
        "coordinates": [
          [
            8.63865,
            46.7721698
          ],
          [
            8.6385469,
            46.7721475
          ],
          [
            8.638474,
            46.7721162
          ],
          [
            8.6383995,
            46.7721011
          ],
          [
            8.6383867,
            46.7721189
          ],
          [
            8.6383496,
            46.7721009
          ],
          [
            8.6383368,
            46.7721272
          ],
          [
            8.6383336,
            46.7721444
          ],
          [
            8.6382997,
            46.7721656
          ],
          [
            8.6382835,
            46.7721803
          ],
          [
            8.638241,
            46.7721748
          ],
          [
            8.6382396,
            46.7721942
          ]
        ]
      },
      "id": "way/1443052484"
    },
    {
      "type": "Feature",
      "properties": {
        "@id": "way/1443052486",
        "bicycle": "no",
        "highway": "via_ferrata",
        "horse": "no",
        "name": "Notausstieg",
        "oneway": "yes",
        "sac_scale": "demanding_mountain_hiking",
        "via_ferrata_scale": "1",
        "website": "https://uri.swiss/klettern/klettersteige-in-uri/klettersteig-adlerhorst-arni"
      },
      "geometry": {
        "type": "LineString",
        "coordinates": [
          [
            8.63865,
            46.7721698
          ],
          [
            8.6385925,
            46.7721294
          ],
          [
            8.6385808,
            46.7721208
          ],
          [
            8.6385358,
            46.7720877
          ],
          [
            8.6384473,
            46.7720627
          ],
          [
            8.6383315,
            46.7720295
          ],
          [
            8.6382801,
            46.7720162
          ],
          [
            8.6382507,
            46.7719867
          ]
        ]
      },
      "id": "way/1443052486"
    },
    {
      "type": "Feature",
      "properties": {
        "@id": "way/1455075841",
        "highway": "via_ferrata",
        "name": "Klettersteig Kandersteg-Allmenalp",
        "via_ferrata_scale": "2+"
      },
      "geometry": {
        "type": "LineString",
        "coordinates": [
          [
            7.6549441,
            46.4909869
          ],
          [
            7.6549602,
            46.4910783
          ],
          [
            7.6548899,
            46.4909975
          ]
        ]
      },
      "id": "way/1455075841"
    },
    {
      "type": "Feature",
      "properties": {
        "@id": "node/7699490736",
        "highway": "via_ferrata"
      },
      "geometry": {
        "type": "Point",
        "coordinates": [
          7.9656161,
          46.093512
        ]
      },
      "id": "node/7699490736"
    },
    {
      "type": "Feature",
      "properties": {
        "@id": "node/11861682687",
        "highway": "via_ferrata"
      },
      "geometry": {
        "type": "Point",
        "coordinates": [
          8.549778,
          46.9940425
        ]
      },
      "id": "node/11861682687"
    },
    {
      "type": "Feature",
      "properties": {
        "@id": "node/11861682688",
        "highway": "via_ferrata"
      },
      "geometry": {
        "type": "Point",
        "coordinates": [
          8.5498493,
          46.9940373
        ]
      },
      "id": "node/11861682688"
    },
    {
      "type": "Feature",
      "properties": {
        "@id": "node/13011973956",
        "highway": "via_ferrata",
        "name": "Via Ferrata des Gentianes: Edelweiss",
        "via_ferrata_scale": "2"
      },
      "geometry": {
        "type": "Point",
        "coordinates": [
          7.2963026,
          46.0872919
        ]
      },
      "id": "node/13011973956"
    }
  ]
}